s00000022946001,https://jpcampus.net/guide/capsule-hotels-etiquette
s00000022946001,https://jpcampus.net/guide/capsule-hotels-etiquette?lang=en
s00000022946001,https://jpcampus.net/guide/golden-week
s00000022946001,https://jpcampus.net/guide/golden-week?lang=en
s00000022946001,https://jpcampus.net/guide/onsen-etiquette
s00000022946001,https://jpcampus.net/guide/onsen-etiquette?lang=en
s00000022946001,https://jpcampus.net/guide/shinkansen-deals
s00000022946001,https://jpcampus.net/guide/shinkansen-deals?lang=en
s00000022946001,https://jpcampus.net/guide/student-travel-willerexpress
s00000022946001,https://jpcampus.net/guide/student-travel-willerexpress?lang=en
s00000022946001,https://jpcampus.net/guide/train-pass
s00000022946001,https://jpcampus.net/guide/train-pass?lang=en
s00000022946001,https://jpcampus.net/guide/transport-ic
s00000022946001,https://jpcampus.net/guide/transport-ic?lang=en
s00000022946001,https://jpcampus.net/guide/transport-seed
s00000022946001,https://jpcampus.net/guide/transport-seed?lang=en
s00000022946001,https://jpcampus.net/stay/akasaka_weekly_mansion
s00000022946001,https://jpcampus.net/stay/akasaka_weekly_mansion?lang=en
s00000022946001,https://jpcampus.net/stay/akasaka_weekly_mansion?lang=kr
s00000022946001,https://jpcampus.net/stay/borderless_meguro
s00000022946001,https://jpcampus.net/stay/borderless_meguro?lang=en
s00000022946001,https://jpcampus.net/stay/borderless_meguro?lang=kr
s00000022946001,https://jpcampus.net/stay/borderless_shinjuku
s00000022946001,https://jpcampus.net/stay/borderless_shinjuku?lang=en
s00000022946001,https://jpcampus.net/stay/borderless_shinjuku?lang=kr
s00000022946001,https://jpcampus.net/stay/citadines_shinjuku
s00000022946001,https://jpcampus.net/stay/citadines_shinjuku?lang=en
s00000022946001,https://jpcampus.net/stay/citadines_shinjuku?lang=kr
s00000022946001,https://jpcampus.net/stay/flexstay_shinjuku
s00000022946001,https://jpcampus.net/stay/flexstay_shinjuku?lang=en
s00000022946001,https://jpcampus.net/stay/flexstay_shinjuku?lang=kr
s00000022946001,https://jpcampus.net/stay/grids_akihabara
s00000022946001,https://jpcampus.net/stay/grids_akihabara?lang=en
s00000022946001,https://jpcampus.net/stay/grids_akihabara?lang=kr
s00000022946001,https://jpcampus.net/stay/guesthouse_wasabi_shinjuku
s00000022946001,https://jpcampus.net/stay/guesthouse_wasabi_shinjuku?lang=en
s00000022946001,https://jpcampus.net/stay/guesthouse_wasabi_shinjuku?lang=kr
s00000022946001,https://jpcampus.net/stay/khaosan_world_ninja
s00000022946001,https://jpcampus.net/stay/khaosan_world_ninja?lang=en
s00000022946001,https://jpcampus.net/stay/khaosan_world_ninja?lang=kr
s00000022946001,https://jpcampus.net/stay/leopalace_ikebukuro
s00000022946001,https://jpcampus.net/stay/leopalace_ikebukuro?lang=en
s00000022946001,https://jpcampus.net/stay/leopalace_ikebukuro?lang=kr
s00000022946001,https://jpcampus.net/stay/leopalace_kichijoji
s00000022946001,https://jpcampus.net/stay/leopalace_kichijoji?lang=en
s00000022946001,https://jpcampus.net/stay/leopalace_kichijoji?lang=kr
s00000022946001,https://jpcampus.net/stay/leopalace_machida
s00000022946001,https://jpcampus.net/stay/leopalace_machida?lang=en
s00000022946001,https://jpcampus.net/stay/leopalace_machida?lang=kr
s00000022946001,https://jpcampus.net/stay/leopalace_nakano
s00000022946001,https://jpcampus.net/stay/leopalace_nakano?lang=en
s00000022946001,https://jpcampus.net/stay/leopalace_nakano?lang=kr
s00000022946001,https://jpcampus.net/stay/leopalace_shinjuku_gyoen
s00000022946001,https://jpcampus.net/stay/leopalace_shinjuku_gyoen?lang=en
s00000022946001,https://jpcampus.net/stay/leopalace_shinjuku_gyoen?lang=kr
s00000022946001,https://jpcampus.net/stay/mansion_hayakawa_shibuya
s00000022946001,https://jpcampus.net/stay/mansion_hayakawa_shibuya?lang=en
s00000022946001,https://jpcampus.net/stay/mansion_hayakawa_shibuya?lang=kr
s00000022946001,https://jpcampus.net/stay/mustard_shimokitazawa
s00000022946001,https://jpcampus.net/stay/mustard_shimokitazawa?lang=en
s00000022946001,https://jpcampus.net/stay/mustard_shimokitazawa?lang=kr
s00000022946001,https://jpcampus.net/stay/neo_house_tokyo
s00000022946001,https://jpcampus.net/stay/neo_house_tokyo?lang=en
s00000022946001,https://jpcampus.net/stay/neo_house_tokyo?lang=kr
s00000022946001,https://jpcampus.net/stay/oakhouse_1007
s00000022946001,https://jpcampus.net/stay/oakhouse_1007?lang=en
s00000022946001,https://jpcampus.net/stay/oakhouse_1007?lang=kr
s00000022946001,https://jpcampus.net/stay/oakhouse_1008
s00000022946001,https://jpcampus.net/stay/oakhouse_1008?lang=en
s00000022946001,https://jpcampus.net/stay/oakhouse_1008?lang=kr
s00000022946001,https://jpcampus.net/stay/oakhouse_1009
s00000022946001,https://jpcampus.net/stay/oakhouse_1009?lang=en
s00000022946001,https://jpcampus.net/stay/oakhouse_1009?lang=kr
s00000022946001,https://jpcampus.net/stay/oakhouse_1030
s00000022946001,https://jpcampus.net/stay/oakhouse_1030?lang=en
s00000022946001,https://jpcampus.net/stay/oakhouse_1030?lang=kr
s00000022946001,https://jpcampus.net/stay/oakhouse_1040
s00000022946001,https://jpcampus.net/stay/oakhouse_1040?lang=en
s00000022946001,https://jpcampus.net/stay/oakhouse_1040?lang=kr
s00000022946001,https://jpcampus.net/stay/oakhouse_1048
s00000022946001,https://jpcampus.net/stay/oakhouse_1048?lang=en
s00000022946001,https://jpcampus.net/stay/oakhouse_1048?lang=kr
s00000022946001,https://jpcampus.net/stay/oakhouse_1050
s00000022946001,https://jpcampus.net/stay/oakhouse_1050?lang=en
s00000022946001,https://jpcampus.net/stay/oakhouse_1050?lang=kr
s00000022946001,https://jpcampus.net/stay/oakhouse_1051
s00000022946001,https://jpcampus.net/stay/oakhouse_1051?lang=en
s00000022946001,https://jpcampus.net/stay/oakhouse_1051?lang=kr
s00000022946001,https://jpcampus.net/stay/oakhouse_1080
s00000022946001,https://jpcampus.net/stay/oakhouse_1080?lang=en
s00000022946001,https://jpcampus.net/stay/oakhouse_1080?lang=kr
s00000022946001,https://jpcampus.net/stay/oakhouse_1116
s00000022946001,https://jpcampus.net/stay/oakhouse_1116?lang=en
s00000022946001,https://jpcampus.net/stay/oakhouse_1116?lang=kr
s00000022946001,https://jpcampus.net/stay/oakhouse_1121
s00000022946001,https://jpcampus.net/stay/oakhouse_1121?lang=en
s00000022946001,https://jpcampus.net/stay/oakhouse_1121?lang=kr
s00000022946001,https://jpcampus.net/stay/oakhouse_1122
s00000022946001,https://jpcampus.net/stay/oakhouse_1122?lang=en
s00000022946001,https://jpcampus.net/stay/oakhouse_1122?lang=kr
s00000022946001,https://jpcampus.net/stay/oakhouse_1129
s00000022946001,https://jpcampus.net/stay/oakhouse_1129?lang=en
s00000022946001,https://jpcampus.net/stay/oakhouse_1129?lang=kr
s00000022946001,https://jpcampus.net/stay/oakhouse_1134
s00000022946001,https://jpcampus.net/stay/oakhouse_1134?lang=en
s00000022946001,https://jpcampus.net/stay/oakhouse_1134?lang=kr
s00000022946001,https://jpcampus.net/stay/oakhouse_1137
s00000022946001,https://jpcampus.net/stay/oakhouse_1137?lang=en
s00000022946001,https://jpcampus.net/stay/oakhouse_1137?lang=kr
s00000022946001,https://jpcampus.net/stay/oakhouse_1139
s00000022946001,https://jpcampus.net/stay/oakhouse_1139?lang=en
s00000022946001,https://jpcampus.net/stay/oakhouse_1139?lang=kr
s00000022946001,https://jpcampus.net/stay/oakhouse_1142
s00000022946001,https://jpcampus.net/stay/oakhouse_1142?lang=en
s00000022946001,https://jpcampus.net/stay/oakhouse_1142?lang=kr
s00000022946001,https://jpcampus.net/stay/oakhouse_1149
s00000022946001,https://jpcampus.net/stay/oakhouse_1149?lang=en
s00000022946001,https://jpcampus.net/stay/oakhouse_1149?lang=kr
s00000022946001,https://jpcampus.net/stay/oakhouse_1150
s00000022946001,https://jpcampus.net/stay/oakhouse_1150?lang=en
s00000022946001,https://jpcampus.net/stay/oakhouse_1150?lang=kr
s00000022946001,https://jpcampus.net/stay/oakhouse_1151
s00000022946001,https://jpcampus.net/stay/oakhouse_1151?lang=en
s00000022946001,https://jpcampus.net/stay/oakhouse_1151?lang=kr
s00000022946001,https://jpcampus.net/stay/oakhouse_1152
s00000022946001,https://jpcampus.net/stay/oakhouse_1152?lang=en
s00000022946001,https://jpcampus.net/stay/oakhouse_1152?lang=kr
s00000022946001,https://jpcampus.net/stay/oakhouse_1156
s00000022946001,https://jpcampus.net/stay/oakhouse_1156?lang=en
s00000022946001,https://jpcampus.net/stay/oakhouse_1156?lang=kr
s00000022946001,https://jpcampus.net/stay/oakhouse_1157
s00000022946001,https://jpcampus.net/stay/oakhouse_1157?lang=en
s00000022946001,https://jpcampus.net/stay/oakhouse_1157?lang=kr
s00000022946001,https://jpcampus.net/stay/oakhouse_1161
s00000022946001,https://jpcampus.net/stay/oakhouse_1161?lang=en
s00000022946001,https://jpcampus.net/stay/oakhouse_1161?lang=kr
s00000022946001,https://jpcampus.net/stay/oakhouse_1164
s00000022946001,https://jpcampus.net/stay/oakhouse_1164?lang=en
s00000022946001,https://jpcampus.net/stay/oakhouse_1164?lang=kr
s00000022946001,https://jpcampus.net/stay/oakhouse_1166
s00000022946001,https://jpcampus.net/stay/oakhouse_1166?lang=en
s00000022946001,https://jpcampus.net/stay/oakhouse_1166?lang=kr
s00000022946001,https://jpcampus.net/stay/oakhouse_1168
s00000022946001,https://jpcampus.net/stay/oakhouse_1168?lang=en
s00000022946001,https://jpcampus.net/stay/oakhouse_1168?lang=kr
s00000022946001,https://jpcampus.net/stay/oakhouse_1169
s00000022946001,https://jpcampus.net/stay/oakhouse_1169?lang=en
s00000022946001,https://jpcampus.net/stay/oakhouse_1169?lang=kr
s00000022946001,https://jpcampus.net/stay/oakhouse_1172
s00000022946001,https://jpcampus.net/stay/oakhouse_1172?lang=en
s00000022946001,https://jpcampus.net/stay/oakhouse_1172?lang=kr
s00000022946001,https://jpcampus.net/stay/oakhouse_1174
s00000022946001,https://jpcampus.net/stay/oakhouse_1174?lang=en
s00000022946001,https://jpcampus.net/stay/oakhouse_1174?lang=kr
s00000022946001,https://jpcampus.net/stay/oakhouse_1177
s00000022946001,https://jpcampus.net/stay/oakhouse_1177?lang=en
s00000022946001,https://jpcampus.net/stay/oakhouse_1177?lang=kr
s00000022946001,https://jpcampus.net/stay/oakhouse_1179
s00000022946001,https://jpcampus.net/stay/oakhouse_1179?lang=en
s00000022946001,https://jpcampus.net/stay/oakhouse_1179?lang=kr
s00000022946001,https://jpcampus.net/stay/oakhouse_1181
s00000022946001,https://jpcampus.net/stay/oakhouse_1181?lang=en
s00000022946001,https://jpcampus.net/stay/oakhouse_1181?lang=kr
s00000022946001,https://jpcampus.net/stay/oakhouse_1185
s00000022946001,https://jpcampus.net/stay/oakhouse_1185?lang=en
s00000022946001,https://jpcampus.net/stay/oakhouse_1185?lang=kr
s00000022946001,https://jpcampus.net/stay/oakhouse_1186
s00000022946001,https://jpcampus.net/stay/oakhouse_1186?lang=en
s00000022946001,https://jpcampus.net/stay/oakhouse_1186?lang=kr
s00000022946001,https://jpcampus.net/stay/oakhouse_1188
s00000022946001,https://jpcampus.net/stay/oakhouse_1188?lang=en
s00000022946001,https://jpcampus.net/stay/oakhouse_1188?lang=kr
s00000022946001,https://jpcampus.net/stay/oakhouse_1190
s00000022946001,https://jpcampus.net/stay/oakhouse_1190?lang=en
s00000022946001,https://jpcampus.net/stay/oakhouse_1190?lang=kr
s00000022946001,https://jpcampus.net/stay/oakhouse_130
s00000022946001,https://jpcampus.net/stay/oakhouse_130?lang=en
s00000022946001,https://jpcampus.net/stay/oakhouse_130?lang=kr
s00000022946001,https://jpcampus.net/stay/oakhouse_131
s00000022946001,https://jpcampus.net/stay/oakhouse_131?lang=en
s00000022946001,https://jpcampus.net/stay/oakhouse_131?lang=kr
s00000022946001,https://jpcampus.net/stay/oakhouse_13936
s00000022946001,https://jpcampus.net/stay/oakhouse_13936?lang=en
s00000022946001,https://jpcampus.net/stay/oakhouse_13936?lang=kr
s00000022946001,https://jpcampus.net/stay/oakhouse_14495
s00000022946001,https://jpcampus.net/stay/oakhouse_14495?lang=en
s00000022946001,https://jpcampus.net/stay/oakhouse_14495?lang=kr
s00000022946001,https://jpcampus.net/stay/oakhouse_14500
s00000022946001,https://jpcampus.net/stay/oakhouse_14500?lang=en
s00000022946001,https://jpcampus.net/stay/oakhouse_14500?lang=kr
s00000022946001,https://jpcampus.net/stay/oakhouse_14503
s00000022946001,https://jpcampus.net/stay/oakhouse_14503?lang=en
s00000022946001,https://jpcampus.net/stay/oakhouse_14503?lang=kr
s00000022946001,https://jpcampus.net/stay/oakhouse_14504
s00000022946001,https://jpcampus.net/stay/oakhouse_14504?lang=en
s00000022946001,https://jpcampus.net/stay/oakhouse_14504?lang=kr
s00000022946001,https://jpcampus.net/stay/oakhouse_14532
s00000022946001,https://jpcampus.net/stay/oakhouse_14532?lang=en
s00000022946001,https://jpcampus.net/stay/oakhouse_14532?lang=kr
s00000022946001,https://jpcampus.net/stay/oakhouse_14534
s00000022946001,https://jpcampus.net/stay/oakhouse_14534?lang=en
s00000022946001,https://jpcampus.net/stay/oakhouse_14534?lang=kr
s00000022946001,https://jpcampus.net/stay/oakhouse_14537
s00000022946001,https://jpcampus.net/stay/oakhouse_14537?lang=en
s00000022946001,https://jpcampus.net/stay/oakhouse_14537?lang=kr
s00000022946001,https://jpcampus.net/stay/oakhouse_14538
s00000022946001,https://jpcampus.net/stay/oakhouse_14538?lang=en
s00000022946001,https://jpcampus.net/stay/oakhouse_14538?lang=kr
s00000022946001,https://jpcampus.net/stay/oakhouse_14561
s00000022946001,https://jpcampus.net/stay/oakhouse_14561?lang=en
s00000022946001,https://jpcampus.net/stay/oakhouse_14561?lang=kr
s00000022946001,https://jpcampus.net/stay/oakhouse_14583
s00000022946001,https://jpcampus.net/stay/oakhouse_14583?lang=en
s00000022946001,https://jpcampus.net/stay/oakhouse_14583?lang=kr
s00000022946001,https://jpcampus.net/stay/oakhouse_14592
s00000022946001,https://jpcampus.net/stay/oakhouse_14592?lang=en
s00000022946001,https://jpcampus.net/stay/oakhouse_14592?lang=kr
s00000022946001,https://jpcampus.net/stay/oakhouse_14596
s00000022946001,https://jpcampus.net/stay/oakhouse_14596?lang=en
s00000022946001,https://jpcampus.net/stay/oakhouse_14596?lang=kr
s00000022946001,https://jpcampus.net/stay/oakhouse_14618
s00000022946001,https://jpcampus.net/stay/oakhouse_14618?lang=en
s00000022946001,https://jpcampus.net/stay/oakhouse_14618?lang=kr
s00000022946001,https://jpcampus.net/stay/oakhouse_14641
s00000022946001,https://jpcampus.net/stay/oakhouse_14641?lang=en
s00000022946001,https://jpcampus.net/stay/oakhouse_14641?lang=kr
s00000022946001,https://jpcampus.net/stay/oakhouse_14675
s00000022946001,https://jpcampus.net/stay/oakhouse_14675?lang=en
s00000022946001,https://jpcampus.net/stay/oakhouse_14675?lang=kr
s00000022946001,https://jpcampus.net/stay/oakhouse_14677
s00000022946001,https://jpcampus.net/stay/oakhouse_14677?lang=en
s00000022946001,https://jpcampus.net/stay/oakhouse_14677?lang=kr
s00000022946001,https://jpcampus.net/stay/oakhouse_14684
s00000022946001,https://jpcampus.net/stay/oakhouse_14684?lang=en
s00000022946001,https://jpcampus.net/stay/oakhouse_14684?lang=kr
s00000022946001,https://jpcampus.net/stay/oakhouse_14701
s00000022946001,https://jpcampus.net/stay/oakhouse_14701?lang=en
s00000022946001,https://jpcampus.net/stay/oakhouse_14701?lang=kr
s00000022946001,https://jpcampus.net/stay/oakhouse_14707
s00000022946001,https://jpcampus.net/stay/oakhouse_14707?lang=en
s00000022946001,https://jpcampus.net/stay/oakhouse_14707?lang=kr
s00000022946001,https://jpcampus.net/stay/oakhouse_14710
s00000022946001,https://jpcampus.net/stay/oakhouse_14710?lang=en
s00000022946001,https://jpcampus.net/stay/oakhouse_14710?lang=kr
s00000022946001,https://jpcampus.net/stay/oakhouse_14718
s00000022946001,https://jpcampus.net/stay/oakhouse_14718?lang=en
s00000022946001,https://jpcampus.net/stay/oakhouse_14718?lang=kr
s00000022946001,https://jpcampus.net/stay/oakhouse_14724
s00000022946001,https://jpcampus.net/stay/oakhouse_14724?lang=en
s00000022946001,https://jpcampus.net/stay/oakhouse_14724?lang=kr
s00000022946001,https://jpcampus.net/stay/oakhouse_14730
s00000022946001,https://jpcampus.net/stay/oakhouse_14730?lang=en
s00000022946001,https://jpcampus.net/stay/oakhouse_14730?lang=kr
s00000022946001,https://jpcampus.net/stay/oakhouse_14733
s00000022946001,https://jpcampus.net/stay/oakhouse_14733?lang=en
s00000022946001,https://jpcampus.net/stay/oakhouse_14733?lang=kr
s00000022946001,https://jpcampus.net/stay/oakhouse_14735
s00000022946001,https://jpcampus.net/stay/oakhouse_14735?lang=en
s00000022946001,https://jpcampus.net/stay/oakhouse_14735?lang=kr
s00000022946001,https://jpcampus.net/stay/oakhouse_15065
s00000022946001,https://jpcampus.net/stay/oakhouse_15065?lang=en
s00000022946001,https://jpcampus.net/stay/oakhouse_15065?lang=kr
s00000022946001,https://jpcampus.net/stay/oakhouse_15165
s00000022946001,https://jpcampus.net/stay/oakhouse_15165?lang=en
s00000022946001,https://jpcampus.net/stay/oakhouse_15165?lang=kr
s00000022946001,https://jpcampus.net/stay/oakhouse_15176
s00000022946001,https://jpcampus.net/stay/oakhouse_15176?lang=en
s00000022946001,https://jpcampus.net/stay/oakhouse_15176?lang=kr
s00000022946001,https://jpcampus.net/stay/oakhouse_15178
s00000022946001,https://jpcampus.net/stay/oakhouse_15178?lang=en
s00000022946001,https://jpcampus.net/stay/oakhouse_15178?lang=kr
s00000022946001,https://jpcampus.net/stay/oakhouse_15366
s00000022946001,https://jpcampus.net/stay/oakhouse_15366?lang=en
s00000022946001,https://jpcampus.net/stay/oakhouse_15366?lang=kr
s00000022946001,https://jpcampus.net/stay/oakhouse_15595
s00000022946001,https://jpcampus.net/stay/oakhouse_15595?lang=en
s00000022946001,https://jpcampus.net/stay/oakhouse_15595?lang=kr
s00000022946001,https://jpcampus.net/stay/oakhouse_15598
s00000022946001,https://jpcampus.net/stay/oakhouse_15598?lang=en
s00000022946001,https://jpcampus.net/stay/oakhouse_15598?lang=kr
s00000022946001,https://jpcampus.net/stay/oakhouse_15605
s00000022946001,https://jpcampus.net/stay/oakhouse_15605?lang=en
s00000022946001,https://jpcampus.net/stay/oakhouse_15605?lang=kr
s00000022946001,https://jpcampus.net/stay/oakhouse_15606
s00000022946001,https://jpcampus.net/stay/oakhouse_15606?lang=en
s00000022946001,https://jpcampus.net/stay/oakhouse_15606?lang=kr
s00000022946001,https://jpcampus.net/stay/oakhouse_15608
s00000022946001,https://jpcampus.net/stay/oakhouse_15608?lang=en
s00000022946001,https://jpcampus.net/stay/oakhouse_15608?lang=kr
s00000022946001,https://jpcampus.net/stay/oakhouse_15647
s00000022946001,https://jpcampus.net/stay/oakhouse_15647?lang=en
s00000022946001,https://jpcampus.net/stay/oakhouse_15647?lang=kr
s00000022946001,https://jpcampus.net/stay/oakhouse_15648
s00000022946001,https://jpcampus.net/stay/oakhouse_15648?lang=en
s00000022946001,https://jpcampus.net/stay/oakhouse_15648?lang=kr
s00000022946001,https://jpcampus.net/stay/oakhouse_15852
s00000022946001,https://jpcampus.net/stay/oakhouse_15852?lang=en
s00000022946001,https://jpcampus.net/stay/oakhouse_15852?lang=kr
s00000022946001,https://jpcampus.net/stay/oakhouse_15874
s00000022946001,https://jpcampus.net/stay/oakhouse_15874?lang=en
s00000022946001,https://jpcampus.net/stay/oakhouse_15874?lang=kr
s00000022946001,https://jpcampus.net/stay/oakhouse_15878
s00000022946001,https://jpcampus.net/stay/oakhouse_15878?lang=en
s00000022946001,https://jpcampus.net/stay/oakhouse_15878?lang=kr
s00000022946001,https://jpcampus.net/stay/oakhouse_15879
s00000022946001,https://jpcampus.net/stay/oakhouse_15879?lang=en
s00000022946001,https://jpcampus.net/stay/oakhouse_15879?lang=kr
s00000022946001,https://jpcampus.net/stay/oakhouse_15880
s00000022946001,https://jpcampus.net/stay/oakhouse_15880?lang=en
s00000022946001,https://jpcampus.net/stay/oakhouse_15880?lang=kr
s00000022946001,https://jpcampus.net/stay/oakhouse_15881
s00000022946001,https://jpcampus.net/stay/oakhouse_15881?lang=en
s00000022946001,https://jpcampus.net/stay/oakhouse_15881?lang=kr
s00000022946001,https://jpcampus.net/stay/oakhouse_15898
s00000022946001,https://jpcampus.net/stay/oakhouse_15898?lang=en
s00000022946001,https://jpcampus.net/stay/oakhouse_15898?lang=kr
s00000022946001,https://jpcampus.net/stay/oakhouse_15900
s00000022946001,https://jpcampus.net/stay/oakhouse_15900?lang=en
s00000022946001,https://jpcampus.net/stay/oakhouse_15900?lang=kr
s00000022946001,https://jpcampus.net/stay/oakhouse_15901
s00000022946001,https://jpcampus.net/stay/oakhouse_15901?lang=en
s00000022946001,https://jpcampus.net/stay/oakhouse_15901?lang=kr
s00000022946001,https://jpcampus.net/stay/oakhouse_15902
s00000022946001,https://jpcampus.net/stay/oakhouse_15902?lang=en
s00000022946001,https://jpcampus.net/stay/oakhouse_15902?lang=kr
s00000022946001,https://jpcampus.net/stay/oakhouse_15940
s00000022946001,https://jpcampus.net/stay/oakhouse_15940?lang=en
s00000022946001,https://jpcampus.net/stay/oakhouse_15940?lang=kr
s00000022946001,https://jpcampus.net/stay/oakhouse_15942
s00000022946001,https://jpcampus.net/stay/oakhouse_15942?lang=en
s00000022946001,https://jpcampus.net/stay/oakhouse_15942?lang=kr
s00000022946001,https://jpcampus.net/stay/oakhouse_15945
s00000022946001,https://jpcampus.net/stay/oakhouse_15945?lang=en
s00000022946001,https://jpcampus.net/stay/oakhouse_15945?lang=kr
s00000022946001,https://jpcampus.net/stay/oakhouse_15946
s00000022946001,https://jpcampus.net/stay/oakhouse_15946?lang=en
s00000022946001,https://jpcampus.net/stay/oakhouse_15946?lang=kr
s00000022946001,https://jpcampus.net/stay/oakhouse_15949
s00000022946001,https://jpcampus.net/stay/oakhouse_15949?lang=en
s00000022946001,https://jpcampus.net/stay/oakhouse_15949?lang=kr
s00000022946001,https://jpcampus.net/stay/oakhouse_15985
s00000022946001,https://jpcampus.net/stay/oakhouse_15985?lang=en
s00000022946001,https://jpcampus.net/stay/oakhouse_15985?lang=kr
s00000022946001,https://jpcampus.net/stay/oakhouse_15986
s00000022946001,https://jpcampus.net/stay/oakhouse_15986?lang=en
s00000022946001,https://jpcampus.net/stay/oakhouse_15986?lang=kr
s00000022946001,https://jpcampus.net/stay/oakhouse_16016
s00000022946001,https://jpcampus.net/stay/oakhouse_16016?lang=en
s00000022946001,https://jpcampus.net/stay/oakhouse_16016?lang=kr
s00000022946001,https://jpcampus.net/stay/oakhouse_16021
s00000022946001,https://jpcampus.net/stay/oakhouse_16021?lang=en
s00000022946001,https://jpcampus.net/stay/oakhouse_16021?lang=kr
s00000022946001,https://jpcampus.net/stay/oakhouse_16023
s00000022946001,https://jpcampus.net/stay/oakhouse_16023?lang=en
s00000022946001,https://jpcampus.net/stay/oakhouse_16023?lang=kr
s00000022946001,https://jpcampus.net/stay/oakhouse_16032
s00000022946001,https://jpcampus.net/stay/oakhouse_16032?lang=en
s00000022946001,https://jpcampus.net/stay/oakhouse_16032?lang=kr
s00000022946001,https://jpcampus.net/stay/oakhouse_16037
s00000022946001,https://jpcampus.net/stay/oakhouse_16037?lang=en
s00000022946001,https://jpcampus.net/stay/oakhouse_16037?lang=kr
s00000022946001,https://jpcampus.net/stay/oakhouse_16071
s00000022946001,https://jpcampus.net/stay/oakhouse_16071?lang=en
s00000022946001,https://jpcampus.net/stay/oakhouse_16071?lang=kr
s00000022946001,https://jpcampus.net/stay/oakhouse_16127
s00000022946001,https://jpcampus.net/stay/oakhouse_16127?lang=en
s00000022946001,https://jpcampus.net/stay/oakhouse_16127?lang=kr
s00000022946001,https://jpcampus.net/stay/oakhouse_16128
s00000022946001,https://jpcampus.net/stay/oakhouse_16128?lang=en
s00000022946001,https://jpcampus.net/stay/oakhouse_16128?lang=kr
s00000022946001,https://jpcampus.net/stay/oakhouse_16155
s00000022946001,https://jpcampus.net/stay/oakhouse_16155?lang=en
s00000022946001,https://jpcampus.net/stay/oakhouse_16155?lang=kr
s00000022946001,https://jpcampus.net/stay/oakhouse_16156
s00000022946001,https://jpcampus.net/stay/oakhouse_16156?lang=en
s00000022946001,https://jpcampus.net/stay/oakhouse_16156?lang=kr
s00000022946001,https://jpcampus.net/stay/oakhouse_16157
s00000022946001,https://jpcampus.net/stay/oakhouse_16157?lang=en
s00000022946001,https://jpcampus.net/stay/oakhouse_16157?lang=kr
s00000022946001,https://jpcampus.net/stay/oakhouse_16158
s00000022946001,https://jpcampus.net/stay/oakhouse_16158?lang=en
s00000022946001,https://jpcampus.net/stay/oakhouse_16158?lang=kr
s00000022946001,https://jpcampus.net/stay/oakhouse_16159
s00000022946001,https://jpcampus.net/stay/oakhouse_16159?lang=en
s00000022946001,https://jpcampus.net/stay/oakhouse_16159?lang=kr
s00000022946001,https://jpcampus.net/stay/oakhouse_16161
s00000022946001,https://jpcampus.net/stay/oakhouse_16161?lang=en
s00000022946001,https://jpcampus.net/stay/oakhouse_16161?lang=kr
s00000022946001,https://jpcampus.net/stay/oakhouse_16162
s00000022946001,https://jpcampus.net/stay/oakhouse_16162?lang=en
s00000022946001,https://jpcampus.net/stay/oakhouse_16162?lang=kr
s00000022946001,https://jpcampus.net/stay/oakhouse_16163
s00000022946001,https://jpcampus.net/stay/oakhouse_16163?lang=en
s00000022946001,https://jpcampus.net/stay/oakhouse_16163?lang=kr
s00000022946001,https://jpcampus.net/stay/oakhouse_16238
s00000022946001,https://jpcampus.net/stay/oakhouse_16238?lang=en
s00000022946001,https://jpcampus.net/stay/oakhouse_16238?lang=kr
s00000022946001,https://jpcampus.net/stay/oakhouse_16242
s00000022946001,https://jpcampus.net/stay/oakhouse_16242?lang=en
s00000022946001,https://jpcampus.net/stay/oakhouse_16242?lang=kr
s00000022946001,https://jpcampus.net/stay/oakhouse_16330
s00000022946001,https://jpcampus.net/stay/oakhouse_16330?lang=en
s00000022946001,https://jpcampus.net/stay/oakhouse_16330?lang=kr
s00000022946001,https://jpcampus.net/stay/oakhouse_16367
s00000022946001,https://jpcampus.net/stay/oakhouse_16367?lang=en
s00000022946001,https://jpcampus.net/stay/oakhouse_16367?lang=kr
s00000022946001,https://jpcampus.net/stay/oakhouse_16368
s00000022946001,https://jpcampus.net/stay/oakhouse_16368?lang=en
s00000022946001,https://jpcampus.net/stay/oakhouse_16368?lang=kr
s00000022946001,https://jpcampus.net/stay/oakhouse_16371
s00000022946001,https://jpcampus.net/stay/oakhouse_16371?lang=en
s00000022946001,https://jpcampus.net/stay/oakhouse_16371?lang=kr
s00000022946001,https://jpcampus.net/stay/oakhouse_16379
s00000022946001,https://jpcampus.net/stay/oakhouse_16379?lang=en
s00000022946001,https://jpcampus.net/stay/oakhouse_16379?lang=kr
s00000022946001,https://jpcampus.net/stay/oakhouse_16432
s00000022946001,https://jpcampus.net/stay/oakhouse_16432?lang=en
s00000022946001,https://jpcampus.net/stay/oakhouse_16432?lang=kr
s00000022946001,https://jpcampus.net/stay/oakhouse_16436
s00000022946001,https://jpcampus.net/stay/oakhouse_16436?lang=en
s00000022946001,https://jpcampus.net/stay/oakhouse_16436?lang=kr
s00000022946001,https://jpcampus.net/stay/oakhouse_16438
s00000022946001,https://jpcampus.net/stay/oakhouse_16438?lang=en
s00000022946001,https://jpcampus.net/stay/oakhouse_16438?lang=kr
s00000022946001,https://jpcampus.net/stay/oakhouse_16440
s00000022946001,https://jpcampus.net/stay/oakhouse_16440?lang=en
s00000022946001,https://jpcampus.net/stay/oakhouse_16440?lang=kr
s00000022946001,https://jpcampus.net/stay/oakhouse_16441
s00000022946001,https://jpcampus.net/stay/oakhouse_16441?lang=en
s00000022946001,https://jpcampus.net/stay/oakhouse_16441?lang=kr
s00000022946001,https://jpcampus.net/stay/oakhouse_16464
s00000022946001,https://jpcampus.net/stay/oakhouse_16464?lang=en
s00000022946001,https://jpcampus.net/stay/oakhouse_16464?lang=kr
s00000022946001,https://jpcampus.net/stay/oakhouse_16497
s00000022946001,https://jpcampus.net/stay/oakhouse_16497?lang=en
s00000022946001,https://jpcampus.net/stay/oakhouse_16497?lang=kr
s00000022946001,https://jpcampus.net/stay/oakhouse_16550
s00000022946001,https://jpcampus.net/stay/oakhouse_16550?lang=en
s00000022946001,https://jpcampus.net/stay/oakhouse_16550?lang=kr
s00000022946001,https://jpcampus.net/stay/oakhouse_16554
s00000022946001,https://jpcampus.net/stay/oakhouse_16554?lang=en
s00000022946001,https://jpcampus.net/stay/oakhouse_16554?lang=kr
s00000022946001,https://jpcampus.net/stay/oakhouse_16598
s00000022946001,https://jpcampus.net/stay/oakhouse_16598?lang=en
s00000022946001,https://jpcampus.net/stay/oakhouse_16598?lang=kr
s00000022946001,https://jpcampus.net/stay/oakhouse_16666
s00000022946001,https://jpcampus.net/stay/oakhouse_16666?lang=en
s00000022946001,https://jpcampus.net/stay/oakhouse_16666?lang=kr
s00000022946001,https://jpcampus.net/stay/oakhouse_16667
s00000022946001,https://jpcampus.net/stay/oakhouse_16667?lang=en
s00000022946001,https://jpcampus.net/stay/oakhouse_16667?lang=kr
s00000022946001,https://jpcampus.net/stay/oakhouse_16669
s00000022946001,https://jpcampus.net/stay/oakhouse_16669?lang=en
s00000022946001,https://jpcampus.net/stay/oakhouse_16669?lang=kr
s00000022946001,https://jpcampus.net/stay/oakhouse_16670
s00000022946001,https://jpcampus.net/stay/oakhouse_16670?lang=en
s00000022946001,https://jpcampus.net/stay/oakhouse_16670?lang=kr
s00000022946001,https://jpcampus.net/stay/oakhouse_16672
s00000022946001,https://jpcampus.net/stay/oakhouse_16672?lang=en
s00000022946001,https://jpcampus.net/stay/oakhouse_16672?lang=kr
s00000022946001,https://jpcampus.net/stay/oakhouse_16679
s00000022946001,https://jpcampus.net/stay/oakhouse_16679?lang=en
s00000022946001,https://jpcampus.net/stay/oakhouse_16679?lang=kr
s00000022946001,https://jpcampus.net/stay/oakhouse_16685
s00000022946001,https://jpcampus.net/stay/oakhouse_16685?lang=en
s00000022946001,https://jpcampus.net/stay/oakhouse_16685?lang=kr
s00000022946001,https://jpcampus.net/stay/oakhouse_16731
s00000022946001,https://jpcampus.net/stay/oakhouse_16731?lang=en
s00000022946001,https://jpcampus.net/stay/oakhouse_16731?lang=kr
s00000022946001,https://jpcampus.net/stay/oakhouse_16736
s00000022946001,https://jpcampus.net/stay/oakhouse_16736?lang=en
s00000022946001,https://jpcampus.net/stay/oakhouse_16736?lang=kr
s00000022946001,https://jpcampus.net/stay/oakhouse_16737
s00000022946001,https://jpcampus.net/stay/oakhouse_16737?lang=en
s00000022946001,https://jpcampus.net/stay/oakhouse_16737?lang=kr
s00000022946001,https://jpcampus.net/stay/oakhouse_16763
s00000022946001,https://jpcampus.net/stay/oakhouse_16763?lang=en
s00000022946001,https://jpcampus.net/stay/oakhouse_16763?lang=kr
s00000022946001,https://jpcampus.net/stay/oakhouse_16809
s00000022946001,https://jpcampus.net/stay/oakhouse_16809?lang=en
s00000022946001,https://jpcampus.net/stay/oakhouse_16809?lang=kr
s00000022946001,https://jpcampus.net/stay/oakhouse_16810
s00000022946001,https://jpcampus.net/stay/oakhouse_16810?lang=en
s00000022946001,https://jpcampus.net/stay/oakhouse_16810?lang=kr
s00000022946001,https://jpcampus.net/stay/oakhouse_16823
s00000022946001,https://jpcampus.net/stay/oakhouse_16823?lang=en
s00000022946001,https://jpcampus.net/stay/oakhouse_16823?lang=kr
s00000022946001,https://jpcampus.net/stay/oakhouse_16841
s00000022946001,https://jpcampus.net/stay/oakhouse_16841?lang=en
s00000022946001,https://jpcampus.net/stay/oakhouse_16841?lang=kr
s00000022946001,https://jpcampus.net/stay/oakhouse_16854
s00000022946001,https://jpcampus.net/stay/oakhouse_16854?lang=en
s00000022946001,https://jpcampus.net/stay/oakhouse_16854?lang=kr
s00000022946001,https://jpcampus.net/stay/oakhouse_16856
s00000022946001,https://jpcampus.net/stay/oakhouse_16856?lang=en
s00000022946001,https://jpcampus.net/stay/oakhouse_16856?lang=kr
s00000022946001,https://jpcampus.net/stay/oakhouse_16857
s00000022946001,https://jpcampus.net/stay/oakhouse_16857?lang=en
s00000022946001,https://jpcampus.net/stay/oakhouse_16857?lang=kr
s00000022946001,https://jpcampus.net/stay/oakhouse_16869
s00000022946001,https://jpcampus.net/stay/oakhouse_16869?lang=en
s00000022946001,https://jpcampus.net/stay/oakhouse_16869?lang=kr
s00000022946001,https://jpcampus.net/stay/oakhouse_16878
s00000022946001,https://jpcampus.net/stay/oakhouse_16878?lang=en
s00000022946001,https://jpcampus.net/stay/oakhouse_16878?lang=kr
s00000022946001,https://jpcampus.net/stay/oakhouse_16925
s00000022946001,https://jpcampus.net/stay/oakhouse_16925?lang=en
s00000022946001,https://jpcampus.net/stay/oakhouse_16925?lang=kr
s00000022946001,https://jpcampus.net/stay/oakhouse_16932
s00000022946001,https://jpcampus.net/stay/oakhouse_16932?lang=en
s00000022946001,https://jpcampus.net/stay/oakhouse_16932?lang=kr
s00000022946001,https://jpcampus.net/stay/oakhouse_16942
s00000022946001,https://jpcampus.net/stay/oakhouse_16942?lang=en
s00000022946001,https://jpcampus.net/stay/oakhouse_16942?lang=kr
s00000022946001,https://jpcampus.net/stay/oakhouse_16944
s00000022946001,https://jpcampus.net/stay/oakhouse_16944?lang=en
s00000022946001,https://jpcampus.net/stay/oakhouse_16944?lang=kr
s00000022946001,https://jpcampus.net/stay/oakhouse_16956
s00000022946001,https://jpcampus.net/stay/oakhouse_16956?lang=en
s00000022946001,https://jpcampus.net/stay/oakhouse_16956?lang=kr
s00000022946001,https://jpcampus.net/stay/oakhouse_16967
s00000022946001,https://jpcampus.net/stay/oakhouse_16967?lang=en
s00000022946001,https://jpcampus.net/stay/oakhouse_16967?lang=kr
s00000022946001,https://jpcampus.net/stay/oakhouse_16968
s00000022946001,https://jpcampus.net/stay/oakhouse_16968?lang=en
s00000022946001,https://jpcampus.net/stay/oakhouse_16968?lang=kr
s00000022946001,https://jpcampus.net/stay/oakhouse_16981
s00000022946001,https://jpcampus.net/stay/oakhouse_16981?lang=en
s00000022946001,https://jpcampus.net/stay/oakhouse_16981?lang=kr
s00000022946001,https://jpcampus.net/stay/oakhouse_17002
s00000022946001,https://jpcampus.net/stay/oakhouse_17002?lang=en
s00000022946001,https://jpcampus.net/stay/oakhouse_17002?lang=kr
s00000022946001,https://jpcampus.net/stay/oakhouse_17033
s00000022946001,https://jpcampus.net/stay/oakhouse_17033?lang=en
s00000022946001,https://jpcampus.net/stay/oakhouse_17033?lang=kr
s00000022946001,https://jpcampus.net/stay/oakhouse_17059
s00000022946001,https://jpcampus.net/stay/oakhouse_17059?lang=en
s00000022946001,https://jpcampus.net/stay/oakhouse_17059?lang=kr
s00000022946001,https://jpcampus.net/stay/oakhouse_17063
s00000022946001,https://jpcampus.net/stay/oakhouse_17063?lang=en
s00000022946001,https://jpcampus.net/stay/oakhouse_17063?lang=kr
s00000022946001,https://jpcampus.net/stay/oakhouse_17078
s00000022946001,https://jpcampus.net/stay/oakhouse_17078?lang=en
s00000022946001,https://jpcampus.net/stay/oakhouse_17078?lang=kr
s00000022946001,https://jpcampus.net/stay/oakhouse_17103
s00000022946001,https://jpcampus.net/stay/oakhouse_17103?lang=en
s00000022946001,https://jpcampus.net/stay/oakhouse_17103?lang=kr
s00000022946001,https://jpcampus.net/stay/oakhouse_17182
s00000022946001,https://jpcampus.net/stay/oakhouse_17182?lang=en
s00000022946001,https://jpcampus.net/stay/oakhouse_17182?lang=kr
s00000022946001,https://jpcampus.net/stay/oakhouse_17219
s00000022946001,https://jpcampus.net/stay/oakhouse_17219?lang=en
s00000022946001,https://jpcampus.net/stay/oakhouse_17219?lang=kr
s00000022946001,https://jpcampus.net/stay/oakhouse_17220
s00000022946001,https://jpcampus.net/stay/oakhouse_17220?lang=en
s00000022946001,https://jpcampus.net/stay/oakhouse_17220?lang=kr
s00000022946001,https://jpcampus.net/stay/oakhouse_17290
s00000022946001,https://jpcampus.net/stay/oakhouse_17290?lang=en
s00000022946001,https://jpcampus.net/stay/oakhouse_17290?lang=kr
s00000022946001,https://jpcampus.net/stay/oakhouse_17291
s00000022946001,https://jpcampus.net/stay/oakhouse_17291?lang=en
s00000022946001,https://jpcampus.net/stay/oakhouse_17291?lang=kr
s00000022946001,https://jpcampus.net/stay/oakhouse_17312
s00000022946001,https://jpcampus.net/stay/oakhouse_17312?lang=en
s00000022946001,https://jpcampus.net/stay/oakhouse_17312?lang=kr
s00000022946001,https://jpcampus.net/stay/oakhouse_17315
s00000022946001,https://jpcampus.net/stay/oakhouse_17315?lang=en
s00000022946001,https://jpcampus.net/stay/oakhouse_17315?lang=kr
s00000022946001,https://jpcampus.net/stay/oakhouse_17316
s00000022946001,https://jpcampus.net/stay/oakhouse_17316?lang=en
s00000022946001,https://jpcampus.net/stay/oakhouse_17316?lang=kr
s00000022946001,https://jpcampus.net/stay/oakhouse_17317
s00000022946001,https://jpcampus.net/stay/oakhouse_17317?lang=en
s00000022946001,https://jpcampus.net/stay/oakhouse_17317?lang=kr
s00000022946001,https://jpcampus.net/stay/oakhouse_17323
s00000022946001,https://jpcampus.net/stay/oakhouse_17323?lang=en
s00000022946001,https://jpcampus.net/stay/oakhouse_17323?lang=kr
s00000022946001,https://jpcampus.net/stay/oakhouse_17326
s00000022946001,https://jpcampus.net/stay/oakhouse_17326?lang=en
s00000022946001,https://jpcampus.net/stay/oakhouse_17326?lang=kr
s00000022946001,https://jpcampus.net/stay/oakhouse_17379
s00000022946001,https://jpcampus.net/stay/oakhouse_17379?lang=en
s00000022946001,https://jpcampus.net/stay/oakhouse_17379?lang=kr
s00000022946001,https://jpcampus.net/stay/oakhouse_17441
s00000022946001,https://jpcampus.net/stay/oakhouse_17441?lang=en
s00000022946001,https://jpcampus.net/stay/oakhouse_17441?lang=kr
s00000022946001,https://jpcampus.net/stay/oakhouse_17468
s00000022946001,https://jpcampus.net/stay/oakhouse_17468?lang=en
s00000022946001,https://jpcampus.net/stay/oakhouse_17468?lang=kr
s00000022946001,https://jpcampus.net/stay/oakhouse_17537
s00000022946001,https://jpcampus.net/stay/oakhouse_17537?lang=en
s00000022946001,https://jpcampus.net/stay/oakhouse_17537?lang=kr
s00000022946001,https://jpcampus.net/stay/oakhouse_17548
s00000022946001,https://jpcampus.net/stay/oakhouse_17548?lang=en
s00000022946001,https://jpcampus.net/stay/oakhouse_17548?lang=kr
s00000022946001,https://jpcampus.net/stay/oakhouse_17554
s00000022946001,https://jpcampus.net/stay/oakhouse_17554?lang=en
s00000022946001,https://jpcampus.net/stay/oakhouse_17554?lang=kr
s00000022946001,https://jpcampus.net/stay/oakhouse_17555
s00000022946001,https://jpcampus.net/stay/oakhouse_17555?lang=en
s00000022946001,https://jpcampus.net/stay/oakhouse_17555?lang=kr
s00000022946001,https://jpcampus.net/stay/oakhouse_17556
s00000022946001,https://jpcampus.net/stay/oakhouse_17556?lang=en
s00000022946001,https://jpcampus.net/stay/oakhouse_17556?lang=kr
s00000022946001,https://jpcampus.net/stay/oakhouse_17559
s00000022946001,https://jpcampus.net/stay/oakhouse_17559?lang=en
s00000022946001,https://jpcampus.net/stay/oakhouse_17559?lang=kr
s00000022946001,https://jpcampus.net/stay/oakhouse_18071
s00000022946001,https://jpcampus.net/stay/oakhouse_18071?lang=en
s00000022946001,https://jpcampus.net/stay/oakhouse_18071?lang=kr
s00000022946001,https://jpcampus.net/stay/oakhouse_18072
s00000022946001,https://jpcampus.net/stay/oakhouse_18072?lang=en
s00000022946001,https://jpcampus.net/stay/oakhouse_18072?lang=kr
s00000022946001,https://jpcampus.net/stay/oakhouse_18073
s00000022946001,https://jpcampus.net/stay/oakhouse_18073?lang=en
s00000022946001,https://jpcampus.net/stay/oakhouse_18073?lang=kr
s00000022946001,https://jpcampus.net/stay/oakhouse_18093
s00000022946001,https://jpcampus.net/stay/oakhouse_18093?lang=en
s00000022946001,https://jpcampus.net/stay/oakhouse_18093?lang=kr
s00000022946001,https://jpcampus.net/stay/oakhouse_18112
s00000022946001,https://jpcampus.net/stay/oakhouse_18112?lang=en
s00000022946001,https://jpcampus.net/stay/oakhouse_18112?lang=kr
s00000022946001,https://jpcampus.net/stay/oakhouse_358
s00000022946001,https://jpcampus.net/stay/oakhouse_358?lang=en
s00000022946001,https://jpcampus.net/stay/oakhouse_358?lang=kr
s00000022946001,https://jpcampus.net/stay/oakhouse_366
s00000022946001,https://jpcampus.net/stay/oakhouse_366?lang=en
s00000022946001,https://jpcampus.net/stay/oakhouse_366?lang=kr
s00000022946001,https://jpcampus.net/stay/oakhouse_700
s00000022946001,https://jpcampus.net/stay/oakhouse_700?lang=en
s00000022946001,https://jpcampus.net/stay/oakhouse_700?lang=kr
s00000022946001,https://jpcampus.net/stay/oakhouse_704
s00000022946001,https://jpcampus.net/stay/oakhouse_704?lang=en
s00000022946001,https://jpcampus.net/stay/oakhouse_704?lang=kr
s00000022946001,https://jpcampus.net/stay/oakhouse_709
s00000022946001,https://jpcampus.net/stay/oakhouse_709?lang=en
s00000022946001,https://jpcampus.net/stay/oakhouse_709?lang=kr
s00000022946001,https://jpcampus.net/stay/oakhouse_826
s00000022946001,https://jpcampus.net/stay/oakhouse_826?lang=en
s00000022946001,https://jpcampus.net/stay/oakhouse_826?lang=kr
s00000022946001,https://jpcampus.net/stay/oakhouse_908
s00000022946001,https://jpcampus.net/stay/oakhouse_908?lang=en
s00000022946001,https://jpcampus.net/stay/oakhouse_908?lang=kr
s00000022946001,https://jpcampus.net/stay/oakhouse_936
s00000022946001,https://jpcampus.net/stay/oakhouse_936?lang=en
s00000022946001,https://jpcampus.net/stay/oakhouse_936?lang=kr
s00000022946001,https://jpcampus.net/stay/oakhouse_976
s00000022946001,https://jpcampus.net/stay/oakhouse_976?lang=en
s00000022946001,https://jpcampus.net/stay/oakhouse_976?lang=kr
s00000022946001,https://jpcampus.net/stay/oakhouse_994
s00000022946001,https://jpcampus.net/stay/oakhouse_994?lang=en
s00000022946001,https://jpcampus.net/stay/oakhouse_994?lang=kr
s00000022946001,https://jpcampus.net/stay/oakhouse_ikebukuro
s00000022946001,https://jpcampus.net/stay/oakhouse_ikebukuro?lang=en
s00000022946001,https://jpcampus.net/stay/oakhouse_ikebukuro?lang=kr
s00000022946001,https://jpcampus.net/stay/oakhouse_kichijoji
s00000022946001,https://jpcampus.net/stay/oakhouse_kichijoji?lang=en
s00000022946001,https://jpcampus.net/stay/oakhouse_kichijoji?lang=kr
s00000022946001,https://jpcampus.net/stay/oakhouse_monthly_shinjuku
s00000022946001,https://jpcampus.net/stay/oakhouse_monthly_shinjuku?lang=en
s00000022946001,https://jpcampus.net/stay/oakhouse_monthly_shinjuku?lang=kr
s00000022946001,https://jpcampus.net/stay/oakhouse_nakano
s00000022946001,https://jpcampus.net/stay/oakhouse_nakano?lang=en
s00000022946001,https://jpcampus.net/stay/oakhouse_nakano?lang=kr
s00000022946001,https://jpcampus.net/stay/oakhouse_nishi_shinjuku
s00000022946001,https://jpcampus.net/stay/oakhouse_nishi_shinjuku?lang=en
s00000022946001,https://jpcampus.net/stay/oakhouse_nishi_shinjuku?lang=kr
s00000022946001,https://jpcampus.net/stay/oakhouse_shibuya
s00000022946001,https://jpcampus.net/stay/oakhouse_shibuya?lang=en
s00000022946001,https://jpcampus.net/stay/oakhouse_shibuya?lang=kr
s00000022946001,https://jpcampus.net/stay/sakura_aloe_heights
s00000022946001,https://jpcampus.net/stay/sakura_aloe_heights?lang=en
s00000022946001,https://jpcampus.net/stay/sakura_aloe_heights?lang=kr
s00000022946001,https://jpcampus.net/stay/sakura_asakusa_kuramae
s00000022946001,https://jpcampus.net/stay/sakura_asakusa_kuramae?lang=en
s00000022946001,https://jpcampus.net/stay/sakura_asakusa_kuramae?lang=kr
s00000022946001,https://jpcampus.net/stay/sakura_ascot_hatagaya
s00000022946001,https://jpcampus.net/stay/sakura_ascot_hatagaya?lang=en
s00000022946001,https://jpcampus.net/stay/sakura_ascot_hatagaya?lang=kr
s00000022946001,https://jpcampus.net/stay/sakura_ascot_koenji
s00000022946001,https://jpcampus.net/stay/sakura_ascot_koenji?lang=en
s00000022946001,https://jpcampus.net/stay/sakura_ascot_koenji?lang=kr
s00000022946001,https://jpcampus.net/stay/sakura_b_house
s00000022946001,https://jpcampus.net/stay/sakura_b_house?lang=en
s00000022946001,https://jpcampus.net/stay/sakura_b_house?lang=kr
s00000022946001,https://jpcampus.net/stay/sakura_c_house
s00000022946001,https://jpcampus.net/stay/sakura_c_house?lang=en
s00000022946001,https://jpcampus.net/stay/sakura_c_house?lang=kr
s00000022946001,https://jpcampus.net/stay/sakura_e_house
s00000022946001,https://jpcampus.net/stay/sakura_e_house?lang=en
s00000022946001,https://jpcampus.net/stay/sakura_e_house?lang=kr
s00000022946001,https://jpcampus.net/stay/sakura_hatagaya_house
s00000022946001,https://jpcampus.net/stay/sakura_hatagaya_house?lang=en
s00000022946001,https://jpcampus.net/stay/sakura_hatagaya_house?lang=kr
s00000022946001,https://jpcampus.net/stay/sakura_higashi_ikebukuro_b
s00000022946001,https://jpcampus.net/stay/sakura_higashi_ikebukuro_b?lang=en
s00000022946001,https://jpcampus.net/stay/sakura_higashi_ikebukuro_b?lang=kr
s00000022946001,https://jpcampus.net/stay/sakura_higashi_koenji
s00000022946001,https://jpcampus.net/stay/sakura_higashi_koenji?lang=en
s00000022946001,https://jpcampus.net/stay/sakura_higashi_koenji?lang=kr
s00000022946001,https://jpcampus.net/stay/sakura_higashi_nagasaki_b
s00000022946001,https://jpcampus.net/stay/sakura_higashi_nagasaki_b?lang=en
s00000022946001,https://jpcampus.net/stay/sakura_higashi_nagasaki_b?lang=kr
s00000022946001,https://jpcampus.net/stay/sakura_higashi_nagasaki_terrace
s00000022946001,https://jpcampus.net/stay/sakura_higashi_nagasaki_terrace?lang=en
s00000022946001,https://jpcampus.net/stay/sakura_higashi_nagasaki_terrace?lang=kr
s00000022946001,https://jpcampus.net/stay/sakura_hotel_hatagaya
s00000022946001,https://jpcampus.net/stay/sakura_hotel_hatagaya?lang=en
s00000022946001,https://jpcampus.net/stay/sakura_hotel_hatagaya?lang=kr
s00000022946001,https://jpcampus.net/stay/sakura_house_ikebukuro
s00000022946001,https://jpcampus.net/stay/sakura_house_ikebukuro?lang=en
s00000022946001,https://jpcampus.net/stay/sakura_house_ikebukuro?lang=kr
s00000022946001,https://jpcampus.net/stay/sakura_house_nippori
s00000022946001,https://jpcampus.net/stay/sakura_house_nippori?lang=en
s00000022946001,https://jpcampus.net/stay/sakura_house_nippori?lang=kr
s00000022946001,https://jpcampus.net/stay/sakura_house_shinjuku
s00000022946001,https://jpcampus.net/stay/sakura_house_shinjuku?lang=en
s00000022946001,https://jpcampus.net/stay/sakura_house_shinjuku?lang=kr
s00000022946001,https://jpcampus.net/stay/sakura_kyoto_annex
s00000022946001,https://jpcampus.net/stay/sakura_kyoto_annex?lang=en
s00000022946001,https://jpcampus.net/stay/sakura_kyoto_annex?lang=kr
s00000022946001,https://jpcampus.net/stay/sakura_kyoto_imadegawa
s00000022946001,https://jpcampus.net/stay/sakura_kyoto_imadegawa?lang=en
s00000022946001,https://jpcampus.net/stay/sakura_kyoto_imadegawa?lang=kr
s00000022946001,https://jpcampus.net/stay/sakura_kyoto_imadegawa_l
s00000022946001,https://jpcampus.net/stay/sakura_kyoto_imadegawa_l?lang=en
s00000022946001,https://jpcampus.net/stay/sakura_kyoto_imadegawa_l?lang=kr
s00000022946001,https://jpcampus.net/stay/sakura_shibuya_ebisu_apartment_2
s00000022946001,https://jpcampus.net/stay/sakura_shibuya_ebisu_apartment_2?lang=en
s00000022946001,https://jpcampus.net/stay/sakura_shibuya_ebisu_apartment_2?lang=kr
s00000022946001,https://jpcampus.net/stay/sakura_sunshine_city
s00000022946001,https://jpcampus.net/stay/sakura_sunshine_city?lang=en
s00000022946001,https://jpcampus.net/stay/sakura_sunshine_city?lang=kr
s00000022946001,https://jpcampus.net/stay/sakura_sunshine_city_b
s00000022946001,https://jpcampus.net/stay/sakura_sunshine_city_b?lang=en
s00000022946001,https://jpcampus.net/stay/sakura_sunshine_city_b?lang=kr
s00000022946001,https://jpcampus.net/stay/sakura_tsutsujigaoka
s00000022946001,https://jpcampus.net/stay/sakura_tsutsujigaoka?lang=en
s00000022946001,https://jpcampus.net/stay/sakura_tsutsujigaoka?lang=kr
s00000022946001,https://jpcampus.net/stay/sapore_shibuya
s00000022946001,https://jpcampus.net/stay/sapore_shibuya?lang=en
s00000022946001,https://jpcampus.net/stay/sapore_shibuya?lang=kr
s00000022946001,https://jpcampus.net/stay/shin_okubo_monthly
s00000022946001,https://jpcampus.net/stay/shin_okubo_monthly?lang=en
s00000022946001,https://jpcampus.net/stay/shin_okubo_monthly?lang=kr
s00000022946001,https://jpcampus.net/stay/tokyu_stay_shibuya
s00000022946001,https://jpcampus.net/stay/tokyu_stay_shibuya?lang=en
s00000022946001,https://jpcampus.net/stay/tokyu_stay_shibuya?lang=kr
s00000022946001,https://jpcampus.net/stay/world_neighbors_kiba
s00000022946001,https://jpcampus.net/stay/world_neighbors_kiba?lang=en
s00000022946001,https://jpcampus.net/stay/world_neighbors_kiba?lang=kr
s00000022946001,https://jpfun.net/item/alts_bandai_en
s00000022946001,https://jpfun.net/item/alts_bandai_en?lang=ko
s00000022946001,https://jpfun.net/item/alts_bandai_ko
s00000022946001,https://jpfun.net/item/alts_bandai_ko?lang=ko
s00000022946001,https://jpfun.net/item/appi_kogen_en
s00000022946001,https://jpfun.net/item/appi_kogen_en?lang=ko
s00000022946001,https://jpfun.net/item/appi_kogen_ko
s00000022946001,https://jpfun.net/item/appi_kogen_ko?lang=ko
s00000022946001,https://jpfun.net/item/asahidake_en
s00000022946001,https://jpfun.net/item/asahidake_en?lang=ko
s00000022946001,https://jpfun.net/item/asahidake_ko
s00000022946001,https://jpfun.net/item/asahidake_ko?lang=ko
s00000022946001,https://jpfun.net/item/chiba_hebara_en
s00000022946001,https://jpfun.net/item/chiba_hebara_en?lang=ko
s00000022946001,https://jpfun.net/item/chiba_hebara_ko
s00000022946001,https://jpfun.net/item/chiba_hebara_ko?lang=ko
s00000022946001,https://jpfun.net/item/chiba_kujukuri_en
s00000022946001,https://jpfun.net/item/chiba_kujukuri_en?lang=ko
s00000022946001,https://jpfun.net/item/chiba_kujukuri_ko
s00000022946001,https://jpfun.net/item/chiba_kujukuri_ko?lang=ko
s00000022946001,https://jpfun.net/item/chubu_norikura_camp_en
s00000022946001,https://jpfun.net/item/chubu_norikura_camp_en?lang=ko
s00000022946001,https://jpfun.net/item/chubu_norikura_camp_ko
s00000022946001,https://jpfun.net/item/chubu_norikura_camp_ko?lang=ko
s00000022946001,https://jpfun.net/item/chugoku_setouchi_camp_en
s00000022946001,https://jpfun.net/item/chugoku_setouchi_camp_en?lang=ko
s00000022946001,https://jpfun.net/item/chugoku_setouchi_camp_ko
s00000022946001,https://jpfun.net/item/chugoku_setouchi_camp_ko?lang=ko
s00000022946001,https://jpfun.net/item/dynaland_en
s00000022946001,https://jpfun.net/item/dynaland_en?lang=ko
s00000022946001,https://jpfun.net/item/dynaland_ko
s00000022946001,https://jpfun.net/item/dynaland_ko?lang=ko
s00000022946001,https://jpfun.net/item/fuji_kawaguchiko_camp_en
s00000022946001,https://jpfun.net/item/fuji_kawaguchiko_camp_en?lang=ko
s00000022946001,https://jpfun.net/item/fuji_kawaguchiko_camp_ko
s00000022946001,https://jpfun.net/item/fuji_kawaguchiko_camp_ko?lang=ko
s00000022946001,https://jpfun.net/item/fuji_motosu_camp_en
s00000022946001,https://jpfun.net/item/fuji_motosu_camp_en?lang=ko
s00000022946001,https://jpfun.net/item/fuji_motosu_camp_ko
s00000022946001,https://jpfun.net/item/fuji_motosu_camp_ko?lang=ko
s00000022946001,https://jpfun.net/item/fuji_yamanakako_camp_en
s00000022946001,https://jpfun.net/item/fuji_yamanakako_camp_en?lang=ko
s00000022946001,https://jpfun.net/item/fuji_yamanakako_camp_ko
s00000022946001,https://jpfun.net/item/fuji_yamanakako_camp_ko?lang=ko
s00000022946001,https://jpfun.net/item/fukushima_nakoso_en
s00000022946001,https://jpfun.net/item/fukushima_nakoso_en?lang=ko
s00000022946001,https://jpfun.net/item/fukushima_nakoso_ko
s00000022946001,https://jpfun.net/item/fukushima_nakoso_ko?lang=ko
s00000022946001,https://jpfun.net/item/furano_en
s00000022946001,https://jpfun.net/item/furano_en?lang=ko
s00000022946001,https://jpfun.net/item/furano_ko
s00000022946001,https://jpfun.net/item/furano_ko?lang=ko
s00000022946001,https://jpfun.net/item/gala_yuzawa_en
s00000022946001,https://jpfun.net/item/gala_yuzawa_en?lang=ko
s00000022946001,https://jpfun.net/item/gala_yuzawa_ko
s00000022946001,https://jpfun.net/item/gala_yuzawa_ko?lang=ko
s00000022946001,https://jpfun.net/item/geto_kogen_en
s00000022946001,https://jpfun.net/item/geto_kogen_en?lang=ko
s00000022946001,https://jpfun.net/item/geto_kogen_ko
s00000022946001,https://jpfun.net/item/geto_kogen_ko?lang=ko
s00000022946001,https://jpfun.net/item/hakuba_47_en
s00000022946001,https://jpfun.net/item/hakuba_47_en?lang=ko
s00000022946001,https://jpfun.net/item/hakuba_47_ko
s00000022946001,https://jpfun.net/item/hakuba_47_ko?lang=ko
s00000022946001,https://jpfun.net/item/hakuba_camp_en
s00000022946001,https://jpfun.net/item/hakuba_camp_en?lang=ko
s00000022946001,https://jpfun.net/item/hakuba_camp_ko
s00000022946001,https://jpfun.net/item/hakuba_camp_ko?lang=ko
s00000022946001,https://jpfun.net/item/hakuba_cortina_en
s00000022946001,https://jpfun.net/item/hakuba_cortina_en?lang=ko
s00000022946001,https://jpfun.net/item/hakuba_cortina_ko
s00000022946001,https://jpfun.net/item/hakuba_cortina_ko?lang=ko
s00000022946001,https://jpfun.net/item/hakuba_goryu_en
s00000022946001,https://jpfun.net/item/hakuba_goryu_en?lang=ko
s00000022946001,https://jpfun.net/item/hakuba_goryu_ko
s00000022946001,https://jpfun.net/item/hakuba_goryu_ko?lang=ko
s00000022946001,https://jpfun.net/item/hakuba_happo_one_en
s00000022946001,https://jpfun.net/item/hakuba_happo_one_en?lang=ko
s00000022946001,https://jpfun.net/item/hakuba_happo_one_ko
s00000022946001,https://jpfun.net/item/hakuba_happo_one_ko?lang=ko
s00000022946001,https://jpfun.net/item/hakuba_iwatake_en
s00000022946001,https://jpfun.net/item/hakuba_iwatake_en?lang=ko
s00000022946001,https://jpfun.net/item/hakuba_iwatake_ko
s00000022946001,https://jpfun.net/item/hakuba_iwatake_ko?lang=ko
s00000022946001,https://jpfun.net/item/hirayu_onsen_en
s00000022946001,https://jpfun.net/item/hirayu_onsen_en?lang=ko
s00000022946001,https://jpfun.net/item/hirayu_onsen_ko
s00000022946001,https://jpfun.net/item/hirayu_onsen_ko?lang=ko
s00000022946001,https://jpfun.net/item/hokkaido_furano_camp_en
s00000022946001,https://jpfun.net/item/hokkaido_furano_camp_en?lang=ko
s00000022946001,https://jpfun.net/item/hokkaido_furano_camp_ko
s00000022946001,https://jpfun.net/item/hokkaido_furano_camp_ko?lang=ko
s00000022946001,https://jpfun.net/item/hokkaido_toya_camp_en
s00000022946001,https://jpfun.net/item/hokkaido_toya_camp_en?lang=ko
s00000022946001,https://jpfun.net/item/hokkaido_toya_camp_ko
s00000022946001,https://jpfun.net/item/hokkaido_toya_camp_ko?lang=ko
s00000022946001,https://jpfun.net/item/hunter_mountain_shiobara_en
s00000022946001,https://jpfun.net/item/hunter_mountain_shiobara_en?lang=ko
s00000022946001,https://jpfun.net/item/hunter_mountain_shiobara_ko
s00000022946001,https://jpfun.net/item/hunter_mountain_shiobara_ko?lang=ko
s00000022946001,https://jpfun.net/item/ibaraki_oaraibaraki_en
s00000022946001,https://jpfun.net/item/ibaraki_oaraibaraki_en?lang=ko
s00000022946001,https://jpfun.net/item/ibaraki_oaraibaraki_ko
s00000022946001,https://jpfun.net/item/ibaraki_oaraibaraki_ko?lang=ko
s00000022946001,https://jpfun.net/item/ipponsugi_en
s00000022946001,https://jpfun.net/item/ipponsugi_en?lang=ko
s00000022946001,https://jpfun.net/item/ipponsugi_ko
s00000022946001,https://jpfun.net/item/ipponsugi_ko?lang=ko
s00000022946001,https://jpfun.net/item/iwappara_en
s00000022946001,https://jpfun.net/item/iwappara_en?lang=ko
s00000022946001,https://jpfun.net/item/iwappara_ko
s00000022946001,https://jpfun.net/item/iwappara_ko?lang=ko
s00000022946001,https://jpfun.net/item/izu_ito_en
s00000022946001,https://jpfun.net/item/izu_ito_en?lang=ko
s00000022946001,https://jpfun.net/item/izu_ito_ko
s00000022946001,https://jpfun.net/item/izu_ito_ko?lang=ko
s00000022946001,https://jpfun.net/item/izu_oshima_en
s00000022946001,https://jpfun.net/item/izu_oshima_en?lang=ko
s00000022946001,https://jpfun.net/item/izu_oshima_ko
s00000022946001,https://jpfun.net/item/izu_oshima_ko?lang=ko
s00000022946001,https://jpfun.net/item/izu_shimoda_en
s00000022946001,https://jpfun.net/item/izu_shimoda_en?lang=ko
s00000022946001,https://jpfun.net/item/izu_shimoda_ko
s00000022946001,https://jpfun.net/item/izu_shimoda_ko?lang=ko
s00000022946001,https://jpfun.net/item/joetsu_kokusai_en
s00000022946001,https://jpfun.net/item/joetsu_kokusai_en?lang=ko
s00000022946001,https://jpfun.net/item/joetsu_kokusai_ko
s00000022946001,https://jpfun.net/item/joetsu_kokusai_ko?lang=ko
s00000022946001,https://jpfun.net/item/kagoshima_amami_en
s00000022946001,https://jpfun.net/item/kagoshima_amami_en?lang=ko
s00000022946001,https://jpfun.net/item/kagoshima_amami_ko
s00000022946001,https://jpfun.net/item/kagoshima_amami_ko?lang=ko
s00000022946001,https://jpfun.net/item/kagoshima_yakushima_en
s00000022946001,https://jpfun.net/item/kagoshima_yakushima_en?lang=ko
s00000022946001,https://jpfun.net/item/kagoshima_yakushima_ko
s00000022946001,https://jpfun.net/item/kagoshima_yakushima_ko?lang=ko
s00000022946001,https://jpfun.net/item/kagura_en
s00000022946001,https://jpfun.net/item/kagura_en?lang=ko
s00000022946001,https://jpfun.net/item/kagura_ko
s00000022946001,https://jpfun.net/item/kagura_ko?lang=ko
s00000022946001,https://jpfun.net/item/kanto_hakone_camp_en
s00000022946001,https://jpfun.net/item/kanto_hakone_camp_en?lang=ko
s00000022946001,https://jpfun.net/item/kanto_hakone_camp_ko
s00000022946001,https://jpfun.net/item/kanto_hakone_camp_ko?lang=ko
s00000022946001,https://jpfun.net/item/karuizawa_prince_en
s00000022946001,https://jpfun.net/item/karuizawa_prince_en?lang=ko
s00000022946001,https://jpfun.net/item/karuizawa_prince_ko
s00000022946001,https://jpfun.net/item/karuizawa_prince_ko?lang=ko
s00000022946001,https://jpfun.net/item/kawaba_en
s00000022946001,https://jpfun.net/item/kawaba_en?lang=ko
s00000022946001,https://jpfun.net/item/kawaba_ko
s00000022946001,https://jpfun.net/item/kawaba_ko?lang=ko
s00000022946001,https://jpfun.net/item/kirifuri_kogen_en
s00000022946001,https://jpfun.net/item/kirifuri_kogen_en?lang=ko
s00000022946001,https://jpfun.net/item/kirifuri_kogen_ko
s00000022946001,https://jpfun.net/item/kirifuri_kogen_ko?lang=ko
s00000022946001,https://jpfun.net/item/kiroro_en
s00000022946001,https://jpfun.net/item/kiroro_en?lang=ko
s00000022946001,https://jpfun.net/item/kiroro_ko
s00000022946001,https://jpfun.net/item/kiroro_ko?lang=ko
s00000022946001,https://jpfun.net/item/kochi_irisaki_en
s00000022946001,https://jpfun.net/item/kochi_irisaki_en?lang=ko
s00000022946001,https://jpfun.net/item/kochi_irisaki_ko
s00000022946001,https://jpfun.net/item/kochi_irisaki_ko?lang=ko
s00000022946001,https://jpfun.net/item/kusatsu_kokusai_en
s00000022946001,https://jpfun.net/item/kusatsu_kokusai_en?lang=ko
s00000022946001,https://jpfun.net/item/kusatsu_kokusai_ko
s00000022946001,https://jpfun.net/item/kusatsu_kokusai_ko?lang=ko
s00000022946001,https://jpfun.net/item/madarao_kogen_en
s00000022946001,https://jpfun.net/item/madarao_kogen_en?lang=ko
s00000022946001,https://jpfun.net/item/madarao_kogen_ko
s00000022946001,https://jpfun.net/item/madarao_kogen_ko?lang=ko
s00000022946001,https://jpfun.net/item/maiko_snow_resort_en
s00000022946001,https://jpfun.net/item/maiko_snow_resort_en?lang=ko
s00000022946001,https://jpfun.net/item/maiko_snow_resort_ko
s00000022946001,https://jpfun.net/item/maiko_snow_resort_ko?lang=ko
s00000022946001,https://jpfun.net/item/manza_onsen_en
s00000022946001,https://jpfun.net/item/manza_onsen_en?lang=ko
s00000022946001,https://jpfun.net/item/manza_onsen_ko
s00000022946001,https://jpfun.net/item/manza_onsen_ko?lang=ko
s00000022946001,https://jpfun.net/item/minakami_hotaka_en
s00000022946001,https://jpfun.net/item/minakami_hotaka_en?lang=ko
s00000022946001,https://jpfun.net/item/minakami_hotaka_ko
s00000022946001,https://jpfun.net/item/minakami_hotaka_ko?lang=ko
s00000022946001,https://jpfun.net/item/mt_jeans_nasu_en
s00000022946001,https://jpfun.net/item/mt_jeans_nasu_en?lang=ko
s00000022946001,https://jpfun.net/item/mt_jeans_nasu_ko
s00000022946001,https://jpfun.net/item/mt_jeans_nasu_ko?lang=ko
s00000022946001,https://jpfun.net/item/myoko_suginohara_en
s00000022946001,https://jpfun.net/item/myoko_suginohara_en?lang=ko
s00000022946001,https://jpfun.net/item/myoko_suginohara_ko
s00000022946001,https://jpfun.net/item/myoko_suginohara_ko?lang=ko
s00000022946001,https://jpfun.net/item/naeba_en
s00000022946001,https://jpfun.net/item/naeba_en?lang=ko
s00000022946001,https://jpfun.net/item/naeba_ko
s00000022946001,https://jpfun.net/item/naeba_ko?lang=ko
s00000022946001,https://jpfun.net/item/nagano_karuizawa_camp_en
s00000022946001,https://jpfun.net/item/nagano_karuizawa_camp_en?lang=ko
s00000022946001,https://jpfun.net/item/nagano_karuizawa_camp_ko
s00000022946001,https://jpfun.net/item/nagano_karuizawa_camp_ko?lang=ko
s00000022946001,https://jpfun.net/item/nagano_tateshina_camp_en
s00000022946001,https://jpfun.net/item/nagano_tateshina_camp_en?lang=ko
s00000022946001,https://jpfun.net/item/nagano_tateshina_camp_ko
s00000022946001,https://jpfun.net/item/nagano_tateshina_camp_ko?lang=ko
s00000022946001,https://jpfun.net/item/nasu_onsen_family_en
s00000022946001,https://jpfun.net/item/nasu_onsen_family_en?lang=ko
s00000022946001,https://jpfun.net/item/nasu_onsen_family_ko
s00000022946001,https://jpfun.net/item/nasu_onsen_family_ko?lang=ko
s00000022946001,https://jpfun.net/item/niseko_annupuri_en
s00000022946001,https://jpfun.net/item/niseko_annupuri_en?lang=ko
s00000022946001,https://jpfun.net/item/niseko_annupuri_ko
s00000022946001,https://jpfun.net/item/niseko_annupuri_ko?lang=ko
s00000022946001,https://jpfun.net/item/niseko_grand_hirafu_en
s00000022946001,https://jpfun.net/item/niseko_grand_hirafu_en?lang=ko
s00000022946001,https://jpfun.net/item/niseko_grand_hirafu_ko
s00000022946001,https://jpfun.net/item/niseko_grand_hirafu_ko?lang=ko
s00000022946001,https://jpfun.net/item/niseko_hanazono_en
s00000022946001,https://jpfun.net/item/niseko_hanazono_en?lang=ko
s00000022946001,https://jpfun.net/item/niseko_hanazono_ko
s00000022946001,https://jpfun.net/item/niseko_hanazono_ko?lang=ko
s00000022946001,https://jpfun.net/item/niseko_village_en
s00000022946001,https://jpfun.net/item/niseko_village_en?lang=ko
s00000022946001,https://jpfun.net/item/niseko_village_ko
s00000022946001,https://jpfun.net/item/niseko_village_ko?lang=ko
s00000022946001,https://jpfun.net/item/nozawa_onsen_en
s00000022946001,https://jpfun.net/item/nozawa_onsen_en?lang=ko
s00000022946001,https://jpfun.net/item/nozawa_onsen_ko
s00000022946001,https://jpfun.net/item/nozawa_onsen_ko?lang=ko
s00000022946001,https://jpfun.net/item/okinawa_blue_cave_en
s00000022946001,https://jpfun.net/item/okinawa_blue_cave_en?lang=ko
s00000022946001,https://jpfun.net/item/okinawa_blue_cave_ko
s00000022946001,https://jpfun.net/item/okinawa_blue_cave_ko?lang=ko
s00000022946001,https://jpfun.net/item/okinawa_ishigaki_manta_en
s00000022946001,https://jpfun.net/item/okinawa_ishigaki_manta_en?lang=ko
s00000022946001,https://jpfun.net/item/okinawa_ishigaki_manta_ko
s00000022946001,https://jpfun.net/item/okinawa_ishigaki_manta_ko?lang=ko
s00000022946001,https://jpfun.net/item/okinawa_ishigaki_surf_en
s00000022946001,https://jpfun.net/item/okinawa_ishigaki_surf_en?lang=ko
s00000022946001,https://jpfun.net/item/okinawa_ishigaki_surf_ko
s00000022946001,https://jpfun.net/item/okinawa_ishigaki_surf_ko?lang=ko
s00000022946001,https://jpfun.net/item/okinawa_kerama_en
s00000022946001,https://jpfun.net/item/okinawa_kerama_en?lang=ko
s00000022946001,https://jpfun.net/item/okinawa_kerama_ko
s00000022946001,https://jpfun.net/item/okinawa_kerama_ko?lang=ko
s00000022946001,https://jpfun.net/item/okinawa_minna_en
s00000022946001,https://jpfun.net/item/okinawa_minna_en?lang=ko
s00000022946001,https://jpfun.net/item/okinawa_minna_ko
s00000022946001,https://jpfun.net/item/okinawa_minna_ko?lang=ko
s00000022946001,https://jpfun.net/item/okinawa_miyako_dive_en
s00000022946001,https://jpfun.net/item/okinawa_miyako_dive_en?lang=ko
s00000022946001,https://jpfun.net/item/okinawa_miyako_dive_ko
s00000022946001,https://jpfun.net/item/okinawa_miyako_dive_ko?lang=ko
s00000022946001,https://jpfun.net/item/okinawa_sunayama_en
s00000022946001,https://jpfun.net/item/okinawa_sunayama_en?lang=ko
s00000022946001,https://jpfun.net/item/okinawa_sunayama_ko
s00000022946001,https://jpfun.net/item/okinawa_sunayama_ko?lang=ko
s00000022946001,https://jpfun.net/item/okinawa_yomitan_en
s00000022946001,https://jpfun.net/item/okinawa_yomitan_en?lang=ko
s00000022946001,https://jpfun.net/item/okinawa_yomitan_ko
s00000022946001,https://jpfun.net/item/okinawa_yomitan_ko?lang=ko
s00000022946001,https://jpfun.net/item/okinawa_yonaguni_en
s00000022946001,https://jpfun.net/item/okinawa_yonaguni_en?lang=ko
s00000022946001,https://jpfun.net/item/okinawa_yonaguni_ko
s00000022946001,https://jpfun.net/item/okinawa_yonaguni_ko?lang=ko
s00000022946001,https://jpfun.net/item/rusutsu_en
s00000022946001,https://jpfun.net/item/rusutsu_en?lang=ko
s00000022946001,https://jpfun.net/item/rusutsu_ko
s00000022946001,https://jpfun.net/item/rusutsu_ko?lang=ko
s00000022946001,https://jpfun.net/item/sahoro_en
s00000022946001,https://jpfun.net/item/sahoro_en?lang=ko
s00000022946001,https://jpfun.net/item/sahoro_ko
s00000022946001,https://jpfun.net/item/sahoro_ko?lang=ko
s00000022946001,https://jpfun.net/item/sapporo_kokusai_en
s00000022946001,https://jpfun.net/item/sapporo_kokusai_en?lang=ko
s00000022946001,https://jpfun.net/item/sapporo_kokusai_ko
s00000022946001,https://jpfun.net/item/sapporo_kokusai_ko?lang=ko
s00000022946001,https://jpfun.net/item/sapporo_teine_en
s00000022946001,https://jpfun.net/item/sapporo_teine_en?lang=ko
s00000022946001,https://jpfun.net/item/sapporo_teine_ko
s00000022946001,https://jpfun.net/item/sapporo_teine_ko?lang=ko
s00000022946001,https://jpfun.net/item/shiga_kogen_en
s00000022946001,https://jpfun.net/item/shiga_kogen_en?lang=ko
s00000022946001,https://jpfun.net/item/shiga_kogen_ko
s00000022946001,https://jpfun.net/item/shiga_kogen_ko?lang=ko
s00000022946001,https://jpfun.net/item/shimanami_camp_en
s00000022946001,https://jpfun.net/item/shimanami_camp_en?lang=ko
s00000022946001,https://jpfun.net/item/shimanami_camp_ko
s00000022946001,https://jpfun.net/item/shimanami_camp_ko?lang=ko
s00000022946001,https://jpfun.net/item/shizuoka_iso_en
s00000022946001,https://jpfun.net/item/shizuoka_iso_en?lang=ko
s00000022946001,https://jpfun.net/item/shizuoka_iso_ko
s00000022946001,https://jpfun.net/item/shizuoka_iso_ko?lang=ko
s00000022946001,https://jpfun.net/item/shizuoka_ohsezaki_en
s00000022946001,https://jpfun.net/item/shizuoka_ohsezaki_en?lang=ko
s00000022946001,https://jpfun.net/item/shizuoka_ohsezaki_ko
s00000022946001,https://jpfun.net/item/shizuoka_ohsezaki_ko?lang=ko
s00000022946001,https://jpfun.net/item/shonan_chigasaki_en
s00000022946001,https://jpfun.net/item/shonan_chigasaki_en?lang=ko
s00000022946001,https://jpfun.net/item/shonan_chigasaki_ko
s00000022946001,https://jpfun.net/item/shonan_chigasaki_ko?lang=ko
s00000022946001,https://jpfun.net/item/shonan_kugenuma_en
s00000022946001,https://jpfun.net/item/shonan_kugenuma_en?lang=ko
s00000022946001,https://jpfun.net/item/shonan_kugenuma_ko
s00000022946001,https://jpfun.net/item/shonan_kugenuma_ko?lang=ko
s00000022946001,https://jpfun.net/item/shonan_tsujido_en
s00000022946001,https://jpfun.net/item/shonan_tsujido_en?lang=ko
s00000022946001,https://jpfun.net/item/shonan_tsujido_ko
s00000022946001,https://jpfun.net/item/shonan_tsujido_ko?lang=ko
s00000022946001,https://jpfun.net/item/takasu_snow_park_en
s00000022946001,https://jpfun.net/item/takasu_snow_park_en?lang=ko
s00000022946001,https://jpfun.net/item/takasu_snow_park_ko
s00000022946001,https://jpfun.net/item/takasu_snow_park_ko?lang=ko
s00000022946001,https://jpfun.net/item/tangram_ski_circus_en
s00000022946001,https://jpfun.net/item/tangram_ski_circus_en?lang=ko
s00000022946001,https://jpfun.net/item/tangram_ski_circus_ko
s00000022946001,https://jpfun.net/item/tangram_ski_circus_ko?lang=ko
s00000022946001,https://jpfun.net/item/tomamu_en
s00000022946001,https://jpfun.net/item/tomamu_en?lang=ko
s00000022946001,https://jpfun.net/item/tomamu_ko
s00000022946001,https://jpfun.net/item/tomamu_ko?lang=ko
s00000022946001,https://jpfun.net/item/tsugaike_kogen_en
s00000022946001,https://jpfun.net/item/tsugaike_kogen_en?lang=ko
s00000022946001,https://jpfun.net/item/tsugaike_kogen_ko
s00000022946001,https://jpfun.net/item/tsugaike_kogen_ko?lang=ko
s00000022946001,https://jpfun.net/item/washigatake_en
s00000022946001,https://jpfun.net/item/washigatake_en?lang=ko
s00000022946001,https://jpfun.net/item/washigatake_ko
s00000022946001,https://jpfun.net/item/washigatake_ko?lang=ko
s00000022946001,https://jpfun.net/item/yuzawa_kogen_en
s00000022946001,https://jpfun.net/item/yuzawa_kogen_en?lang=ko
s00000022946001,https://jpfun.net/item/yuzawa_kogen_ko
s00000022946001,https://jpfun.net/item/yuzawa_kogen_ko?lang=ko
s00000022946001,https://jpfun.net/item/zao_onsen_en
s00000022946001,https://jpfun.net/item/zao_onsen_en?lang=ko
s00000022946001,https://jpfun.net/item/zao_onsen_ko
s00000022946001,https://jpfun.net/item/zao_onsen_ko?lang=ko
s00000022946001,https://krcampus.net/guide/busan-student-life
s00000022946001,https://krcampus.net/guide/busan-student-life?lang=en
s00000022946001,https://krcampus.net/guide/dorm-application
s00000022946001,https://krcampus.net/guide/dorm-application?lang=en
s00000022946001,https://krcampus.net/guide/goshiwon-guide
s00000022946001,https://krcampus.net/guide/goshiwon-guide?lang=en
s00000022946001,https://krcampus.net/guide/housing
s00000022946001,https://krcampus.net/guide/housing?lang=en
s00000022946001,https://krcampus.net/guide/monthly-budget-busan
s00000022946001,https://krcampus.net/guide/monthly-budget-busan?lang=en
s00000022946001,https://krcampus.net/guide/monthly-budget-seoul
s00000022946001,https://krcampus.net/guide/monthly-budget-seoul?lang=en
s00000022946001,https://krcampus.net/guide/seoul-neighborhoods
s00000022946001,https://krcampus.net/guide/seoul-neighborhoods?lang=en
s00000022946001,https://krcampus.net/guide/urban-lifestyle-seoul-schools
s00000022946001,https://krcampus.net/guide/urban-lifestyle-seoul-schools?lang=en
s00000022946001,https://krcampus.net/school/school_chonnam-national-university-korean-language-institute
s00000022946001,https://krcampus.net/school/school_chonnam-national-university-korean-language-institute?lang=en
s00000022946001,https://krcampus.net/school/school_chosun-university-korean-language-institute
s00000022946001,https://krcampus.net/school/school_chosun-university-korean-language-institute?lang=en
s00000022946001,https://krcampus.net/school/school_chung-ang-university-language-institute
s00000022946001,https://krcampus.net/school/school_chung-ang-university-language-institute?lang=en
s00000022946001,https://krcampus.net/school/school_chungnam-national-university-korean-language-center
s00000022946001,https://krcampus.net/school/school_chungnam-national-university-korean-language-center?lang=en
s00000022946001,https://krcampus.net/school/school_daegu-university-korean-language-institute
s00000022946001,https://krcampus.net/school/school_daegu-university-korean-language-institute?lang=en
s00000022946001,https://krcampus.net/school/school_dankook-university-korean-language-center
s00000022946001,https://krcampus.net/school/school_dankook-university-korean-language-center?lang=en
s00000022946001,https://krcampus.net/school/school_dong-a-university-korean-language-institute
s00000022946001,https://krcampus.net/school/school_dong-a-university-korean-language-institute?lang=en
s00000022946001,https://krcampus.net/school/school_dongduk-womens-university-korean-language-institute
s00000022946001,https://krcampus.net/school/school_dongduk-womens-university-korean-language-institute?lang=en
s00000022946001,https://krcampus.net/school/school_dongguk-university-korean-language-institute
s00000022946001,https://krcampus.net/school/school_dongguk-university-korean-language-institute?lang=en
s00000022946001,https://krcampus.net/school/school_dongseo-university-korean-language-institute
s00000022946001,https://krcampus.net/school/school_dongseo-university-korean-language-institute?lang=en
s00000022946001,https://krcampus.net/school/school_duksung-womens-university-korean-language-institute
s00000022946001,https://krcampus.net/school/school_duksung-womens-university-korean-language-institute?lang=en
s00000022946001,https://krcampus.net/school/school_ewha-language-center
s00000022946001,https://krcampus.net/school/school_ewha-language-center?lang=en
s00000022946001,https://krcampus.net/school/school_gachon-university-korean-language-institute
s00000022946001,https://krcampus.net/school/school_gachon-university-korean-language-institute?lang=en
s00000022946001,https://krcampus.net/school/school_gangnam-korean-language-academy
s00000022946001,https://krcampus.net/school/school_gangnam-korean-language-academy?lang=en
s00000022946001,https://krcampus.net/school/school_hannam-university-korean-language-institute
s00000022946001,https://krcampus.net/school/school_hannam-university-korean-language-institute?lang=en
s00000022946001,https://krcampus.net/school/school_hansung-university-korean-language-institute
s00000022946001,https://krcampus.net/school/school_hansung-university-korean-language-institute?lang=en
s00000022946001,https://krcampus.net/school/school_hanyang-university-erica-international-language-institute
s00000022946001,https://krcampus.net/school/school_hanyang-university-erica-international-language-institute?lang=en
s00000022946001,https://krcampus.net/school/school_hanyang-university-seoul-institute-of-international-education
s00000022946001,https://krcampus.net/school/school_hanyang-university-seoul-institute-of-international-education?lang=en
s00000022946001,https://krcampus.net/school/school_hongik-university-korean-language-program
s00000022946001,https://krcampus.net/school/school_hongik-university-korean-language-program?lang=en
s00000022946001,https://krcampus.net/school/school_hufs-korean-language-education-center
s00000022946001,https://krcampus.net/school/school_hufs-korean-language-education-center?lang=en
s00000022946001,https://krcampus.net/school/school_hufs-seoul-korean-language-education-center
s00000022946001,https://krcampus.net/school/school_hufs-seoul-korean-language-education-center?lang=en
s00000022946001,https://krcampus.net/school/school_incheon-national-university-korean-language-institute
s00000022946001,https://krcampus.net/school/school_incheon-national-university-korean-language-institute?lang=en
s00000022946001,https://krcampus.net/school/school_inha-university-korean-language-institute
s00000022946001,https://krcampus.net/school/school_inha-university-korean-language-institute?lang=en
s00000022946001,https://krcampus.net/school/school_kangnam-university-korean-language-center
s00000022946001,https://krcampus.net/school/school_kangnam-university-korean-language-center?lang=en
s00000022946001,https://krcampus.net/school/school_keimyung-university-korean-language-institute
s00000022946001,https://krcampus.net/school/school_keimyung-university-korean-language-institute?lang=en
s00000022946001,https://krcampus.net/school/school_konkuk-university-language-education-institute
s00000022946001,https://krcampus.net/school/school_konkuk-university-language-education-institute?lang=en
s00000022946001,https://krcampus.net/school/school_kookmin-university-korean-language-center
s00000022946001,https://krcampus.net/school/school_kookmin-university-korean-language-center?lang=en
s00000022946001,https://krcampus.net/school/school_korea-aerospace-university-korean-language-center
s00000022946001,https://krcampus.net/school/school_korea-aerospace-university-korean-language-center?lang=en
s00000022946001,https://krcampus.net/school/school_korea-university-korean-language-center
s00000022946001,https://krcampus.net/school/school_korea-university-korean-language-center?lang=en
s00000022946001,https://krcampus.net/school/school_kwangwoon-university-korean-language-institute
s00000022946001,https://krcampus.net/school/school_kwangwoon-university-korean-language-institute?lang=en
s00000022946001,https://krcampus.net/school/school_kyung-hee-university-iie
s00000022946001,https://krcampus.net/school/school_kyung-hee-university-iie?lang=en
s00000022946001,https://krcampus.net/school/school_pukyong-national-university-korean-language-center
s00000022946001,https://krcampus.net/school/school_pukyong-national-university-korean-language-center?lang=en
s00000022946001,https://krcampus.net/school/school_pusan-national-university-korean-language-program
s00000022946001,https://krcampus.net/school/school_pusan-national-university-korean-language-program?lang=en
s00000022946001,https://krcampus.net/school/school_sahmyook-university-korean-language-institute
s00000022946001,https://krcampus.net/school/school_sahmyook-university-korean-language-institute?lang=en
s00000022946001,https://krcampus.net/school/school_sangmyung-university-korean-language-education-center
s00000022946001,https://krcampus.net/school/school_sangmyung-university-korean-language-education-center?lang=en
s00000022946001,https://krcampus.net/school/school_sejong-institute-seoul
s00000022946001,https://krcampus.net/school/school_sejong-institute-seoul?lang=en
s00000022946001,https://krcampus.net/school/school_sejong-university-korean-language-center
s00000022946001,https://krcampus.net/school/school_sejong-university-korean-language-center?lang=en
s00000022946001,https://krcampus.net/school/school_seoul-national-university-language-education-institute
s00000022946001,https://krcampus.net/school/school_seoul-national-university-language-education-institute?lang=en
s00000022946001,https://krcampus.net/school/school_seoultech-korean-language-center
s00000022946001,https://krcampus.net/school/school_seoultech-korean-language-center?lang=en
s00000022946001,https://krcampus.net/school/school_silla-university-korean-language-institute
s00000022946001,https://krcampus.net/school/school_silla-university-korean-language-institute?lang=en
s00000022946001,https://krcampus.net/school/school_soonchunhyang-university-korean-language-institute
s00000022946001,https://krcampus.net/school/school_soonchunhyang-university-korean-language-institute?lang=en
s00000022946001,https://krcampus.net/school/school_soongsil-university-korean-language-institute
s00000022946001,https://krcampus.net/school/school_soongsil-university-korean-language-institute?lang=en
s00000022946001,https://krcampus.net/school/school_sungkyunkwan-university-korean-language-center
s00000022946001,https://krcampus.net/school/school_sungkyunkwan-university-korean-language-center?lang=en
s00000022946001,https://krcampus.net/school/school_sungshin-womens-university-korean-language-center
s00000022946001,https://krcampus.net/school/school_sungshin-womens-university-korean-language-center?lang=en
s00000022946001,https://krcampus.net/school/school_ulsan-university-korean-language-center
s00000022946001,https://krcampus.net/school/school_ulsan-university-korean-language-center?lang=en
s00000022946001,https://krcampus.net/school/school_university-of-seoul-international-language-institute
s00000022946001,https://krcampus.net/school/school_university-of-seoul-international-language-institute?lang=en
s00000022946001,https://krcampus.net/school/school_wonkwang-university-korean-language-institute
s00000022946001,https://krcampus.net/school/school_wonkwang-university-korean-language-institute?lang=en
s00000022946001,https://krcampus.net/school/school_yeungnam-university-korean-language-institute
s00000022946001,https://krcampus.net/school/school_yeungnam-university-korean-language-institute?lang=en
s00000022946001,https://krcampus.net/school/school_yonsei-university-korean-language-institute
s00000022946001,https://krcampus.net/school/school_yonsei-university-korean-language-institute?lang=en
s00000022946001,https://krcampus.net/school/school_youngsan-university-korean-language-institute
s00000022946001,https://krcampus.net/school/school_youngsan-university-korean-language-institute?lang=en
s00000022946001,https://krcampus.net/school/univ_ajou-university
s00000022946001,https://krcampus.net/school/univ_ajou-university?lang=en
s00000022946001,https://krcampus.net/school/univ_baekseok-university-korean-language-education-center
s00000022946001,https://krcampus.net/school/univ_baekseok-university-korean-language-education-center?lang=en
s00000022946001,https://krcampus.net/school/univ_busan-foreign-studies
s00000022946001,https://krcampus.net/school/univ_busan-foreign-studies?lang=en
s00000022946001,https://krcampus.net/school/univ_changwon-national-university
s00000022946001,https://krcampus.net/school/univ_changwon-national-university?lang=en
s00000022946001,https://krcampus.net/school/univ_cheongju-university
s00000022946001,https://krcampus.net/school/univ_cheongju-university?lang=en
s00000022946001,https://krcampus.net/school/univ_chonnam-national-university
s00000022946001,https://krcampus.net/school/univ_chonnam-national-university?lang=en
s00000022946001,https://krcampus.net/school/univ_chosun-university
s00000022946001,https://krcampus.net/school/univ_chosun-university?lang=en
s00000022946001,https://krcampus.net/school/univ_chung-ang-university
s00000022946001,https://krcampus.net/school/univ_chung-ang-university?lang=en
s00000022946001,https://krcampus.net/school/univ_chungbuk-national-university
s00000022946001,https://krcampus.net/school/univ_chungbuk-national-university?lang=en
s00000022946001,https://krcampus.net/school/univ_chungnam-national-university
s00000022946001,https://krcampus.net/school/univ_chungnam-national-university?lang=en
s00000022946001,https://krcampus.net/school/univ_daegu-catholic-university
s00000022946001,https://krcampus.net/school/univ_daegu-catholic-university?lang=en
s00000022946001,https://krcampus.net/school/univ_daegu-university
s00000022946001,https://krcampus.net/school/univ_daegu-university?lang=en
s00000022946001,https://krcampus.net/school/univ_daejeon-university-korean-language-institute
s00000022946001,https://krcampus.net/school/univ_daejeon-university-korean-language-institute?lang=en
s00000022946001,https://krcampus.net/school/univ_dankook-university
s00000022946001,https://krcampus.net/school/univ_dankook-university?lang=en
s00000022946001,https://krcampus.net/school/univ_dgist-daegu-gyeongbuk-institute-of-science-and-technology
s00000022946001,https://krcampus.net/school/univ_dgist-daegu-gyeongbuk-institute-of-science-and-technology?lang=en
s00000022946001,https://krcampus.net/school/univ_dong-a-university
s00000022946001,https://krcampus.net/school/univ_dong-a-university?lang=en
s00000022946001,https://krcampus.net/school/univ_dong-eui-university
s00000022946001,https://krcampus.net/school/univ_dong-eui-university?lang=en
s00000022946001,https://krcampus.net/school/univ_dongguk-university
s00000022946001,https://krcampus.net/school/univ_dongguk-university?lang=en
s00000022946001,https://krcampus.net/school/univ_duksung-womens-university
s00000022946001,https://krcampus.net/school/univ_duksung-womens-university?lang=en
s00000022946001,https://krcampus.net/school/univ_ewha-womans-university
s00000022946001,https://krcampus.net/school/univ_ewha-womans-university?lang=en
s00000022946001,https://krcampus.net/school/univ_gangneung-wonju-national-university
s00000022946001,https://krcampus.net/school/univ_gangneung-wonju-national-university?lang=en
s00000022946001,https://krcampus.net/school/univ_gyeongsang-national-university
s00000022946001,https://krcampus.net/school/univ_gyeongsang-national-university?lang=en
s00000022946001,https://krcampus.net/school/univ_handong-global-university
s00000022946001,https://krcampus.net/school/univ_handong-global-university?lang=en
s00000022946001,https://krcampus.net/school/univ_hankuk-university-of-foreign-studies
s00000022946001,https://krcampus.net/school/univ_hankuk-university-of-foreign-studies?lang=en
s00000022946001,https://krcampus.net/school/univ_hanyang-university
s00000022946001,https://krcampus.net/school/univ_hanyang-university-erica
s00000022946001,https://krcampus.net/school/univ_hanyang-university-erica?lang=en
s00000022946001,https://krcampus.net/school/univ_hanyang-university?lang=en
s00000022946001,https://krcampus.net/school/univ_hongik-university
s00000022946001,https://krcampus.net/school/univ_hongik-university?lang=en
s00000022946001,https://krcampus.net/school/univ_hoseo-university-korean-language-institute
s00000022946001,https://krcampus.net/school/univ_hoseo-university-korean-language-institute?lang=en
s00000022946001,https://krcampus.net/school/univ_inha-university
s00000022946001,https://krcampus.net/school/univ_inha-university?lang=en
s00000022946001,https://krcampus.net/school/univ_jeju-national-university
s00000022946001,https://krcampus.net/school/univ_jeju-national-university?lang=en
s00000022946001,https://krcampus.net/school/univ_jeonbuk-national-university
s00000022946001,https://krcampus.net/school/univ_jeonbuk-national-university?lang=en
s00000022946001,https://krcampus.net/school/univ_jeonju-university
s00000022946001,https://krcampus.net/school/univ_jeonju-university?lang=en
s00000022946001,https://krcampus.net/school/univ_kaist-korea-advanced-institute-of-science-and-technology
s00000022946001,https://krcampus.net/school/univ_kaist-korea-advanced-institute-of-science-and-technology?lang=en
s00000022946001,https://krcampus.net/school/univ_kangwon-national-university
s00000022946001,https://krcampus.net/school/univ_kangwon-national-university?lang=en
s00000022946001,https://krcampus.net/school/univ_konkuk-university
s00000022946001,https://krcampus.net/school/univ_konkuk-university?lang=en
s00000022946001,https://krcampus.net/school/univ_kookmin-university
s00000022946001,https://krcampus.net/school/univ_kookmin-university?lang=en
s00000022946001,https://krcampus.net/school/univ_korea-aerospace-university
s00000022946001,https://krcampus.net/school/univ_korea-aerospace-university?lang=en
s00000022946001,https://krcampus.net/school/univ_korea-national-open-university
s00000022946001,https://krcampus.net/school/univ_korea-national-open-university?lang=en
s00000022946001,https://krcampus.net/school/univ_korea-national-sport-university
s00000022946001,https://krcampus.net/school/univ_korea-national-sport-university?lang=en
s00000022946001,https://krcampus.net/school/univ_korea-national-university-of-arts
s00000022946001,https://krcampus.net/school/univ_korea-national-university-of-arts?lang=en
s00000022946001,https://krcampus.net/school/univ_korea-national-university-of-transportation
s00000022946001,https://krcampus.net/school/univ_korea-national-university-of-transportation?lang=en
s00000022946001,https://krcampus.net/school/univ_korea-university
s00000022946001,https://krcampus.net/school/univ_korea-university-of-technology-and-education
s00000022946001,https://krcampus.net/school/univ_korea-university-of-technology-and-education?lang=en
s00000022946001,https://krcampus.net/school/univ_korea-university-sejong-campus
s00000022946001,https://krcampus.net/school/univ_korea-university-sejong-campus?lang=en
s00000022946001,https://krcampus.net/school/univ_korea-university?lang=en
s00000022946001,https://krcampus.net/school/univ_kumoh-national-institute-of-technology
s00000022946001,https://krcampus.net/school/univ_kumoh-national-institute-of-technology?lang=en
s00000022946001,https://krcampus.net/school/univ_kwangwoon-university
s00000022946001,https://krcampus.net/school/univ_kwangwoon-university?lang=en
s00000022946001,https://krcampus.net/school/univ_kyung-hee-university
s00000022946001,https://krcampus.net/school/univ_kyung-hee-university?lang=en
s00000022946001,https://krcampus.net/school/univ_kyungpook-national-university
s00000022946001,https://krcampus.net/school/univ_kyungpook-national-university?lang=en
s00000022946001,https://krcampus.net/school/univ_kyungsung-university
s00000022946001,https://krcampus.net/school/univ_kyungsung-university?lang=en
s00000022946001,https://krcampus.net/school/univ_mokpo-national-university
s00000022946001,https://krcampus.net/school/univ_mokpo-national-university?lang=en
s00000022946001,https://krcampus.net/school/univ_myongji-university
s00000022946001,https://krcampus.net/school/univ_myongji-university?lang=en
s00000022946001,https://krcampus.net/school/univ_namseoul-university-korean-language-institute
s00000022946001,https://krcampus.net/school/univ_namseoul-university-korean-language-institute?lang=en
s00000022946001,https://krcampus.net/school/univ_pohang-university-of-science-and-technology
s00000022946001,https://krcampus.net/school/univ_pohang-university-of-science-and-technology?lang=en
s00000022946001,https://krcampus.net/school/univ_pukyong-national-university
s00000022946001,https://krcampus.net/school/univ_pukyong-national-university?lang=en
s00000022946001,https://krcampus.net/school/univ_pusan-national-university
s00000022946001,https://krcampus.net/school/univ_pusan-national-university?lang=en
s00000022946001,https://krcampus.net/school/univ_sahmyook-university
s00000022946001,https://krcampus.net/school/univ_sahmyook-university?lang=en
s00000022946001,https://krcampus.net/school/univ_sangmyung-university
s00000022946001,https://krcampus.net/school/univ_sangmyung-university?lang=en
s00000022946001,https://krcampus.net/school/univ_sejong-university
s00000022946001,https://krcampus.net/school/univ_sejong-university?lang=en
s00000022946001,https://krcampus.net/school/univ_semyung-university-korean-language-institute
s00000022946001,https://krcampus.net/school/univ_semyung-university-korean-language-institute?lang=en
s00000022946001,https://krcampus.net/school/univ_seoul-national-university
s00000022946001,https://krcampus.net/school/univ_seoul-national-university?lang=en
s00000022946001,https://krcampus.net/school/univ_seoul-womens-university
s00000022946001,https://krcampus.net/school/univ_seoul-womens-university?lang=en
s00000022946001,https://krcampus.net/school/univ_sogang-university
s00000022946001,https://krcampus.net/school/univ_sogang-university?lang=en
s00000022946001,https://krcampus.net/school/univ_sookmyung-womens-university
s00000022946001,https://krcampus.net/school/univ_sookmyung-womens-university?lang=en
s00000022946001,https://krcampus.net/school/univ_soonchunhyang-university
s00000022946001,https://krcampus.net/school/univ_soonchunhyang-university?lang=en
s00000022946001,https://krcampus.net/school/univ_soongsil-university
s00000022946001,https://krcampus.net/school/univ_soongsil-university?lang=en
s00000022946001,https://krcampus.net/school/univ_sunchon-national-university
s00000022946001,https://krcampus.net/school/univ_sunchon-national-university?lang=en
s00000022946001,https://krcampus.net/school/univ_sungkyunkwan-university
s00000022946001,https://krcampus.net/school/univ_sungkyunkwan-university?lang=en
s00000022946001,https://krcampus.net/school/univ_unist-ulsan-national-institute-of-science-and-technology
s00000022946001,https://krcampus.net/school/univ_unist-ulsan-national-institute-of-science-and-technology?lang=en
s00000022946001,https://krcampus.net/school/univ_university-of-seoul
s00000022946001,https://krcampus.net/school/univ_university-of-seoul?lang=en
s00000022946001,https://krcampus.net/school/univ_woosong-university-korean-language-institute
s00000022946001,https://krcampus.net/school/univ_woosong-university-korean-language-institute?lang=en
s00000022946001,https://krcampus.net/school/univ_yeungnam-university
s00000022946001,https://krcampus.net/school/univ_yeungnam-university?lang=en
s00000022946001,https://krcampus.net/school/univ_yonsei-university
s00000022946001,https://krcampus.net/school/univ_yonsei-university-wonju-campus
s00000022946001,https://krcampus.net/school/univ_yonsei-university-wonju-campus?lang=en
s00000022946001,https://krcampus.net/school/univ_yonsei-university?lang=en
s00000022946001,https://krcampus.net/school/univ_youngsan-university
s00000022946001,https://krcampus.net/school/univ_youngsan-university?lang=en
s00000022946001,https://krcampus.net/university/ajou-university
s00000022946001,https://krcampus.net/university/ajou-university?lang=en
s00000022946001,https://krcampus.net/university/ajou-university_ja
s00000022946001,https://krcampus.net/university/ajou-university_ja?lang=en
s00000022946001,https://krcampus.net/university/baekseok-university-korean-language-education-center
s00000022946001,https://krcampus.net/university/baekseok-university-korean-language-education-center?lang=en
s00000022946001,https://krcampus.net/university/busan-foreign-studies
s00000022946001,https://krcampus.net/university/busan-foreign-studies?lang=en
s00000022946001,https://krcampus.net/university/changwon-national-university
s00000022946001,https://krcampus.net/university/changwon-national-university?lang=en
s00000022946001,https://krcampus.net/university/changwon-national-university_ja
s00000022946001,https://krcampus.net/university/changwon-national-university_ja?lang=en
s00000022946001,https://krcampus.net/university/cheongju-university
s00000022946001,https://krcampus.net/university/cheongju-university?lang=en
s00000022946001,https://krcampus.net/university/chonnam-national-university
s00000022946001,https://krcampus.net/university/chonnam-national-university?lang=en
s00000022946001,https://krcampus.net/university/chonnam-national-university_ja
s00000022946001,https://krcampus.net/university/chonnam-national-university_ja?lang=en
s00000022946001,https://krcampus.net/university/chosun-university
s00000022946001,https://krcampus.net/university/chosun-university?lang=en
s00000022946001,https://krcampus.net/university/chosun-university_ja
s00000022946001,https://krcampus.net/university/chosun-university_ja?lang=en
s00000022946001,https://krcampus.net/university/chung-ang-university
s00000022946001,https://krcampus.net/university/chung-ang-university?lang=en
s00000022946001,https://krcampus.net/university/chung-ang-university_ja
s00000022946001,https://krcampus.net/university/chung-ang-university_ja?lang=en
s00000022946001,https://krcampus.net/university/chungbuk-national-university
s00000022946001,https://krcampus.net/university/chungbuk-national-university?lang=en
s00000022946001,https://krcampus.net/university/chungbuk-national-university_ja
s00000022946001,https://krcampus.net/university/chungbuk-national-university_ja?lang=en
s00000022946001,https://krcampus.net/university/chungnam-national-university
s00000022946001,https://krcampus.net/university/chungnam-national-university?lang=en
s00000022946001,https://krcampus.net/university/chungnam-national-university_ja
s00000022946001,https://krcampus.net/university/chungnam-national-university_ja?lang=en
s00000022946001,https://krcampus.net/university/daegu-catholic-university
s00000022946001,https://krcampus.net/university/daegu-catholic-university?lang=en
s00000022946001,https://krcampus.net/university/daegu-university
s00000022946001,https://krcampus.net/university/daegu-university?lang=en
s00000022946001,https://krcampus.net/university/daegu-university_ja
s00000022946001,https://krcampus.net/university/daegu-university_ja?lang=en
s00000022946001,https://krcampus.net/university/daejeon-university-korean-language-institute
s00000022946001,https://krcampus.net/university/daejeon-university-korean-language-institute?lang=en
s00000022946001,https://krcampus.net/university/dankook-university
s00000022946001,https://krcampus.net/university/dankook-university?lang=en
s00000022946001,https://krcampus.net/university/dankook-university_ja
s00000022946001,https://krcampus.net/university/dankook-university_ja?lang=en
s00000022946001,https://krcampus.net/university/dgist-daegu-gyeongbuk-institute-of-science-and-technology
s00000022946001,https://krcampus.net/university/dgist-daegu-gyeongbuk-institute-of-science-and-technology?lang=en
s00000022946001,https://krcampus.net/university/dgist-daegu-gyeongbuk-institute-of-science-and-technology_ja
s00000022946001,https://krcampus.net/university/dgist-daegu-gyeongbuk-institute-of-science-and-technology_ja?lang=en
s00000022946001,https://krcampus.net/university/dong-a-university
s00000022946001,https://krcampus.net/university/dong-a-university?lang=en
s00000022946001,https://krcampus.net/university/dong-a-university_ja
s00000022946001,https://krcampus.net/university/dong-a-university_ja?lang=en
s00000022946001,https://krcampus.net/university/dong-eui-university
s00000022946001,https://krcampus.net/university/dong-eui-university?lang=en
s00000022946001,https://krcampus.net/university/dongguk-university
s00000022946001,https://krcampus.net/university/dongguk-university?lang=en
s00000022946001,https://krcampus.net/university/dongguk-university_ja
s00000022946001,https://krcampus.net/university/dongguk-university_ja?lang=en
s00000022946001,https://krcampus.net/university/duksung-womens-university
s00000022946001,https://krcampus.net/university/duksung-womens-university?lang=en
s00000022946001,https://krcampus.net/university/duksung-womens-university_ja
s00000022946001,https://krcampus.net/university/duksung-womens-university_ja?lang=en
s00000022946001,https://krcampus.net/university/ewha-womans-university
s00000022946001,https://krcampus.net/university/ewha-womans-university?lang=en
s00000022946001,https://krcampus.net/university/ewha-womans-university_ja
s00000022946001,https://krcampus.net/university/ewha-womans-university_ja?lang=en
s00000022946001,https://krcampus.net/university/gangneung-wonju-national-university
s00000022946001,https://krcampus.net/university/gangneung-wonju-national-university?lang=en
s00000022946001,https://krcampus.net/university/gyeongsang-national-university
s00000022946001,https://krcampus.net/university/gyeongsang-national-university?lang=en
s00000022946001,https://krcampus.net/university/gyeongsang-national-university_ja
s00000022946001,https://krcampus.net/university/gyeongsang-national-university_ja?lang=en
s00000022946001,https://krcampus.net/university/handong-global-university
s00000022946001,https://krcampus.net/university/handong-global-university?lang=en
s00000022946001,https://krcampus.net/university/hankuk-university-of-foreign-studies
s00000022946001,https://krcampus.net/university/hankuk-university-of-foreign-studies?lang=en
s00000022946001,https://krcampus.net/university/hankuk-university-of-foreign-studies_ja
s00000022946001,https://krcampus.net/university/hankuk-university-of-foreign-studies_ja?lang=en
s00000022946001,https://krcampus.net/university/hanyang-university
s00000022946001,https://krcampus.net/university/hanyang-university-erica
s00000022946001,https://krcampus.net/university/hanyang-university-erica?lang=en
s00000022946001,https://krcampus.net/university/hanyang-university?lang=en
s00000022946001,https://krcampus.net/university/hanyang-university_ja
s00000022946001,https://krcampus.net/university/hanyang-university_ja?lang=en
s00000022946001,https://krcampus.net/university/hongik-university
s00000022946001,https://krcampus.net/university/hongik-university?lang=en
s00000022946001,https://krcampus.net/university/hongik-university_ja
s00000022946001,https://krcampus.net/university/hongik-university_ja?lang=en
s00000022946001,https://krcampus.net/university/hoseo-university-korean-language-institute
s00000022946001,https://krcampus.net/university/hoseo-university-korean-language-institute?lang=en
s00000022946001,https://krcampus.net/university/inha-university
s00000022946001,https://krcampus.net/university/inha-university?lang=en
s00000022946001,https://krcampus.net/university/inha-university_ja
s00000022946001,https://krcampus.net/university/inha-university_ja?lang=en
s00000022946001,https://krcampus.net/university/jeju-national-university
s00000022946001,https://krcampus.net/university/jeju-national-university?lang=en
s00000022946001,https://krcampus.net/university/jeju-national-university_ja
s00000022946001,https://krcampus.net/university/jeju-national-university_ja?lang=en
s00000022946001,https://krcampus.net/university/jeonbuk-national-university
s00000022946001,https://krcampus.net/university/jeonbuk-national-university?lang=en
s00000022946001,https://krcampus.net/university/jeonbuk-national-university_ja
s00000022946001,https://krcampus.net/university/jeonbuk-national-university_ja?lang=en
s00000022946001,https://krcampus.net/university/jeonju-university
s00000022946001,https://krcampus.net/university/jeonju-university?lang=en
s00000022946001,https://krcampus.net/university/kaist-korea-advanced-institute-of-science-and-technology
s00000022946001,https://krcampus.net/university/kaist-korea-advanced-institute-of-science-and-technology?lang=en
s00000022946001,https://krcampus.net/university/kaist-korea-advanced-institute-of-science-and-technology_ja
s00000022946001,https://krcampus.net/university/kaist-korea-advanced-institute-of-science-and-technology_ja?lang=en
s00000022946001,https://krcampus.net/university/kangwon-national-university
s00000022946001,https://krcampus.net/university/kangwon-national-university?lang=en
s00000022946001,https://krcampus.net/university/kangwon-national-university_ja
s00000022946001,https://krcampus.net/university/kangwon-national-university_ja?lang=en
s00000022946001,https://krcampus.net/university/konkuk-university
s00000022946001,https://krcampus.net/university/konkuk-university?lang=en
s00000022946001,https://krcampus.net/university/konkuk-university_ja
s00000022946001,https://krcampus.net/university/konkuk-university_ja?lang=en
s00000022946001,https://krcampus.net/university/kookmin-university
s00000022946001,https://krcampus.net/university/kookmin-university?lang=en
s00000022946001,https://krcampus.net/university/kookmin-university_ja
s00000022946001,https://krcampus.net/university/kookmin-university_ja?lang=en
s00000022946001,https://krcampus.net/university/korea-aerospace-university
s00000022946001,https://krcampus.net/university/korea-aerospace-university?lang=en
s00000022946001,https://krcampus.net/university/korea-aerospace-university_ja
s00000022946001,https://krcampus.net/university/korea-aerospace-university_ja?lang=en
s00000022946001,https://krcampus.net/university/korea-national-open-university
s00000022946001,https://krcampus.net/university/korea-national-open-university?lang=en
s00000022946001,https://krcampus.net/university/korea-national-open-university_ja
s00000022946001,https://krcampus.net/university/korea-national-open-university_ja?lang=en
s00000022946001,https://krcampus.net/university/korea-national-sport-university
s00000022946001,https://krcampus.net/university/korea-national-sport-university?lang=en
s00000022946001,https://krcampus.net/university/korea-national-sport-university_ja
s00000022946001,https://krcampus.net/university/korea-national-sport-university_ja?lang=en
s00000022946001,https://krcampus.net/university/korea-national-university-of-arts
s00000022946001,https://krcampus.net/university/korea-national-university-of-arts?lang=en
s00000022946001,https://krcampus.net/university/korea-national-university-of-arts_ja
s00000022946001,https://krcampus.net/university/korea-national-university-of-arts_ja?lang=en
s00000022946001,https://krcampus.net/university/korea-national-university-of-transportation
s00000022946001,https://krcampus.net/university/korea-national-university-of-transportation?lang=en
s00000022946001,https://krcampus.net/university/korea-national-university-of-transportation_ja
s00000022946001,https://krcampus.net/university/korea-national-university-of-transportation_ja?lang=en
s00000022946001,https://krcampus.net/university/korea-university
s00000022946001,https://krcampus.net/university/korea-university-of-technology-and-education
s00000022946001,https://krcampus.net/university/korea-university-of-technology-and-education?lang=en
s00000022946001,https://krcampus.net/university/korea-university-of-technology-and-education_ja
s00000022946001,https://krcampus.net/university/korea-university-of-technology-and-education_ja?lang=en
s00000022946001,https://krcampus.net/university/korea-university-sejong-campus
s00000022946001,https://krcampus.net/university/korea-university-sejong-campus?lang=en
s00000022946001,https://krcampus.net/university/korea-university?lang=en
s00000022946001,https://krcampus.net/university/korea-university_ja
s00000022946001,https://krcampus.net/university/korea-university_ja?lang=en
s00000022946001,https://krcampus.net/university/kumoh-national-institute-of-technology
s00000022946001,https://krcampus.net/university/kumoh-national-institute-of-technology?lang=en
s00000022946001,https://krcampus.net/university/kwangwoon-university
s00000022946001,https://krcampus.net/university/kwangwoon-university?lang=en
s00000022946001,https://krcampus.net/university/kwangwoon-university_ja
s00000022946001,https://krcampus.net/university/kwangwoon-university_ja?lang=en
s00000022946001,https://krcampus.net/university/kyung-hee-university
s00000022946001,https://krcampus.net/university/kyung-hee-university?lang=en
s00000022946001,https://krcampus.net/university/kyung-hee-university_ja
s00000022946001,https://krcampus.net/university/kyung-hee-university_ja?lang=en
s00000022946001,https://krcampus.net/university/kyungpook-national-university
s00000022946001,https://krcampus.net/university/kyungpook-national-university?lang=en
s00000022946001,https://krcampus.net/university/kyungpook-national-university_ja
s00000022946001,https://krcampus.net/university/kyungpook-national-university_ja?lang=en
s00000022946001,https://krcampus.net/university/kyungsung-university
s00000022946001,https://krcampus.net/university/kyungsung-university?lang=en
s00000022946001,https://krcampus.net/university/mokpo-national-university
s00000022946001,https://krcampus.net/university/mokpo-national-university?lang=en
s00000022946001,https://krcampus.net/university/myongji-university
s00000022946001,https://krcampus.net/university/myongji-university?lang=en
s00000022946001,https://krcampus.net/university/myongji-university_ja
s00000022946001,https://krcampus.net/university/myongji-university_ja?lang=en
s00000022946001,https://krcampus.net/university/namseoul-university-korean-language-institute
s00000022946001,https://krcampus.net/university/namseoul-university-korean-language-institute?lang=en
s00000022946001,https://krcampus.net/university/pohang-university-of-science-and-technology
s00000022946001,https://krcampus.net/university/pohang-university-of-science-and-technology?lang=en
s00000022946001,https://krcampus.net/university/postech-pohang-university-of-science-and-technology
s00000022946001,https://krcampus.net/university/postech-pohang-university-of-science-and-technology?lang=en
s00000022946001,https://krcampus.net/university/postech-pohang-university-of-science-and-technology_ja
s00000022946001,https://krcampus.net/university/postech-pohang-university-of-science-and-technology_ja?lang=en
s00000022946001,https://krcampus.net/university/pukyong-national-university
s00000022946001,https://krcampus.net/university/pukyong-national-university?lang=en
s00000022946001,https://krcampus.net/university/pusan-national-university
s00000022946001,https://krcampus.net/university/pusan-national-university?lang=en
s00000022946001,https://krcampus.net/university/pusan-national-university_ja
s00000022946001,https://krcampus.net/university/pusan-national-university_ja?lang=en
s00000022946001,https://krcampus.net/university/sahmyook-university
s00000022946001,https://krcampus.net/university/sahmyook-university?lang=en
s00000022946001,https://krcampus.net/university/sangmyung-university
s00000022946001,https://krcampus.net/university/sangmyung-university?lang=en
s00000022946001,https://krcampus.net/university/sangmyung-university_ja
s00000022946001,https://krcampus.net/university/sangmyung-university_ja?lang=en
s00000022946001,https://krcampus.net/university/sejong-university
s00000022946001,https://krcampus.net/university/sejong-university?lang=en
s00000022946001,https://krcampus.net/university/sejong-university_ja
s00000022946001,https://krcampus.net/university/sejong-university_ja?lang=en
s00000022946001,https://krcampus.net/university/semyung-university-korean-language-institute
s00000022946001,https://krcampus.net/university/semyung-university-korean-language-institute?lang=en
s00000022946001,https://krcampus.net/university/seoul-national-university
s00000022946001,https://krcampus.net/university/seoul-national-university?lang=en
s00000022946001,https://krcampus.net/university/seoul-national-university_ja
s00000022946001,https://krcampus.net/university/seoul-national-university_ja?lang=en
s00000022946001,https://krcampus.net/university/seoul-womens-university
s00000022946001,https://krcampus.net/university/seoul-womens-university?lang=en
s00000022946001,https://krcampus.net/university/sogang-university
s00000022946001,https://krcampus.net/university/sogang-university?lang=en
s00000022946001,https://krcampus.net/university/sogang-university_ja
s00000022946001,https://krcampus.net/university/sogang-university_ja?lang=en
s00000022946001,https://krcampus.net/university/sookmyung-womens-university
s00000022946001,https://krcampus.net/university/sookmyung-womens-university?lang=en
s00000022946001,https://krcampus.net/university/sookmyung-womens-university_ja
s00000022946001,https://krcampus.net/university/sookmyung-womens-university_ja?lang=en
s00000022946001,https://krcampus.net/university/soonchunhyang-university
s00000022946001,https://krcampus.net/university/soonchunhyang-university?lang=en
s00000022946001,https://krcampus.net/university/soongsil-university
s00000022946001,https://krcampus.net/university/soongsil-university?lang=en
s00000022946001,https://krcampus.net/university/soongsil-university_ja
s00000022946001,https://krcampus.net/university/soongsil-university_ja?lang=en
s00000022946001,https://krcampus.net/university/sunchon-national-university
s00000022946001,https://krcampus.net/university/sunchon-national-university?lang=en
s00000022946001,https://krcampus.net/university/sungkyunkwan-university
s00000022946001,https://krcampus.net/university/sungkyunkwan-university?lang=en
s00000022946001,https://krcampus.net/university/sungkyunkwan-university_ja
s00000022946001,https://krcampus.net/university/sungkyunkwan-university_ja?lang=en
s00000022946001,https://krcampus.net/university/unist-ulsan-national-institute-of-science-and-technology
s00000022946001,https://krcampus.net/university/unist-ulsan-national-institute-of-science-and-technology?lang=en
s00000022946001,https://krcampus.net/university/unist-ulsan-national-institute-of-science-and-technology_ja
s00000022946001,https://krcampus.net/university/unist-ulsan-national-institute-of-science-and-technology_ja?lang=en
s00000022946001,https://krcampus.net/university/university-of-seoul
s00000022946001,https://krcampus.net/university/university-of-seoul?lang=en
s00000022946001,https://krcampus.net/university/university-of-seoul_ja
s00000022946001,https://krcampus.net/university/university-of-seoul_ja?lang=en
s00000022946001,https://krcampus.net/university/woosong-university-korean-language-institute
s00000022946001,https://krcampus.net/university/woosong-university-korean-language-institute?lang=en
s00000022946001,https://krcampus.net/university/yeungnam-university
s00000022946001,https://krcampus.net/university/yeungnam-university?lang=en
s00000022946001,https://krcampus.net/university/yonsei-university
s00000022946001,https://krcampus.net/university/yonsei-university-wonju-campus
s00000022946001,https://krcampus.net/university/yonsei-university-wonju-campus?lang=en
s00000022946001,https://krcampus.net/university/yonsei-university?lang=en
s00000022946001,https://krcampus.net/university/yonsei-university_ja
s00000022946001,https://krcampus.net/university/yonsei-university_ja?lang=en
s00000022946001,https://krcampus.net/university/youngsan-university
s00000022946001,https://krcampus.net/university/youngsan-university?lang=en
s00000022946001,https://krcampus.net/university/youngsan-university_ja
s00000022946001,https://krcampus.net/university/youngsan-university_ja?lang=en
s00000022946001,https://krcare.net/guide/aftercare_flight_en
s00000022946001,https://krcare.net/guide/aftercare_flight_en?lang=ko
s00000022946001,https://krcare.net/guide/aftercare_flight_ja
s00000022946001,https://krcare.net/guide/aftercare_flight_ja?lang=ko
s00000022946001,https://krcare.net/guide/aftercare_flight_zh
s00000022946001,https://krcare.net/guide/aftercare_flight_zh?lang=ko
s00000022946001,https://krcare.net/guide/aftercare_flight_zh_tw
s00000022946001,https://krcare.net/guide/aftercare_flight_zh_tw?lang=ko
s00000022946001,https://krcare.net/guide/busan_medical_en
s00000022946001,https://krcare.net/guide/busan_medical_en?lang=ko
s00000022946001,https://krcare.net/guide/busan_medical_ja
s00000022946001,https://krcare.net/guide/busan_medical_ja?lang=ko
s00000022946001,https://krcare.net/guide/busan_medical_zh
s00000022946001,https://krcare.net/guide/busan_medical_zh?lang=ko
s00000022946001,https://krcare.net/guide/busan_medical_zh_tw
s00000022946001,https://krcare.net/guide/busan_medical_zh_tw?lang=ko
s00000022946001,https://krcare.net/guide/consultation_questions_en
s00000022946001,https://krcare.net/guide/consultation_questions_en?lang=ko
s00000022946001,https://krcare.net/guide/consultation_questions_ja
s00000022946001,https://krcare.net/guide/consultation_questions_ja?lang=ko
s00000022946001,https://krcare.net/guide/consultation_questions_zh
s00000022946001,https://krcare.net/guide/consultation_questions_zh?lang=ko
s00000022946001,https://krcare.net/guide/consultation_questions_zh_tw
s00000022946001,https://krcare.net/guide/consultation_questions_zh_tw?lang=ko
s00000022946001,https://krcare.net/guide/deposit_refund_en
s00000022946001,https://krcare.net/guide/deposit_refund_en?lang=ko
s00000022946001,https://krcare.net/guide/deposit_refund_ja
s00000022946001,https://krcare.net/guide/deposit_refund_ja?lang=ko
s00000022946001,https://krcare.net/guide/deposit_refund_zh
s00000022946001,https://krcare.net/guide/deposit_refund_zh?lang=ko
s00000022946001,https://krcare.net/guide/deposit_refund_zh_tw
s00000022946001,https://krcare.net/guide/deposit_refund_zh_tw?lang=ko
s00000022946001,https://krcare.net/guide/gangnam_access_en
s00000022946001,https://krcare.net/guide/gangnam_access_en?lang=ko
s00000022946001,https://krcare.net/guide/gangnam_access_ja
s00000022946001,https://krcare.net/guide/gangnam_access_ja?lang=ko
s00000022946001,https://krcare.net/guide/gangnam_access_zh
s00000022946001,https://krcare.net/guide/gangnam_access_zh?lang=ko
s00000022946001,https://krcare.net/guide/gangnam_access_zh_tw
s00000022946001,https://krcare.net/guide/gangnam_access_zh_tw?lang=ko
s00000022946001,https://krcare.net/guide/gangnam_clinics_en
s00000022946001,https://krcare.net/guide/gangnam_clinics_en?lang=ko
s00000022946001,https://krcare.net/guide/gangnam_clinics_ja
s00000022946001,https://krcare.net/guide/gangnam_clinics_ja?lang=ko
s00000022946001,https://krcare.net/guide/gangnam_clinics_zh
s00000022946001,https://krcare.net/guide/gangnam_clinics_zh?lang=ko
s00000022946001,https://krcare.net/guide/gangnam_clinics_zh_tw
s00000022946001,https://krcare.net/guide/gangnam_clinics_zh_tw?lang=ko
s00000022946001,https://krcare.net/guide/medical_interpreter_en
s00000022946001,https://krcare.net/guide/medical_interpreter_en?lang=ko
s00000022946001,https://krcare.net/guide/medical_interpreter_ja
s00000022946001,https://krcare.net/guide/medical_interpreter_ja?lang=ko
s00000022946001,https://krcare.net/guide/medical_interpreter_zh
s00000022946001,https://krcare.net/guide/medical_interpreter_zh?lang=ko
s00000022946001,https://krcare.net/guide/medical_interpreter_zh_tw
s00000022946001,https://krcare.net/guide/medical_interpreter_zh_tw?lang=ko
s00000022946001,https://krcare.net/guide/medical_prep_en
s00000022946001,https://krcare.net/guide/medical_prep_en?lang=ko
s00000022946001,https://krcare.net/guide/medical_prep_ja
s00000022946001,https://krcare.net/guide/medical_prep_ja?lang=ko
s00000022946001,https://krcare.net/guide/medical_prep_zh
s00000022946001,https://krcare.net/guide/medical_prep_zh?lang=ko
s00000022946001,https://krcare.net/guide/medical_prep_zh_tw
s00000022946001,https://krcare.net/guide/medical_prep_zh_tw?lang=ko
s00000022946001,https://krcare.net/guide/medical_visa_stay_en
s00000022946001,https://krcare.net/guide/medical_visa_stay_en?lang=ko
s00000022946001,https://krcare.net/guide/medical_visa_stay_ja
s00000022946001,https://krcare.net/guide/medical_visa_stay_ja?lang=ko
s00000022946001,https://krcare.net/guide/medical_visa_stay_zh
s00000022946001,https://krcare.net/guide/medical_visa_stay_zh?lang=ko
s00000022946001,https://krcare.net/guide/medical_visa_stay_zh_tw
s00000022946001,https://krcare.net/guide/medical_visa_stay_zh_tw?lang=ko
s00000022946001,https://krcare.net/guide/pharmacy_meds_en
s00000022946001,https://krcare.net/guide/pharmacy_meds_en?lang=ko
s00000022946001,https://krcare.net/guide/pharmacy_meds_ja
s00000022946001,https://krcare.net/guide/pharmacy_meds_ja?lang=ko
s00000022946001,https://krcare.net/guide/pharmacy_meds_zh
s00000022946001,https://krcare.net/guide/pharmacy_meds_zh?lang=ko
s00000022946001,https://krcare.net/guide/pharmacy_meds_zh_tw
s00000022946001,https://krcare.net/guide/pharmacy_meds_zh_tw?lang=ko
s00000022946001,https://krcare.net/guide/recovery_stay_en
s00000022946001,https://krcare.net/guide/recovery_stay_en?lang=ko
s00000022946001,https://krcare.net/guide/recovery_stay_ja
s00000022946001,https://krcare.net/guide/recovery_stay_ja?lang=ko
s00000022946001,https://krcare.net/guide/recovery_stay_zh
s00000022946001,https://krcare.net/guide/recovery_stay_zh?lang=ko
s00000022946001,https://krcare.net/guide/recovery_stay_zh_tw
s00000022946001,https://krcare.net/guide/recovery_stay_zh_tw?lang=ko
s00000022946001,https://krcare.net/guide/seoul_vs_busan_medical_en
s00000022946001,https://krcare.net/guide/seoul_vs_busan_medical_en?lang=ko
s00000022946001,https://krcare.net/guide/seoul_vs_busan_medical_ja
s00000022946001,https://krcare.net/guide/seoul_vs_busan_medical_ja?lang=ko
s00000022946001,https://krcare.net/guide/seoul_vs_busan_medical_zh
s00000022946001,https://krcare.net/guide/seoul_vs_busan_medical_zh?lang=ko
s00000022946001,https://krcare.net/guide/seoul_vs_busan_medical_zh_tw
s00000022946001,https://krcare.net/guide/seoul_vs_busan_medical_zh_tw?lang=ko
s00000022946001,https://krcare.net/item/mdcl_3364075_en
s00000022946001,https://krcare.net/item/mdcl_3364075_en?lang=ko
s00000022946001,https://krcare.net/item/mdcl_3364075_ja
s00000022946001,https://krcare.net/item/mdcl_3364075_ja?lang=ko
s00000022946001,https://krcare.net/item/mdcl_3364075_zh
s00000022946001,https://krcare.net/item/mdcl_3364075_zh?lang=ko
s00000022946001,https://krcare.net/item/mdcl_3364075_zh_tw
s00000022946001,https://krcare.net/item/mdcl_3364075_zh_tw?lang=ko
s00000022946001,https://krcare.net/item/mdcl_3364076_en
s00000022946001,https://krcare.net/item/mdcl_3364076_en?lang=ko
s00000022946001,https://krcare.net/item/mdcl_3364076_ja
s00000022946001,https://krcare.net/item/mdcl_3364076_ja?lang=ko
s00000022946001,https://krcare.net/item/mdcl_3364076_zh
s00000022946001,https://krcare.net/item/mdcl_3364076_zh?lang=ko
s00000022946001,https://krcare.net/item/mdcl_3364076_zh_tw
s00000022946001,https://krcare.net/item/mdcl_3364076_zh_tw?lang=ko
s00000022946001,https://krcare.net/item/mdcl_3364152_en
s00000022946001,https://krcare.net/item/mdcl_3364152_en?lang=ko
s00000022946001,https://krcare.net/item/mdcl_3364152_ja
s00000022946001,https://krcare.net/item/mdcl_3364152_ja?lang=ko
s00000022946001,https://krcare.net/item/mdcl_3364152_zh
s00000022946001,https://krcare.net/item/mdcl_3364152_zh?lang=ko
s00000022946001,https://krcare.net/item/mdcl_3364152_zh_tw
s00000022946001,https://krcare.net/item/mdcl_3364152_zh_tw?lang=ko
s00000022946001,https://krcare.net/item/mdcl_3364207_en
s00000022946001,https://krcare.net/item/mdcl_3364207_en?lang=ko
s00000022946001,https://krcare.net/item/mdcl_3364207_ja
s00000022946001,https://krcare.net/item/mdcl_3364207_ja?lang=ko
s00000022946001,https://krcare.net/item/mdcl_3364207_zh
s00000022946001,https://krcare.net/item/mdcl_3364207_zh?lang=ko
s00000022946001,https://krcare.net/item/mdcl_3364207_zh_tw
s00000022946001,https://krcare.net/item/mdcl_3364207_zh_tw?lang=ko
s00000022946001,https://krcare.net/item/mdcl_3364330_en
s00000022946001,https://krcare.net/item/mdcl_3364330_en?lang=ko
s00000022946001,https://krcare.net/item/mdcl_3364330_ja
s00000022946001,https://krcare.net/item/mdcl_3364330_ja?lang=ko
s00000022946001,https://krcare.net/item/mdcl_3364330_zh
s00000022946001,https://krcare.net/item/mdcl_3364330_zh?lang=ko
s00000022946001,https://krcare.net/item/mdcl_3364330_zh_tw
s00000022946001,https://krcare.net/item/mdcl_3364330_zh_tw?lang=ko
s00000022946001,https://krcare.net/item/mdcl_3364333_en
s00000022946001,https://krcare.net/item/mdcl_3364333_en?lang=ko
s00000022946001,https://krcare.net/item/mdcl_3364333_ja
s00000022946001,https://krcare.net/item/mdcl_3364333_ja?lang=ko
s00000022946001,https://krcare.net/item/mdcl_3364333_zh
s00000022946001,https://krcare.net/item/mdcl_3364333_zh?lang=ko
s00000022946001,https://krcare.net/item/mdcl_3364333_zh_tw
s00000022946001,https://krcare.net/item/mdcl_3364333_zh_tw?lang=ko
s00000022946001,https://krcare.net/item/mdcl_3364369_en
s00000022946001,https://krcare.net/item/mdcl_3364369_en?lang=ko
s00000022946001,https://krcare.net/item/mdcl_3364369_ja
s00000022946001,https://krcare.net/item/mdcl_3364369_ja?lang=ko
s00000022946001,https://krcare.net/item/mdcl_3364369_zh
s00000022946001,https://krcare.net/item/mdcl_3364369_zh?lang=ko
s00000022946001,https://krcare.net/item/mdcl_3364369_zh_tw
s00000022946001,https://krcare.net/item/mdcl_3364369_zh_tw?lang=ko
s00000022946001,https://krcare.net/item/mdcl_3364450_en
s00000022946001,https://krcare.net/item/mdcl_3364450_en?lang=ko
s00000022946001,https://krcare.net/item/mdcl_3364450_ja
s00000022946001,https://krcare.net/item/mdcl_3364450_ja?lang=ko
s00000022946001,https://krcare.net/item/mdcl_3364450_zh
s00000022946001,https://krcare.net/item/mdcl_3364450_zh?lang=ko
s00000022946001,https://krcare.net/item/mdcl_3364450_zh_tw
s00000022946001,https://krcare.net/item/mdcl_3364450_zh_tw?lang=ko
s00000022946001,https://krcare.net/item/mdcl_3364481_en
s00000022946001,https://krcare.net/item/mdcl_3364481_en?lang=ko
s00000022946001,https://krcare.net/item/mdcl_3364481_ja
s00000022946001,https://krcare.net/item/mdcl_3364481_ja?lang=ko
s00000022946001,https://krcare.net/item/mdcl_3364481_zh
s00000022946001,https://krcare.net/item/mdcl_3364481_zh?lang=ko
s00000022946001,https://krcare.net/item/mdcl_3364481_zh_tw
s00000022946001,https://krcare.net/item/mdcl_3364481_zh_tw?lang=ko
s00000022946001,https://krcare.net/item/mdcl_3364495_en
s00000022946001,https://krcare.net/item/mdcl_3364495_en?lang=ko
s00000022946001,https://krcare.net/item/mdcl_3364495_ja
s00000022946001,https://krcare.net/item/mdcl_3364495_ja?lang=ko
s00000022946001,https://krcare.net/item/mdcl_3364495_zh
s00000022946001,https://krcare.net/item/mdcl_3364495_zh?lang=ko
s00000022946001,https://krcare.net/item/mdcl_3364495_zh_tw
s00000022946001,https://krcare.net/item/mdcl_3364495_zh_tw?lang=ko
s00000022946001,https://krcare.net/item/mdcl_3364564_en
s00000022946001,https://krcare.net/item/mdcl_3364564_en?lang=ko
s00000022946001,https://krcare.net/item/mdcl_3364564_ja
s00000022946001,https://krcare.net/item/mdcl_3364564_ja?lang=ko
s00000022946001,https://krcare.net/item/mdcl_3364564_zh
s00000022946001,https://krcare.net/item/mdcl_3364564_zh?lang=ko
s00000022946001,https://krcare.net/item/mdcl_3364564_zh_tw
s00000022946001,https://krcare.net/item/mdcl_3364564_zh_tw?lang=ko
s00000022946001,https://krcare.net/item/mdcl_3364565_en
s00000022946001,https://krcare.net/item/mdcl_3364565_en?lang=ko
s00000022946001,https://krcare.net/item/mdcl_3364565_ja
s00000022946001,https://krcare.net/item/mdcl_3364565_ja?lang=ko
s00000022946001,https://krcare.net/item/mdcl_3364565_zh
s00000022946001,https://krcare.net/item/mdcl_3364565_zh?lang=ko
s00000022946001,https://krcare.net/item/mdcl_3364565_zh_tw
s00000022946001,https://krcare.net/item/mdcl_3364565_zh_tw?lang=ko
s00000022946001,https://krcare.net/item/mdcl_3364566_en
s00000022946001,https://krcare.net/item/mdcl_3364566_en?lang=ko
s00000022946001,https://krcare.net/item/mdcl_3364566_ja
s00000022946001,https://krcare.net/item/mdcl_3364566_ja?lang=ko
s00000022946001,https://krcare.net/item/mdcl_3364566_zh
s00000022946001,https://krcare.net/item/mdcl_3364566_zh?lang=ko
s00000022946001,https://krcare.net/item/mdcl_3364566_zh_tw
s00000022946001,https://krcare.net/item/mdcl_3364566_zh_tw?lang=ko
s00000022946001,https://krcare.net/item/mdcl_3364569_en
s00000022946001,https://krcare.net/item/mdcl_3364569_en?lang=ko
s00000022946001,https://krcare.net/item/mdcl_3364569_ja
s00000022946001,https://krcare.net/item/mdcl_3364569_ja?lang=ko
s00000022946001,https://krcare.net/item/mdcl_3364569_zh
s00000022946001,https://krcare.net/item/mdcl_3364569_zh?lang=ko
s00000022946001,https://krcare.net/item/mdcl_3364569_zh_tw
s00000022946001,https://krcare.net/item/mdcl_3364569_zh_tw?lang=ko
s00000022946001,https://krcare.net/item/mdcl_3364584_en
s00000022946001,https://krcare.net/item/mdcl_3364584_en?lang=ko
s00000022946001,https://krcare.net/item/mdcl_3364584_ja
s00000022946001,https://krcare.net/item/mdcl_3364584_ja?lang=ko
s00000022946001,https://krcare.net/item/mdcl_3364584_zh
s00000022946001,https://krcare.net/item/mdcl_3364584_zh?lang=ko
s00000022946001,https://krcare.net/item/mdcl_3364584_zh_tw
s00000022946001,https://krcare.net/item/mdcl_3364584_zh_tw?lang=ko
s00000022946001,https://krcare.net/item/mdcl_3364592_en
s00000022946001,https://krcare.net/item/mdcl_3364592_en?lang=ko
s00000022946001,https://krcare.net/item/mdcl_3364592_ja
s00000022946001,https://krcare.net/item/mdcl_3364592_ja?lang=ko
s00000022946001,https://krcare.net/item/mdcl_3364592_zh
s00000022946001,https://krcare.net/item/mdcl_3364592_zh?lang=ko
s00000022946001,https://krcare.net/item/mdcl_3364592_zh_tw
s00000022946001,https://krcare.net/item/mdcl_3364592_zh_tw?lang=ko
s00000022946001,https://krcare.net/item/mdcl_3364593_en
s00000022946001,https://krcare.net/item/mdcl_3364593_en?lang=ko
s00000022946001,https://krcare.net/item/mdcl_3364593_ja
s00000022946001,https://krcare.net/item/mdcl_3364593_ja?lang=ko
s00000022946001,https://krcare.net/item/mdcl_3364593_zh
s00000022946001,https://krcare.net/item/mdcl_3364593_zh?lang=ko
s00000022946001,https://krcare.net/item/mdcl_3364593_zh_tw
s00000022946001,https://krcare.net/item/mdcl_3364593_zh_tw?lang=ko
s00000022946001,https://krcare.net/item/mdcl_3364596_en
s00000022946001,https://krcare.net/item/mdcl_3364596_en?lang=ko
s00000022946001,https://krcare.net/item/mdcl_3364596_ja
s00000022946001,https://krcare.net/item/mdcl_3364596_ja?lang=ko
s00000022946001,https://krcare.net/item/mdcl_3364596_zh
s00000022946001,https://krcare.net/item/mdcl_3364596_zh?lang=ko
s00000022946001,https://krcare.net/item/mdcl_3364596_zh_tw
s00000022946001,https://krcare.net/item/mdcl_3364596_zh_tw?lang=ko
s00000022946001,https://krcare.net/item/mdcl_3364606_en
s00000022946001,https://krcare.net/item/mdcl_3364606_en?lang=ko
s00000022946001,https://krcare.net/item/mdcl_3364606_ja
s00000022946001,https://krcare.net/item/mdcl_3364606_ja?lang=ko
s00000022946001,https://krcare.net/item/mdcl_3364606_zh
s00000022946001,https://krcare.net/item/mdcl_3364606_zh?lang=ko
s00000022946001,https://krcare.net/item/mdcl_3364606_zh_tw
s00000022946001,https://krcare.net/item/mdcl_3364606_zh_tw?lang=ko
s00000022946001,https://krcare.net/item/mdcl_3364607_en
s00000022946001,https://krcare.net/item/mdcl_3364607_en?lang=ko
s00000022946001,https://krcare.net/item/mdcl_3364607_ja
s00000022946001,https://krcare.net/item/mdcl_3364607_ja?lang=ko
s00000022946001,https://krcare.net/item/mdcl_3364607_zh
s00000022946001,https://krcare.net/item/mdcl_3364607_zh?lang=ko
s00000022946001,https://krcare.net/item/mdcl_3364607_zh_tw
s00000022946001,https://krcare.net/item/mdcl_3364607_zh_tw?lang=ko
s00000022946001,https://krcare.net/item/mdcl_3364611_en
s00000022946001,https://krcare.net/item/mdcl_3364611_en?lang=ko
s00000022946001,https://krcare.net/item/mdcl_3364611_ja
s00000022946001,https://krcare.net/item/mdcl_3364611_ja?lang=ko
s00000022946001,https://krcare.net/item/mdcl_3364611_zh
s00000022946001,https://krcare.net/item/mdcl_3364611_zh?lang=ko
s00000022946001,https://krcare.net/item/mdcl_3364611_zh_tw
s00000022946001,https://krcare.net/item/mdcl_3364611_zh_tw?lang=ko
s00000022946001,https://krcare.net/item/mdcl_3364619_en
s00000022946001,https://krcare.net/item/mdcl_3364619_en?lang=ko
s00000022946001,https://krcare.net/item/mdcl_3364619_ja
s00000022946001,https://krcare.net/item/mdcl_3364619_ja?lang=ko
s00000022946001,https://krcare.net/item/mdcl_3364619_zh
s00000022946001,https://krcare.net/item/mdcl_3364619_zh?lang=ko
s00000022946001,https://krcare.net/item/mdcl_3364619_zh_tw
s00000022946001,https://krcare.net/item/mdcl_3364619_zh_tw?lang=ko
s00000022946001,https://krcare.net/item/mdcl_3364621_en
s00000022946001,https://krcare.net/item/mdcl_3364621_en?lang=ko
s00000022946001,https://krcare.net/item/mdcl_3364621_ja
s00000022946001,https://krcare.net/item/mdcl_3364621_ja?lang=ko
s00000022946001,https://krcare.net/item/mdcl_3364621_zh
s00000022946001,https://krcare.net/item/mdcl_3364621_zh?lang=ko
s00000022946001,https://krcare.net/item/mdcl_3364621_zh_tw
s00000022946001,https://krcare.net/item/mdcl_3364621_zh_tw?lang=ko
s00000022946001,https://krcare.net/item/mdcl_3364622_en
s00000022946001,https://krcare.net/item/mdcl_3364622_en?lang=ko
s00000022946001,https://krcare.net/item/mdcl_3364622_ja
s00000022946001,https://krcare.net/item/mdcl_3364622_ja?lang=ko
s00000022946001,https://krcare.net/item/mdcl_3364622_zh
s00000022946001,https://krcare.net/item/mdcl_3364622_zh?lang=ko
s00000022946001,https://krcare.net/item/mdcl_3364622_zh_tw
s00000022946001,https://krcare.net/item/mdcl_3364622_zh_tw?lang=ko
s00000022946001,https://krcare.net/item/mdcl_3364624_en
s00000022946001,https://krcare.net/item/mdcl_3364624_en?lang=ko
s00000022946001,https://krcare.net/item/mdcl_3364624_ja
s00000022946001,https://krcare.net/item/mdcl_3364624_ja?lang=ko
s00000022946001,https://krcare.net/item/mdcl_3364624_zh
s00000022946001,https://krcare.net/item/mdcl_3364624_zh?lang=ko
s00000022946001,https://krcare.net/item/mdcl_3364624_zh_tw
s00000022946001,https://krcare.net/item/mdcl_3364624_zh_tw?lang=ko
s00000022946001,https://krcare.net/item/mdcl_3364627_en
s00000022946001,https://krcare.net/item/mdcl_3364627_en?lang=ko
s00000022946001,https://krcare.net/item/mdcl_3364627_ja
s00000022946001,https://krcare.net/item/mdcl_3364627_ja?lang=ko
s00000022946001,https://krcare.net/item/mdcl_3364627_zh
s00000022946001,https://krcare.net/item/mdcl_3364627_zh?lang=ko
s00000022946001,https://krcare.net/item/mdcl_3364627_zh_tw
s00000022946001,https://krcare.net/item/mdcl_3364627_zh_tw?lang=ko
s00000022946001,https://krcare.net/item/mdcl_3364641_en
s00000022946001,https://krcare.net/item/mdcl_3364641_en?lang=ko
s00000022946001,https://krcare.net/item/mdcl_3364641_ja
s00000022946001,https://krcare.net/item/mdcl_3364641_ja?lang=ko
s00000022946001,https://krcare.net/item/mdcl_3364641_zh
s00000022946001,https://krcare.net/item/mdcl_3364641_zh?lang=ko
s00000022946001,https://krcare.net/item/mdcl_3364641_zh_tw
s00000022946001,https://krcare.net/item/mdcl_3364641_zh_tw?lang=ko
s00000022946001,https://krcare.net/item/mdcl_3364644_en
s00000022946001,https://krcare.net/item/mdcl_3364644_en?lang=ko
s00000022946001,https://krcare.net/item/mdcl_3364644_ja
s00000022946001,https://krcare.net/item/mdcl_3364644_ja?lang=ko
s00000022946001,https://krcare.net/item/mdcl_3364644_zh
s00000022946001,https://krcare.net/item/mdcl_3364644_zh?lang=ko
s00000022946001,https://krcare.net/item/mdcl_3364644_zh_tw
s00000022946001,https://krcare.net/item/mdcl_3364644_zh_tw?lang=ko
s00000022946001,https://krcare.net/item/mdcl_3364645_en
s00000022946001,https://krcare.net/item/mdcl_3364645_en?lang=ko
s00000022946001,https://krcare.net/item/mdcl_3364645_ja
s00000022946001,https://krcare.net/item/mdcl_3364645_ja?lang=ko
s00000022946001,https://krcare.net/item/mdcl_3364645_zh
s00000022946001,https://krcare.net/item/mdcl_3364645_zh?lang=ko
s00000022946001,https://krcare.net/item/mdcl_3364645_zh_tw
s00000022946001,https://krcare.net/item/mdcl_3364645_zh_tw?lang=ko
s00000022946001,https://krcare.net/item/mdcl_3364647_en
s00000022946001,https://krcare.net/item/mdcl_3364647_en?lang=ko
s00000022946001,https://krcare.net/item/mdcl_3364647_ja
s00000022946001,https://krcare.net/item/mdcl_3364647_ja?lang=ko
s00000022946001,https://krcare.net/item/mdcl_3364647_zh
s00000022946001,https://krcare.net/item/mdcl_3364647_zh?lang=ko
s00000022946001,https://krcare.net/item/mdcl_3364647_zh_tw
s00000022946001,https://krcare.net/item/mdcl_3364647_zh_tw?lang=ko
s00000022946001,https://krcare.net/item/mdcl_3364662_en
s00000022946001,https://krcare.net/item/mdcl_3364662_en?lang=ko
s00000022946001,https://krcare.net/item/mdcl_3364662_ja
s00000022946001,https://krcare.net/item/mdcl_3364662_ja?lang=ko
s00000022946001,https://krcare.net/item/mdcl_3364662_zh
s00000022946001,https://krcare.net/item/mdcl_3364662_zh?lang=ko
s00000022946001,https://krcare.net/item/mdcl_3364662_zh_tw
s00000022946001,https://krcare.net/item/mdcl_3364662_zh_tw?lang=ko
s00000022946001,https://krcare.net/item/mdcl_3364664_en
s00000022946001,https://krcare.net/item/mdcl_3364664_en?lang=ko
s00000022946001,https://krcare.net/item/mdcl_3364664_ja
s00000022946001,https://krcare.net/item/mdcl_3364664_ja?lang=ko
s00000022946001,https://krcare.net/item/mdcl_3364664_zh
s00000022946001,https://krcare.net/item/mdcl_3364664_zh?lang=ko
s00000022946001,https://krcare.net/item/mdcl_3364664_zh_tw
s00000022946001,https://krcare.net/item/mdcl_3364664_zh_tw?lang=ko
s00000022946001,https://krcare.net/item/mdcl_3364665_en
s00000022946001,https://krcare.net/item/mdcl_3364665_en?lang=ko
s00000022946001,https://krcare.net/item/mdcl_3364665_ja
s00000022946001,https://krcare.net/item/mdcl_3364665_ja?lang=ko
s00000022946001,https://krcare.net/item/mdcl_3364665_zh
s00000022946001,https://krcare.net/item/mdcl_3364665_zh?lang=ko
s00000022946001,https://krcare.net/item/mdcl_3364665_zh_tw
s00000022946001,https://krcare.net/item/mdcl_3364665_zh_tw?lang=ko
s00000022946001,https://krcare.net/item/mdcl_3364678_en
s00000022946001,https://krcare.net/item/mdcl_3364678_en?lang=ko
s00000022946001,https://krcare.net/item/mdcl_3364678_ja
s00000022946001,https://krcare.net/item/mdcl_3364678_ja?lang=ko
s00000022946001,https://krcare.net/item/mdcl_3364678_zh
s00000022946001,https://krcare.net/item/mdcl_3364678_zh?lang=ko
s00000022946001,https://krcare.net/item/mdcl_3364678_zh_tw
s00000022946001,https://krcare.net/item/mdcl_3364678_zh_tw?lang=ko
s00000022946001,https://krcare.net/item/mdcl_3364680_en
s00000022946001,https://krcare.net/item/mdcl_3364680_en?lang=ko
s00000022946001,https://krcare.net/item/mdcl_3364680_ja
s00000022946001,https://krcare.net/item/mdcl_3364680_ja?lang=ko
s00000022946001,https://krcare.net/item/mdcl_3364680_zh
s00000022946001,https://krcare.net/item/mdcl_3364680_zh?lang=ko
s00000022946001,https://krcare.net/item/mdcl_3364680_zh_tw
s00000022946001,https://krcare.net/item/mdcl_3364680_zh_tw?lang=ko
s00000022946001,https://krcare.net/item/mdcl_3364681_en
s00000022946001,https://krcare.net/item/mdcl_3364681_en?lang=ko
s00000022946001,https://krcare.net/item/mdcl_3364681_ja
s00000022946001,https://krcare.net/item/mdcl_3364681_ja?lang=ko
s00000022946001,https://krcare.net/item/mdcl_3364681_zh
s00000022946001,https://krcare.net/item/mdcl_3364681_zh?lang=ko
s00000022946001,https://krcare.net/item/mdcl_3364681_zh_tw
s00000022946001,https://krcare.net/item/mdcl_3364681_zh_tw?lang=ko
s00000022946001,https://krcare.net/item/mdcl_3364686_en
s00000022946001,https://krcare.net/item/mdcl_3364686_en?lang=ko
s00000022946001,https://krcare.net/item/mdcl_3364686_ja
s00000022946001,https://krcare.net/item/mdcl_3364686_ja?lang=ko
s00000022946001,https://krcare.net/item/mdcl_3364686_zh
s00000022946001,https://krcare.net/item/mdcl_3364686_zh?lang=ko
s00000022946001,https://krcare.net/item/mdcl_3364686_zh_tw
s00000022946001,https://krcare.net/item/mdcl_3364686_zh_tw?lang=ko
s00000022946001,https://krcare.net/item/mdcl_3364691_en
s00000022946001,https://krcare.net/item/mdcl_3364691_en?lang=ko
s00000022946001,https://krcare.net/item/mdcl_3364691_ja
s00000022946001,https://krcare.net/item/mdcl_3364691_ja?lang=ko
s00000022946001,https://krcare.net/item/mdcl_3364691_zh
s00000022946001,https://krcare.net/item/mdcl_3364691_zh?lang=ko
s00000022946001,https://krcare.net/item/mdcl_3364691_zh_tw
s00000022946001,https://krcare.net/item/mdcl_3364691_zh_tw?lang=ko
s00000022946001,https://krcare.net/item/mdcl_3364700_en
s00000022946001,https://krcare.net/item/mdcl_3364700_en?lang=ko
s00000022946001,https://krcare.net/item/mdcl_3364700_ja
s00000022946001,https://krcare.net/item/mdcl_3364700_ja?lang=ko
s00000022946001,https://krcare.net/item/mdcl_3364700_zh
s00000022946001,https://krcare.net/item/mdcl_3364700_zh?lang=ko
s00000022946001,https://krcare.net/item/mdcl_3364700_zh_tw
s00000022946001,https://krcare.net/item/mdcl_3364700_zh_tw?lang=ko
s00000022946001,https://krcare.net/item/mdcl_3364701_en
s00000022946001,https://krcare.net/item/mdcl_3364701_en?lang=ko
s00000022946001,https://krcare.net/item/mdcl_3364701_ja
s00000022946001,https://krcare.net/item/mdcl_3364701_ja?lang=ko
s00000022946001,https://krcare.net/item/mdcl_3364701_zh
s00000022946001,https://krcare.net/item/mdcl_3364701_zh?lang=ko
s00000022946001,https://krcare.net/item/mdcl_3364701_zh_tw
s00000022946001,https://krcare.net/item/mdcl_3364701_zh_tw?lang=ko
s00000022946001,https://krcare.net/item/mdcl_3364714_en
s00000022946001,https://krcare.net/item/mdcl_3364714_en?lang=ko
s00000022946001,https://krcare.net/item/mdcl_3364714_ja
s00000022946001,https://krcare.net/item/mdcl_3364714_ja?lang=ko
s00000022946001,https://krcare.net/item/mdcl_3364714_zh
s00000022946001,https://krcare.net/item/mdcl_3364714_zh?lang=ko
s00000022946001,https://krcare.net/item/mdcl_3364714_zh_tw
s00000022946001,https://krcare.net/item/mdcl_3364714_zh_tw?lang=ko
s00000022946001,https://krcare.net/item/mdcl_3364716_en
s00000022946001,https://krcare.net/item/mdcl_3364716_en?lang=ko
s00000022946001,https://krcare.net/item/mdcl_3364716_ja
s00000022946001,https://krcare.net/item/mdcl_3364716_ja?lang=ko
s00000022946001,https://krcare.net/item/mdcl_3364716_zh
s00000022946001,https://krcare.net/item/mdcl_3364716_zh?lang=ko
s00000022946001,https://krcare.net/item/mdcl_3364716_zh_tw
s00000022946001,https://krcare.net/item/mdcl_3364716_zh_tw?lang=ko
s00000022946001,https://krcare.net/item/mdcl_3364727_en
s00000022946001,https://krcare.net/item/mdcl_3364727_en?lang=ko
s00000022946001,https://krcare.net/item/mdcl_3364727_ja
s00000022946001,https://krcare.net/item/mdcl_3364727_ja?lang=ko
s00000022946001,https://krcare.net/item/mdcl_3364727_zh
s00000022946001,https://krcare.net/item/mdcl_3364727_zh?lang=ko
s00000022946001,https://krcare.net/item/mdcl_3364727_zh_tw
s00000022946001,https://krcare.net/item/mdcl_3364727_zh_tw?lang=ko
s00000022946001,https://krcare.net/item/mdcl_3364728_en
s00000022946001,https://krcare.net/item/mdcl_3364728_en?lang=ko
s00000022946001,https://krcare.net/item/mdcl_3364728_ja
s00000022946001,https://krcare.net/item/mdcl_3364728_ja?lang=ko
s00000022946001,https://krcare.net/item/mdcl_3364728_zh
s00000022946001,https://krcare.net/item/mdcl_3364728_zh?lang=ko
s00000022946001,https://krcare.net/item/mdcl_3364728_zh_tw
s00000022946001,https://krcare.net/item/mdcl_3364728_zh_tw?lang=ko
s00000022946001,https://krcare.net/item/mdcl_3364734_en
s00000022946001,https://krcare.net/item/mdcl_3364734_en?lang=ko
s00000022946001,https://krcare.net/item/mdcl_3364734_ja
s00000022946001,https://krcare.net/item/mdcl_3364734_ja?lang=ko
s00000022946001,https://krcare.net/item/mdcl_3364734_zh
s00000022946001,https://krcare.net/item/mdcl_3364734_zh?lang=ko
s00000022946001,https://krcare.net/item/mdcl_3364734_zh_tw
s00000022946001,https://krcare.net/item/mdcl_3364734_zh_tw?lang=ko
s00000022946001,https://krcare.net/item/mdcl_3364735_en
s00000022946001,https://krcare.net/item/mdcl_3364735_en?lang=ko
s00000022946001,https://krcare.net/item/mdcl_3364735_ja
s00000022946001,https://krcare.net/item/mdcl_3364735_ja?lang=ko
s00000022946001,https://krcare.net/item/mdcl_3364735_zh
s00000022946001,https://krcare.net/item/mdcl_3364735_zh?lang=ko
s00000022946001,https://krcare.net/item/mdcl_3364735_zh_tw
s00000022946001,https://krcare.net/item/mdcl_3364735_zh_tw?lang=ko
s00000022946001,https://krcare.net/item/mdcl_3364741_en
s00000022946001,https://krcare.net/item/mdcl_3364741_en?lang=ko
s00000022946001,https://krcare.net/item/mdcl_3364741_ja
s00000022946001,https://krcare.net/item/mdcl_3364741_ja?lang=ko
s00000022946001,https://krcare.net/item/mdcl_3364741_zh
s00000022946001,https://krcare.net/item/mdcl_3364741_zh?lang=ko
s00000022946001,https://krcare.net/item/mdcl_3364741_zh_tw
s00000022946001,https://krcare.net/item/mdcl_3364741_zh_tw?lang=ko
s00000022946001,https://krcare.net/item/mdcl_3364744_en
s00000022946001,https://krcare.net/item/mdcl_3364744_en?lang=ko
s00000022946001,https://krcare.net/item/mdcl_3364744_ja
s00000022946001,https://krcare.net/item/mdcl_3364744_ja?lang=ko
s00000022946001,https://krcare.net/item/mdcl_3364744_zh
s00000022946001,https://krcare.net/item/mdcl_3364744_zh?lang=ko
s00000022946001,https://krcare.net/item/mdcl_3364744_zh_tw
s00000022946001,https://krcare.net/item/mdcl_3364744_zh_tw?lang=ko
s00000022946001,https://krcare.net/item/mdcl_3364748_en
s00000022946001,https://krcare.net/item/mdcl_3364748_en?lang=ko
s00000022946001,https://krcare.net/item/mdcl_3364748_ja
s00000022946001,https://krcare.net/item/mdcl_3364748_ja?lang=ko
s00000022946001,https://krcare.net/item/mdcl_3364748_zh
s00000022946001,https://krcare.net/item/mdcl_3364748_zh?lang=ko
s00000022946001,https://krcare.net/item/mdcl_3364748_zh_tw
s00000022946001,https://krcare.net/item/mdcl_3364748_zh_tw?lang=ko
s00000022946001,https://krcare.net/item/mdcl_3364756_en
s00000022946001,https://krcare.net/item/mdcl_3364756_en?lang=ko
s00000022946001,https://krcare.net/item/mdcl_3364756_ja
s00000022946001,https://krcare.net/item/mdcl_3364756_ja?lang=ko
s00000022946001,https://krcare.net/item/mdcl_3364756_zh
s00000022946001,https://krcare.net/item/mdcl_3364756_zh?lang=ko
s00000022946001,https://krcare.net/item/mdcl_3364756_zh_tw
s00000022946001,https://krcare.net/item/mdcl_3364756_zh_tw?lang=ko
s00000022946001,https://krcare.net/item/mdcl_3364757_en
s00000022946001,https://krcare.net/item/mdcl_3364757_en?lang=ko
s00000022946001,https://krcare.net/item/mdcl_3364757_ja
s00000022946001,https://krcare.net/item/mdcl_3364757_ja?lang=ko
s00000022946001,https://krcare.net/item/mdcl_3364757_zh
s00000022946001,https://krcare.net/item/mdcl_3364757_zh?lang=ko
s00000022946001,https://krcare.net/item/mdcl_3364757_zh_tw
s00000022946001,https://krcare.net/item/mdcl_3364757_zh_tw?lang=ko
s00000022946001,https://krcare.net/item/mdcl_3364765_en
s00000022946001,https://krcare.net/item/mdcl_3364765_en?lang=ko
s00000022946001,https://krcare.net/item/mdcl_3364765_ja
s00000022946001,https://krcare.net/item/mdcl_3364765_ja?lang=ko
s00000022946001,https://krcare.net/item/mdcl_3364765_zh
s00000022946001,https://krcare.net/item/mdcl_3364765_zh?lang=ko
s00000022946001,https://krcare.net/item/mdcl_3364765_zh_tw
s00000022946001,https://krcare.net/item/mdcl_3364765_zh_tw?lang=ko
s00000022946001,https://krcare.net/item/mdcl_3364770_en
s00000022946001,https://krcare.net/item/mdcl_3364770_en?lang=ko
s00000022946001,https://krcare.net/item/mdcl_3364770_ja
s00000022946001,https://krcare.net/item/mdcl_3364770_ja?lang=ko
s00000022946001,https://krcare.net/item/mdcl_3364770_zh
s00000022946001,https://krcare.net/item/mdcl_3364770_zh?lang=ko
s00000022946001,https://krcare.net/item/mdcl_3364770_zh_tw
s00000022946001,https://krcare.net/item/mdcl_3364770_zh_tw?lang=ko
s00000022946001,https://krcare.net/item/mdcl_3364772_en
s00000022946001,https://krcare.net/item/mdcl_3364772_en?lang=ko
s00000022946001,https://krcare.net/item/mdcl_3364772_ja
s00000022946001,https://krcare.net/item/mdcl_3364772_ja?lang=ko
s00000022946001,https://krcare.net/item/mdcl_3364772_zh
s00000022946001,https://krcare.net/item/mdcl_3364772_zh?lang=ko
s00000022946001,https://krcare.net/item/mdcl_3364772_zh_tw
s00000022946001,https://krcare.net/item/mdcl_3364772_zh_tw?lang=ko
s00000022946001,https://krcare.net/item/mdcl_3364779_en
s00000022946001,https://krcare.net/item/mdcl_3364779_en?lang=ko
s00000022946001,https://krcare.net/item/mdcl_3364779_ja
s00000022946001,https://krcare.net/item/mdcl_3364779_ja?lang=ko
s00000022946001,https://krcare.net/item/mdcl_3364779_zh
s00000022946001,https://krcare.net/item/mdcl_3364779_zh?lang=ko
s00000022946001,https://krcare.net/item/mdcl_3364779_zh_tw
s00000022946001,https://krcare.net/item/mdcl_3364779_zh_tw?lang=ko
s00000022946001,https://krcare.net/item/mdcl_3364782_en
s00000022946001,https://krcare.net/item/mdcl_3364782_en?lang=ko
s00000022946001,https://krcare.net/item/mdcl_3364782_ja
s00000022946001,https://krcare.net/item/mdcl_3364782_ja?lang=ko
s00000022946001,https://krcare.net/item/mdcl_3364782_zh
s00000022946001,https://krcare.net/item/mdcl_3364782_zh?lang=ko
s00000022946001,https://krcare.net/item/mdcl_3364782_zh_tw
s00000022946001,https://krcare.net/item/mdcl_3364782_zh_tw?lang=ko
s00000022946001,https://krcare.net/item/mdcl_3364783_en
s00000022946001,https://krcare.net/item/mdcl_3364783_en?lang=ko
s00000022946001,https://krcare.net/item/mdcl_3364783_ja
s00000022946001,https://krcare.net/item/mdcl_3364783_ja?lang=ko
s00000022946001,https://krcare.net/item/mdcl_3364783_zh
s00000022946001,https://krcare.net/item/mdcl_3364783_zh?lang=ko
s00000022946001,https://krcare.net/item/mdcl_3364783_zh_tw
s00000022946001,https://krcare.net/item/mdcl_3364783_zh_tw?lang=ko
s00000022946001,https://krcare.net/item/mdcl_3364789_en
s00000022946001,https://krcare.net/item/mdcl_3364789_en?lang=ko
s00000022946001,https://krcare.net/item/mdcl_3364789_ja
s00000022946001,https://krcare.net/item/mdcl_3364789_ja?lang=ko
s00000022946001,https://krcare.net/item/mdcl_3364789_zh
s00000022946001,https://krcare.net/item/mdcl_3364789_zh?lang=ko
s00000022946001,https://krcare.net/item/mdcl_3364789_zh_tw
s00000022946001,https://krcare.net/item/mdcl_3364789_zh_tw?lang=ko
s00000022946001,https://krcare.net/item/mdcl_3364793_en
s00000022946001,https://krcare.net/item/mdcl_3364793_en?lang=ko
s00000022946001,https://krcare.net/item/mdcl_3364793_ja
s00000022946001,https://krcare.net/item/mdcl_3364793_ja?lang=ko
s00000022946001,https://krcare.net/item/mdcl_3364793_zh
s00000022946001,https://krcare.net/item/mdcl_3364793_zh?lang=ko
s00000022946001,https://krcare.net/item/mdcl_3364793_zh_tw
s00000022946001,https://krcare.net/item/mdcl_3364793_zh_tw?lang=ko
s00000022946001,https://krcare.net/item/mdcl_3364801_en
s00000022946001,https://krcare.net/item/mdcl_3364801_en?lang=ko
s00000022946001,https://krcare.net/item/mdcl_3364801_ja
s00000022946001,https://krcare.net/item/mdcl_3364801_ja?lang=ko
s00000022946001,https://krcare.net/item/mdcl_3364801_zh
s00000022946001,https://krcare.net/item/mdcl_3364801_zh?lang=ko
s00000022946001,https://krcare.net/item/mdcl_3364801_zh_tw
s00000022946001,https://krcare.net/item/mdcl_3364801_zh_tw?lang=ko
s00000022946001,https://krcare.net/item/mdcl_3364802_en
s00000022946001,https://krcare.net/item/mdcl_3364802_en?lang=ko
s00000022946001,https://krcare.net/item/mdcl_3364802_ja
s00000022946001,https://krcare.net/item/mdcl_3364802_ja?lang=ko
s00000022946001,https://krcare.net/item/mdcl_3364802_zh
s00000022946001,https://krcare.net/item/mdcl_3364802_zh?lang=ko
s00000022946001,https://krcare.net/item/mdcl_3364802_zh_tw
s00000022946001,https://krcare.net/item/mdcl_3364802_zh_tw?lang=ko
s00000022946001,https://krcare.net/item/mdcl_3364810_en
s00000022946001,https://krcare.net/item/mdcl_3364810_en?lang=ko
s00000022946001,https://krcare.net/item/mdcl_3364810_ja
s00000022946001,https://krcare.net/item/mdcl_3364810_ja?lang=ko
s00000022946001,https://krcare.net/item/mdcl_3364810_zh
s00000022946001,https://krcare.net/item/mdcl_3364810_zh?lang=ko
s00000022946001,https://krcare.net/item/mdcl_3364810_zh_tw
s00000022946001,https://krcare.net/item/mdcl_3364810_zh_tw?lang=ko
s00000022946001,https://krcare.net/item/mdcl_3364834_en
s00000022946001,https://krcare.net/item/mdcl_3364834_en?lang=ko
s00000022946001,https://krcare.net/item/mdcl_3364834_ja
s00000022946001,https://krcare.net/item/mdcl_3364834_ja?lang=ko
s00000022946001,https://krcare.net/item/mdcl_3364834_zh
s00000022946001,https://krcare.net/item/mdcl_3364834_zh?lang=ko
s00000022946001,https://krcare.net/item/mdcl_3364834_zh_tw
s00000022946001,https://krcare.net/item/mdcl_3364834_zh_tw?lang=ko
s00000022946001,https://krcare.net/item/mdcl_3364835_en
s00000022946001,https://krcare.net/item/mdcl_3364835_en?lang=ko
s00000022946001,https://krcare.net/item/mdcl_3364835_ja
s00000022946001,https://krcare.net/item/mdcl_3364835_ja?lang=ko
s00000022946001,https://krcare.net/item/mdcl_3364835_zh
s00000022946001,https://krcare.net/item/mdcl_3364835_zh?lang=ko
s00000022946001,https://krcare.net/item/mdcl_3364835_zh_tw
s00000022946001,https://krcare.net/item/mdcl_3364835_zh_tw?lang=ko
s00000022946001,https://krcare.net/item/mdcl_3364859_en
s00000022946001,https://krcare.net/item/mdcl_3364859_en?lang=ko
s00000022946001,https://krcare.net/item/mdcl_3364859_ja
s00000022946001,https://krcare.net/item/mdcl_3364859_ja?lang=ko
s00000022946001,https://krcare.net/item/mdcl_3364859_zh
s00000022946001,https://krcare.net/item/mdcl_3364859_zh?lang=ko
s00000022946001,https://krcare.net/item/mdcl_3364859_zh_tw
s00000022946001,https://krcare.net/item/mdcl_3364859_zh_tw?lang=ko
s00000022946001,https://krcare.net/item/mdcl_3364863_en
s00000022946001,https://krcare.net/item/mdcl_3364863_en?lang=ko
s00000022946001,https://krcare.net/item/mdcl_3364863_ja
s00000022946001,https://krcare.net/item/mdcl_3364863_ja?lang=ko
s00000022946001,https://krcare.net/item/mdcl_3364863_zh
s00000022946001,https://krcare.net/item/mdcl_3364863_zh?lang=ko
s00000022946001,https://krcare.net/item/mdcl_3364863_zh_tw
s00000022946001,https://krcare.net/item/mdcl_3364863_zh_tw?lang=ko
s00000022946001,https://krcare.net/item/mdcl_3364882_en
s00000022946001,https://krcare.net/item/mdcl_3364882_en?lang=ko
s00000022946001,https://krcare.net/item/mdcl_3364882_ja
s00000022946001,https://krcare.net/item/mdcl_3364882_ja?lang=ko
s00000022946001,https://krcare.net/item/mdcl_3364882_zh
s00000022946001,https://krcare.net/item/mdcl_3364882_zh?lang=ko
s00000022946001,https://krcare.net/item/mdcl_3364882_zh_tw
s00000022946001,https://krcare.net/item/mdcl_3364882_zh_tw?lang=ko
s00000022946001,https://krcare.net/item/mdcl_3364883_en
s00000022946001,https://krcare.net/item/mdcl_3364883_en?lang=ko
s00000022946001,https://krcare.net/item/mdcl_3364883_ja
s00000022946001,https://krcare.net/item/mdcl_3364883_ja?lang=ko
s00000022946001,https://krcare.net/item/mdcl_3364883_zh
s00000022946001,https://krcare.net/item/mdcl_3364883_zh?lang=ko
s00000022946001,https://krcare.net/item/mdcl_3364883_zh_tw
s00000022946001,https://krcare.net/item/mdcl_3364883_zh_tw?lang=ko
s00000022946001,https://krcare.net/item/mdcl_3364916_en
s00000022946001,https://krcare.net/item/mdcl_3364916_en?lang=ko
s00000022946001,https://krcare.net/item/mdcl_3364916_ja
s00000022946001,https://krcare.net/item/mdcl_3364916_ja?lang=ko
s00000022946001,https://krcare.net/item/mdcl_3364916_zh
s00000022946001,https://krcare.net/item/mdcl_3364916_zh?lang=ko
s00000022946001,https://krcare.net/item/mdcl_3364916_zh_tw
s00000022946001,https://krcare.net/item/mdcl_3364916_zh_tw?lang=ko
s00000022946001,https://krcare.net/item/mdcl_3364920_en
s00000022946001,https://krcare.net/item/mdcl_3364920_en?lang=ko
s00000022946001,https://krcare.net/item/mdcl_3364920_ja
s00000022946001,https://krcare.net/item/mdcl_3364920_ja?lang=ko
s00000022946001,https://krcare.net/item/mdcl_3364920_zh
s00000022946001,https://krcare.net/item/mdcl_3364920_zh?lang=ko
s00000022946001,https://krcare.net/item/mdcl_3364920_zh_tw
s00000022946001,https://krcare.net/item/mdcl_3364920_zh_tw?lang=ko
s00000022946001,https://krcare.net/item/mdcl_3364935_en
s00000022946001,https://krcare.net/item/mdcl_3364935_en?lang=ko
s00000022946001,https://krcare.net/item/mdcl_3364935_ja
s00000022946001,https://krcare.net/item/mdcl_3364935_ja?lang=ko
s00000022946001,https://krcare.net/item/mdcl_3364935_zh
s00000022946001,https://krcare.net/item/mdcl_3364935_zh?lang=ko
s00000022946001,https://krcare.net/item/mdcl_3364935_zh_tw
s00000022946001,https://krcare.net/item/mdcl_3364935_zh_tw?lang=ko
s00000022946001,https://krcare.net/item/mdcl_3364945_en
s00000022946001,https://krcare.net/item/mdcl_3364945_en?lang=ko
s00000022946001,https://krcare.net/item/mdcl_3364945_ja
s00000022946001,https://krcare.net/item/mdcl_3364945_ja?lang=ko
s00000022946001,https://krcare.net/item/mdcl_3364945_zh
s00000022946001,https://krcare.net/item/mdcl_3364945_zh?lang=ko
s00000022946001,https://krcare.net/item/mdcl_3364945_zh_tw
s00000022946001,https://krcare.net/item/mdcl_3364945_zh_tw?lang=ko
s00000022946001,https://krcare.net/item/mdcl_3364978_en
s00000022946001,https://krcare.net/item/mdcl_3364978_en?lang=ko
s00000022946001,https://krcare.net/item/mdcl_3364978_ja
s00000022946001,https://krcare.net/item/mdcl_3364978_ja?lang=ko
s00000022946001,https://krcare.net/item/mdcl_3364978_zh
s00000022946001,https://krcare.net/item/mdcl_3364978_zh?lang=ko
s00000022946001,https://krcare.net/item/mdcl_3364978_zh_tw
s00000022946001,https://krcare.net/item/mdcl_3364978_zh_tw?lang=ko
s00000022946001,https://krcare.net/item/mdcl_3364983_en
s00000022946001,https://krcare.net/item/mdcl_3364983_en?lang=ko
s00000022946001,https://krcare.net/item/mdcl_3364983_ja
s00000022946001,https://krcare.net/item/mdcl_3364983_ja?lang=ko
s00000022946001,https://krcare.net/item/mdcl_3364983_zh
s00000022946001,https://krcare.net/item/mdcl_3364983_zh?lang=ko
s00000022946001,https://krcare.net/item/mdcl_3364983_zh_tw
s00000022946001,https://krcare.net/item/mdcl_3364983_zh_tw?lang=ko
s00000022946001,https://krcare.net/item/mdcl_3365009_en
s00000022946001,https://krcare.net/item/mdcl_3365009_en?lang=ko
s00000022946001,https://krcare.net/item/mdcl_3365009_ja
s00000022946001,https://krcare.net/item/mdcl_3365009_ja?lang=ko
s00000022946001,https://krcare.net/item/mdcl_3365009_zh
s00000022946001,https://krcare.net/item/mdcl_3365009_zh?lang=ko
s00000022946001,https://krcare.net/item/mdcl_3365009_zh_tw
s00000022946001,https://krcare.net/item/mdcl_3365009_zh_tw?lang=ko
s00000022946001,https://krcare.net/item/mdcl_3365081_en
s00000022946001,https://krcare.net/item/mdcl_3365081_en?lang=ko
s00000022946001,https://krcare.net/item/mdcl_3365081_ja
s00000022946001,https://krcare.net/item/mdcl_3365081_ja?lang=ko
s00000022946001,https://krcare.net/item/mdcl_3365081_zh
s00000022946001,https://krcare.net/item/mdcl_3365081_zh?lang=ko
s00000022946001,https://krcare.net/item/mdcl_3365081_zh_tw
s00000022946001,https://krcare.net/item/mdcl_3365081_zh_tw?lang=ko
s00000022946001,https://krcare.net/item/mdcl_3365179_en
s00000022946001,https://krcare.net/item/mdcl_3365179_en?lang=ko
s00000022946001,https://krcare.net/item/mdcl_3365179_ja
s00000022946001,https://krcare.net/item/mdcl_3365179_ja?lang=ko
s00000022946001,https://krcare.net/item/mdcl_3365179_zh
s00000022946001,https://krcare.net/item/mdcl_3365179_zh?lang=ko
s00000022946001,https://krcare.net/item/mdcl_3365179_zh_tw
s00000022946001,https://krcare.net/item/mdcl_3365179_zh_tw?lang=ko
s00000022946001,https://krcare.net/item/mdcl_3365216_en
s00000022946001,https://krcare.net/item/mdcl_3365216_en?lang=ko
s00000022946001,https://krcare.net/item/mdcl_3365216_ja
s00000022946001,https://krcare.net/item/mdcl_3365216_ja?lang=ko
s00000022946001,https://krcare.net/item/mdcl_3365216_zh
s00000022946001,https://krcare.net/item/mdcl_3365216_zh?lang=ko
s00000022946001,https://krcare.net/item/mdcl_3365216_zh_tw
s00000022946001,https://krcare.net/item/mdcl_3365216_zh_tw?lang=ko
s00000022946001,https://krcare.net/item/mdcl_3365217_en
s00000022946001,https://krcare.net/item/mdcl_3365217_en?lang=ko
s00000022946001,https://krcare.net/item/mdcl_3365217_ja
s00000022946001,https://krcare.net/item/mdcl_3365217_ja?lang=ko
s00000022946001,https://krcare.net/item/mdcl_3365217_zh
s00000022946001,https://krcare.net/item/mdcl_3365217_zh?lang=ko
s00000022946001,https://krcare.net/item/mdcl_3365217_zh_tw
s00000022946001,https://krcare.net/item/mdcl_3365217_zh_tw?lang=ko
s00000022946001,https://krcare.net/item/mdcl_3365252_en
s00000022946001,https://krcare.net/item/mdcl_3365252_en?lang=ko
s00000022946001,https://krcare.net/item/mdcl_3365252_ja
s00000022946001,https://krcare.net/item/mdcl_3365252_ja?lang=ko
s00000022946001,https://krcare.net/item/mdcl_3365252_zh
s00000022946001,https://krcare.net/item/mdcl_3365252_zh?lang=ko
s00000022946001,https://krcare.net/item/mdcl_3365252_zh_tw
s00000022946001,https://krcare.net/item/mdcl_3365252_zh_tw?lang=ko
s00000022946001,https://krcare.net/item/mdcl_3365275_en
s00000022946001,https://krcare.net/item/mdcl_3365275_en?lang=ko
s00000022946001,https://krcare.net/item/mdcl_3365275_ja
s00000022946001,https://krcare.net/item/mdcl_3365275_ja?lang=ko
s00000022946001,https://krcare.net/item/mdcl_3365275_zh
s00000022946001,https://krcare.net/item/mdcl_3365275_zh?lang=ko
s00000022946001,https://krcare.net/item/mdcl_3365275_zh_tw
s00000022946001,https://krcare.net/item/mdcl_3365275_zh_tw?lang=ko
s00000022946001,https://krcare.net/item/mdcl_3365278_en
s00000022946001,https://krcare.net/item/mdcl_3365278_en?lang=ko
s00000022946001,https://krcare.net/item/mdcl_3365278_ja
s00000022946001,https://krcare.net/item/mdcl_3365278_ja?lang=ko
s00000022946001,https://krcare.net/item/mdcl_3365278_zh
s00000022946001,https://krcare.net/item/mdcl_3365278_zh?lang=ko
s00000022946001,https://krcare.net/item/mdcl_3365278_zh_tw
s00000022946001,https://krcare.net/item/mdcl_3365278_zh_tw?lang=ko
s00000022946001,https://krcare.net/item/mdcl_3365295_en
s00000022946001,https://krcare.net/item/mdcl_3365295_en?lang=ko
s00000022946001,https://krcare.net/item/mdcl_3365295_ja
s00000022946001,https://krcare.net/item/mdcl_3365295_ja?lang=ko
s00000022946001,https://krcare.net/item/mdcl_3365295_zh
s00000022946001,https://krcare.net/item/mdcl_3365295_zh?lang=ko
s00000022946001,https://krcare.net/item/mdcl_3365295_zh_tw
s00000022946001,https://krcare.net/item/mdcl_3365295_zh_tw?lang=ko
s00000022946001,https://krcare.net/item/mdcl_3365345_en
s00000022946001,https://krcare.net/item/mdcl_3365345_en?lang=ko
s00000022946001,https://krcare.net/item/mdcl_3365345_ja
s00000022946001,https://krcare.net/item/mdcl_3365345_ja?lang=ko
s00000022946001,https://krcare.net/item/mdcl_3365345_zh
s00000022946001,https://krcare.net/item/mdcl_3365345_zh?lang=ko
s00000022946001,https://krcare.net/item/mdcl_3365345_zh_tw
s00000022946001,https://krcare.net/item/mdcl_3365345_zh_tw?lang=ko
s00000022946001,https://krcare.net/item/mdcl_3365404_en
s00000022946001,https://krcare.net/item/mdcl_3365404_en?lang=ko
s00000022946001,https://krcare.net/item/mdcl_3365404_ja
s00000022946001,https://krcare.net/item/mdcl_3365404_ja?lang=ko
s00000022946001,https://krcare.net/item/mdcl_3365404_zh
s00000022946001,https://krcare.net/item/mdcl_3365404_zh?lang=ko
s00000022946001,https://krcare.net/item/mdcl_3365404_zh_tw
s00000022946001,https://krcare.net/item/mdcl_3365404_zh_tw?lang=ko
s00000022946001,https://krcare.net/item/mdcl_3365419_en
s00000022946001,https://krcare.net/item/mdcl_3365419_en?lang=ko
s00000022946001,https://krcare.net/item/mdcl_3365419_ja
s00000022946001,https://krcare.net/item/mdcl_3365419_ja?lang=ko
s00000022946001,https://krcare.net/item/mdcl_3365419_zh
s00000022946001,https://krcare.net/item/mdcl_3365419_zh?lang=ko
s00000022946001,https://krcare.net/item/mdcl_3365419_zh_tw
s00000022946001,https://krcare.net/item/mdcl_3365419_zh_tw?lang=ko
s00000022946001,https://krcare.net/item/mdcl_3365450_en
s00000022946001,https://krcare.net/item/mdcl_3365450_en?lang=ko
s00000022946001,https://krcare.net/item/mdcl_3365450_ja
s00000022946001,https://krcare.net/item/mdcl_3365450_ja?lang=ko
s00000022946001,https://krcare.net/item/mdcl_3365450_zh
s00000022946001,https://krcare.net/item/mdcl_3365450_zh?lang=ko
s00000022946001,https://krcare.net/item/mdcl_3365450_zh_tw
s00000022946001,https://krcare.net/item/mdcl_3365450_zh_tw?lang=ko
s00000022946001,https://krcare.net/item/mdcl_3365455_en
s00000022946001,https://krcare.net/item/mdcl_3365455_en?lang=ko
s00000022946001,https://krcare.net/item/mdcl_3365455_ja
s00000022946001,https://krcare.net/item/mdcl_3365455_ja?lang=ko
s00000022946001,https://krcare.net/item/mdcl_3365455_zh
s00000022946001,https://krcare.net/item/mdcl_3365455_zh?lang=ko
s00000022946001,https://krcare.net/item/mdcl_3365455_zh_tw
s00000022946001,https://krcare.net/item/mdcl_3365455_zh_tw?lang=ko
s00000022946001,https://krcare.net/item/mdcl_3365514_en
s00000022946001,https://krcare.net/item/mdcl_3365514_en?lang=ko
s00000022946001,https://krcare.net/item/mdcl_3365514_ja
s00000022946001,https://krcare.net/item/mdcl_3365514_ja?lang=ko
s00000022946001,https://krcare.net/item/mdcl_3365514_zh
s00000022946001,https://krcare.net/item/mdcl_3365514_zh?lang=ko
s00000022946001,https://krcare.net/item/mdcl_3365514_zh_tw
s00000022946001,https://krcare.net/item/mdcl_3365514_zh_tw?lang=ko
s00000022946001,https://krcare.net/item/mdcl_3365516_en
s00000022946001,https://krcare.net/item/mdcl_3365516_en?lang=ko
s00000022946001,https://krcare.net/item/mdcl_3365516_ja
s00000022946001,https://krcare.net/item/mdcl_3365516_ja?lang=ko
s00000022946001,https://krcare.net/item/mdcl_3365516_zh
s00000022946001,https://krcare.net/item/mdcl_3365516_zh?lang=ko
s00000022946001,https://krcare.net/item/mdcl_3365516_zh_tw
s00000022946001,https://krcare.net/item/mdcl_3365516_zh_tw?lang=ko
s00000022946001,https://krcare.net/item/mdcl_3365517_en
s00000022946001,https://krcare.net/item/mdcl_3365517_en?lang=ko
s00000022946001,https://krcare.net/item/mdcl_3365517_ja
s00000022946001,https://krcare.net/item/mdcl_3365517_ja?lang=ko
s00000022946001,https://krcare.net/item/mdcl_3365517_zh
s00000022946001,https://krcare.net/item/mdcl_3365517_zh?lang=ko
s00000022946001,https://krcare.net/item/mdcl_3365517_zh_tw
s00000022946001,https://krcare.net/item/mdcl_3365517_zh_tw?lang=ko
s00000022946001,https://krcare.net/item/mdcl_3365595_en
s00000022946001,https://krcare.net/item/mdcl_3365595_en?lang=ko
s00000022946001,https://krcare.net/item/mdcl_3365595_ja
s00000022946001,https://krcare.net/item/mdcl_3365595_ja?lang=ko
s00000022946001,https://krcare.net/item/mdcl_3365595_zh
s00000022946001,https://krcare.net/item/mdcl_3365595_zh?lang=ko
s00000022946001,https://krcare.net/item/mdcl_3365595_zh_tw
s00000022946001,https://krcare.net/item/mdcl_3365595_zh_tw?lang=ko
s00000022946001,https://krcare.net/item/mdcl_3365654_en
s00000022946001,https://krcare.net/item/mdcl_3365654_en?lang=ko
s00000022946001,https://krcare.net/item/mdcl_3365654_ja
s00000022946001,https://krcare.net/item/mdcl_3365654_ja?lang=ko
s00000022946001,https://krcare.net/item/mdcl_3365654_zh
s00000022946001,https://krcare.net/item/mdcl_3365654_zh?lang=ko
s00000022946001,https://krcare.net/item/mdcl_3365654_zh_tw
s00000022946001,https://krcare.net/item/mdcl_3365654_zh_tw?lang=ko
s00000022946001,https://krcare.net/item/mdcl_3365690_en
s00000022946001,https://krcare.net/item/mdcl_3365690_en?lang=ko
s00000022946001,https://krcare.net/item/mdcl_3365690_ja
s00000022946001,https://krcare.net/item/mdcl_3365690_ja?lang=ko
s00000022946001,https://krcare.net/item/mdcl_3365690_zh
s00000022946001,https://krcare.net/item/mdcl_3365690_zh?lang=ko
s00000022946001,https://krcare.net/item/mdcl_3365690_zh_tw
s00000022946001,https://krcare.net/item/mdcl_3365690_zh_tw?lang=ko
s00000022946001,https://krcare.net/item/mdcl_3365748_en
s00000022946001,https://krcare.net/item/mdcl_3365748_en?lang=ko
s00000022946001,https://krcare.net/item/mdcl_3365748_ja
s00000022946001,https://krcare.net/item/mdcl_3365748_ja?lang=ko
s00000022946001,https://krcare.net/item/mdcl_3365748_zh
s00000022946001,https://krcare.net/item/mdcl_3365748_zh?lang=ko
s00000022946001,https://krcare.net/item/mdcl_3365748_zh_tw
s00000022946001,https://krcare.net/item/mdcl_3365748_zh_tw?lang=ko
s00000022946001,https://krcare.net/item/mdcl_3365815_en
s00000022946001,https://krcare.net/item/mdcl_3365815_en?lang=ko
s00000022946001,https://krcare.net/item/mdcl_3365815_ja
s00000022946001,https://krcare.net/item/mdcl_3365815_ja?lang=ko
s00000022946001,https://krcare.net/item/mdcl_3365815_zh
s00000022946001,https://krcare.net/item/mdcl_3365815_zh?lang=ko
s00000022946001,https://krcare.net/item/mdcl_3365815_zh_tw
s00000022946001,https://krcare.net/item/mdcl_3365815_zh_tw?lang=ko
s00000022946001,https://krcare.net/item/mdcl_3365841_en
s00000022946001,https://krcare.net/item/mdcl_3365841_en?lang=ko
s00000022946001,https://krcare.net/item/mdcl_3365841_ja
s00000022946001,https://krcare.net/item/mdcl_3365841_ja?lang=ko
s00000022946001,https://krcare.net/item/mdcl_3365841_zh
s00000022946001,https://krcare.net/item/mdcl_3365841_zh?lang=ko
s00000022946001,https://krcare.net/item/mdcl_3365841_zh_tw
s00000022946001,https://krcare.net/item/mdcl_3365841_zh_tw?lang=ko
s00000022946001,https://krcare.net/item/mdcl_3365939_en
s00000022946001,https://krcare.net/item/mdcl_3365939_en?lang=ko
s00000022946001,https://krcare.net/item/mdcl_3365939_ja
s00000022946001,https://krcare.net/item/mdcl_3365939_ja?lang=ko
s00000022946001,https://krcare.net/item/mdcl_3365939_zh
s00000022946001,https://krcare.net/item/mdcl_3365939_zh?lang=ko
s00000022946001,https://krcare.net/item/mdcl_3365939_zh_tw
s00000022946001,https://krcare.net/item/mdcl_3365939_zh_tw?lang=ko
s00000022946001,https://krcare.net/item/mdcl_3365967_en
s00000022946001,https://krcare.net/item/mdcl_3365967_en?lang=ko
s00000022946001,https://krcare.net/item/mdcl_3365967_ja
s00000022946001,https://krcare.net/item/mdcl_3365967_ja?lang=ko
s00000022946001,https://krcare.net/item/mdcl_3365967_zh
s00000022946001,https://krcare.net/item/mdcl_3365967_zh?lang=ko
s00000022946001,https://krcare.net/item/mdcl_3365967_zh_tw
s00000022946001,https://krcare.net/item/mdcl_3365967_zh_tw?lang=ko
s00000022946001,https://krcare.net/item/mdcl_3365977_en
s00000022946001,https://krcare.net/item/mdcl_3365977_en?lang=ko
s00000022946001,https://krcare.net/item/mdcl_3365977_ja
s00000022946001,https://krcare.net/item/mdcl_3365977_ja?lang=ko
s00000022946001,https://krcare.net/item/mdcl_3365977_zh
s00000022946001,https://krcare.net/item/mdcl_3365977_zh?lang=ko
s00000022946001,https://krcare.net/item/mdcl_3365977_zh_tw
s00000022946001,https://krcare.net/item/mdcl_3365977_zh_tw?lang=ko
s00000022946001,https://krcare.net/item/mdcl_3366054_en
s00000022946001,https://krcare.net/item/mdcl_3366054_en?lang=ko
s00000022946001,https://krcare.net/item/mdcl_3366054_ja
s00000022946001,https://krcare.net/item/mdcl_3366054_ja?lang=ko
s00000022946001,https://krcare.net/item/mdcl_3366054_zh
s00000022946001,https://krcare.net/item/mdcl_3366054_zh?lang=ko
s00000022946001,https://krcare.net/item/mdcl_3366054_zh_tw
s00000022946001,https://krcare.net/item/mdcl_3366054_zh_tw?lang=ko
s00000022946001,https://krcare.net/item/mdcl_3366062_en
s00000022946001,https://krcare.net/item/mdcl_3366062_en?lang=ko
s00000022946001,https://krcare.net/item/mdcl_3366062_ja
s00000022946001,https://krcare.net/item/mdcl_3366062_ja?lang=ko
s00000022946001,https://krcare.net/item/mdcl_3366062_zh
s00000022946001,https://krcare.net/item/mdcl_3366062_zh?lang=ko
s00000022946001,https://krcare.net/item/mdcl_3366062_zh_tw
s00000022946001,https://krcare.net/item/mdcl_3366062_zh_tw?lang=ko
s00000022946001,https://krcare.net/item/mdcl_3366080_en
s00000022946001,https://krcare.net/item/mdcl_3366080_en?lang=ko
s00000022946001,https://krcare.net/item/mdcl_3366080_ja
s00000022946001,https://krcare.net/item/mdcl_3366080_ja?lang=ko
s00000022946001,https://krcare.net/item/mdcl_3366080_zh
s00000022946001,https://krcare.net/item/mdcl_3366080_zh?lang=ko
s00000022946001,https://krcare.net/item/mdcl_3366080_zh_tw
s00000022946001,https://krcare.net/item/mdcl_3366080_zh_tw?lang=ko
s00000022946001,https://krcare.net/item/mdcl_3366081_en
s00000022946001,https://krcare.net/item/mdcl_3366081_en?lang=ko
s00000022946001,https://krcare.net/item/mdcl_3366081_ja
s00000022946001,https://krcare.net/item/mdcl_3366081_ja?lang=ko
s00000022946001,https://krcare.net/item/mdcl_3366081_zh
s00000022946001,https://krcare.net/item/mdcl_3366081_zh?lang=ko
s00000022946001,https://krcare.net/item/mdcl_3366081_zh_tw
s00000022946001,https://krcare.net/item/mdcl_3366081_zh_tw?lang=ko
s00000022946001,https://krcare.net/item/mdcl_3366119_en
s00000022946001,https://krcare.net/item/mdcl_3366119_en?lang=ko
s00000022946001,https://krcare.net/item/mdcl_3366119_ja
s00000022946001,https://krcare.net/item/mdcl_3366119_ja?lang=ko
s00000022946001,https://krcare.net/item/mdcl_3366119_zh
s00000022946001,https://krcare.net/item/mdcl_3366119_zh?lang=ko
s00000022946001,https://krcare.net/item/mdcl_3366119_zh_tw
s00000022946001,https://krcare.net/item/mdcl_3366119_zh_tw?lang=ko
s00000022946001,https://krcare.net/item/mdcl_3366125_en
s00000022946001,https://krcare.net/item/mdcl_3366125_en?lang=ko
s00000022946001,https://krcare.net/item/mdcl_3366125_ja
s00000022946001,https://krcare.net/item/mdcl_3366125_ja?lang=ko
s00000022946001,https://krcare.net/item/mdcl_3366125_zh
s00000022946001,https://krcare.net/item/mdcl_3366125_zh?lang=ko
s00000022946001,https://krcare.net/item/mdcl_3366125_zh_tw
s00000022946001,https://krcare.net/item/mdcl_3366125_zh_tw?lang=ko
s00000022946001,https://krcare.net/item/mdcl_3366140_en
s00000022946001,https://krcare.net/item/mdcl_3366140_en?lang=ko
s00000022946001,https://krcare.net/item/mdcl_3366140_ja
s00000022946001,https://krcare.net/item/mdcl_3366140_ja?lang=ko
s00000022946001,https://krcare.net/item/mdcl_3366140_zh
s00000022946001,https://krcare.net/item/mdcl_3366140_zh?lang=ko
s00000022946001,https://krcare.net/item/mdcl_3366140_zh_tw
s00000022946001,https://krcare.net/item/mdcl_3366140_zh_tw?lang=ko
s00000022946001,https://krcare.net/item/mdcl_3366146_en
s00000022946001,https://krcare.net/item/mdcl_3366146_en?lang=ko
s00000022946001,https://krcare.net/item/mdcl_3366146_ja
s00000022946001,https://krcare.net/item/mdcl_3366146_ja?lang=ko
s00000022946001,https://krcare.net/item/mdcl_3366146_zh
s00000022946001,https://krcare.net/item/mdcl_3366146_zh?lang=ko
s00000022946001,https://krcare.net/item/mdcl_3366146_zh_tw
s00000022946001,https://krcare.net/item/mdcl_3366146_zh_tw?lang=ko
s00000022946001,https://krcare.net/item/mdcl_3366148_en
s00000022946001,https://krcare.net/item/mdcl_3366148_en?lang=ko
s00000022946001,https://krcare.net/item/mdcl_3366148_ja
s00000022946001,https://krcare.net/item/mdcl_3366148_ja?lang=ko
s00000022946001,https://krcare.net/item/mdcl_3366148_zh
s00000022946001,https://krcare.net/item/mdcl_3366148_zh?lang=ko
s00000022946001,https://krcare.net/item/mdcl_3366148_zh_tw
s00000022946001,https://krcare.net/item/mdcl_3366148_zh_tw?lang=ko
s00000022946001,https://krcare.net/item/mdcl_3366149_en
s00000022946001,https://krcare.net/item/mdcl_3366149_en?lang=ko
s00000022946001,https://krcare.net/item/mdcl_3366149_ja
s00000022946001,https://krcare.net/item/mdcl_3366149_ja?lang=ko
s00000022946001,https://krcare.net/item/mdcl_3366149_zh
s00000022946001,https://krcare.net/item/mdcl_3366149_zh?lang=ko
s00000022946001,https://krcare.net/item/mdcl_3366149_zh_tw
s00000022946001,https://krcare.net/item/mdcl_3366149_zh_tw?lang=ko
s00000022946001,https://krcare.net/item/mdcl_3366158_en
s00000022946001,https://krcare.net/item/mdcl_3366158_en?lang=ko
s00000022946001,https://krcare.net/item/mdcl_3366158_ja
s00000022946001,https://krcare.net/item/mdcl_3366158_ja?lang=ko
s00000022946001,https://krcare.net/item/mdcl_3366158_zh
s00000022946001,https://krcare.net/item/mdcl_3366158_zh?lang=ko
s00000022946001,https://krcare.net/item/mdcl_3366158_zh_tw
s00000022946001,https://krcare.net/item/mdcl_3366158_zh_tw?lang=ko
s00000022946001,https://krcare.net/item/mdcl_3366161_en
s00000022946001,https://krcare.net/item/mdcl_3366161_en?lang=ko
s00000022946001,https://krcare.net/item/mdcl_3366161_ja
s00000022946001,https://krcare.net/item/mdcl_3366161_ja?lang=ko
s00000022946001,https://krcare.net/item/mdcl_3366161_zh
s00000022946001,https://krcare.net/item/mdcl_3366161_zh?lang=ko
s00000022946001,https://krcare.net/item/mdcl_3366161_zh_tw
s00000022946001,https://krcare.net/item/mdcl_3366161_zh_tw?lang=ko
s00000022946001,https://krcare.net/item/mdcl_3366167_en
s00000022946001,https://krcare.net/item/mdcl_3366167_en?lang=ko
s00000022946001,https://krcare.net/item/mdcl_3366167_ja
s00000022946001,https://krcare.net/item/mdcl_3366167_ja?lang=ko
s00000022946001,https://krcare.net/item/mdcl_3366167_zh
s00000022946001,https://krcare.net/item/mdcl_3366167_zh?lang=ko
s00000022946001,https://krcare.net/item/mdcl_3366167_zh_tw
s00000022946001,https://krcare.net/item/mdcl_3366167_zh_tw?lang=ko
s00000022946001,https://krcare.net/item/mdcl_3366169_en
s00000022946001,https://krcare.net/item/mdcl_3366169_en?lang=ko
s00000022946001,https://krcare.net/item/mdcl_3366169_ja
s00000022946001,https://krcare.net/item/mdcl_3366169_ja?lang=ko
s00000022946001,https://krcare.net/item/mdcl_3366169_zh
s00000022946001,https://krcare.net/item/mdcl_3366169_zh?lang=ko
s00000022946001,https://krcare.net/item/mdcl_3366169_zh_tw
s00000022946001,https://krcare.net/item/mdcl_3366169_zh_tw?lang=ko
s00000022946001,https://krcare.net/item/mdcl_3366179_en
s00000022946001,https://krcare.net/item/mdcl_3366179_en?lang=ko
s00000022946001,https://krcare.net/item/mdcl_3366179_ja
s00000022946001,https://krcare.net/item/mdcl_3366179_ja?lang=ko
s00000022946001,https://krcare.net/item/mdcl_3366179_zh
s00000022946001,https://krcare.net/item/mdcl_3366179_zh?lang=ko
s00000022946001,https://krcare.net/item/mdcl_3366179_zh_tw
s00000022946001,https://krcare.net/item/mdcl_3366179_zh_tw?lang=ko
s00000022946001,https://krcare.net/item/mdcl_3366181_en
s00000022946001,https://krcare.net/item/mdcl_3366181_en?lang=ko
s00000022946001,https://krcare.net/item/mdcl_3366181_ja
s00000022946001,https://krcare.net/item/mdcl_3366181_ja?lang=ko
s00000022946001,https://krcare.net/item/mdcl_3366181_zh
s00000022946001,https://krcare.net/item/mdcl_3366181_zh?lang=ko
s00000022946001,https://krcare.net/item/mdcl_3366181_zh_tw
s00000022946001,https://krcare.net/item/mdcl_3366181_zh_tw?lang=ko
s00000022946001,https://krcare.net/item/mdcl_3366186_en
s00000022946001,https://krcare.net/item/mdcl_3366186_en?lang=ko
s00000022946001,https://krcare.net/item/mdcl_3366186_ja
s00000022946001,https://krcare.net/item/mdcl_3366186_ja?lang=ko
s00000022946001,https://krcare.net/item/mdcl_3366186_zh
s00000022946001,https://krcare.net/item/mdcl_3366186_zh?lang=ko
s00000022946001,https://krcare.net/item/mdcl_3366186_zh_tw
s00000022946001,https://krcare.net/item/mdcl_3366186_zh_tw?lang=ko
s00000022946001,https://krcare.net/item/mdcl_3366188_en
s00000022946001,https://krcare.net/item/mdcl_3366188_en?lang=ko
s00000022946001,https://krcare.net/item/mdcl_3366188_ja
s00000022946001,https://krcare.net/item/mdcl_3366188_ja?lang=ko
s00000022946001,https://krcare.net/item/mdcl_3366188_zh
s00000022946001,https://krcare.net/item/mdcl_3366188_zh?lang=ko
s00000022946001,https://krcare.net/item/mdcl_3366188_zh_tw
s00000022946001,https://krcare.net/item/mdcl_3366188_zh_tw?lang=ko
s00000022946001,https://krcare.net/item/mdcl_3366193_en
s00000022946001,https://krcare.net/item/mdcl_3366193_en?lang=ko
s00000022946001,https://krcare.net/item/mdcl_3366193_ja
s00000022946001,https://krcare.net/item/mdcl_3366193_ja?lang=ko
s00000022946001,https://krcare.net/item/mdcl_3366193_zh
s00000022946001,https://krcare.net/item/mdcl_3366193_zh?lang=ko
s00000022946001,https://krcare.net/item/mdcl_3366193_zh_tw
s00000022946001,https://krcare.net/item/mdcl_3366193_zh_tw?lang=ko
s00000022946001,https://krcare.net/item/mdcl_3366195_en
s00000022946001,https://krcare.net/item/mdcl_3366195_en?lang=ko
s00000022946001,https://krcare.net/item/mdcl_3366195_ja
s00000022946001,https://krcare.net/item/mdcl_3366195_ja?lang=ko
s00000022946001,https://krcare.net/item/mdcl_3366195_zh
s00000022946001,https://krcare.net/item/mdcl_3366195_zh?lang=ko
s00000022946001,https://krcare.net/item/mdcl_3366195_zh_tw
s00000022946001,https://krcare.net/item/mdcl_3366195_zh_tw?lang=ko
s00000022946001,https://krcare.net/item/mdcl_3366217_en
s00000022946001,https://krcare.net/item/mdcl_3366217_en?lang=ko
s00000022946001,https://krcare.net/item/mdcl_3366217_ja
s00000022946001,https://krcare.net/item/mdcl_3366217_ja?lang=ko
s00000022946001,https://krcare.net/item/mdcl_3366217_zh
s00000022946001,https://krcare.net/item/mdcl_3366217_zh?lang=ko
s00000022946001,https://krcare.net/item/mdcl_3366217_zh_tw
s00000022946001,https://krcare.net/item/mdcl_3366217_zh_tw?lang=ko
s00000022946001,https://krcare.net/item/mdcl_3366236_en
s00000022946001,https://krcare.net/item/mdcl_3366236_en?lang=ko
s00000022946001,https://krcare.net/item/mdcl_3366236_ja
s00000022946001,https://krcare.net/item/mdcl_3366236_ja?lang=ko
s00000022946001,https://krcare.net/item/mdcl_3366236_zh
s00000022946001,https://krcare.net/item/mdcl_3366236_zh?lang=ko
s00000022946001,https://krcare.net/item/mdcl_3366236_zh_tw
s00000022946001,https://krcare.net/item/mdcl_3366236_zh_tw?lang=ko
s00000022946001,https://krcare.net/item/mdcl_3366241_en
s00000022946001,https://krcare.net/item/mdcl_3366241_en?lang=ko
s00000022946001,https://krcare.net/item/mdcl_3366241_ja
s00000022946001,https://krcare.net/item/mdcl_3366241_ja?lang=ko
s00000022946001,https://krcare.net/item/mdcl_3366241_zh
s00000022946001,https://krcare.net/item/mdcl_3366241_zh?lang=ko
s00000022946001,https://krcare.net/item/mdcl_3366241_zh_tw
s00000022946001,https://krcare.net/item/mdcl_3366241_zh_tw?lang=ko
s00000022946001,https://krcare.net/item/mdcl_3366242_en
s00000022946001,https://krcare.net/item/mdcl_3366242_en?lang=ko
s00000022946001,https://krcare.net/item/mdcl_3366242_ja
s00000022946001,https://krcare.net/item/mdcl_3366242_ja?lang=ko
s00000022946001,https://krcare.net/item/mdcl_3366242_zh
s00000022946001,https://krcare.net/item/mdcl_3366242_zh?lang=ko
s00000022946001,https://krcare.net/item/mdcl_3366242_zh_tw
s00000022946001,https://krcare.net/item/mdcl_3366242_zh_tw?lang=ko
s00000022946001,https://krcare.net/item/mdcl_3366246_en
s00000022946001,https://krcare.net/item/mdcl_3366246_en?lang=ko
s00000022946001,https://krcare.net/item/mdcl_3366246_ja
s00000022946001,https://krcare.net/item/mdcl_3366246_ja?lang=ko
s00000022946001,https://krcare.net/item/mdcl_3366246_zh
s00000022946001,https://krcare.net/item/mdcl_3366246_zh?lang=ko
s00000022946001,https://krcare.net/item/mdcl_3366246_zh_tw
s00000022946001,https://krcare.net/item/mdcl_3366246_zh_tw?lang=ko
s00000022946001,https://krcare.net/item/mdcl_3366252_en
s00000022946001,https://krcare.net/item/mdcl_3366252_en?lang=ko
s00000022946001,https://krcare.net/item/mdcl_3366252_ja
s00000022946001,https://krcare.net/item/mdcl_3366252_ja?lang=ko
s00000022946001,https://krcare.net/item/mdcl_3366252_zh
s00000022946001,https://krcare.net/item/mdcl_3366252_zh?lang=ko
s00000022946001,https://krcare.net/item/mdcl_3366252_zh_tw
s00000022946001,https://krcare.net/item/mdcl_3366252_zh_tw?lang=ko
s00000022946001,https://krcare.net/item/mdcl_3366265_en
s00000022946001,https://krcare.net/item/mdcl_3366265_en?lang=ko
s00000022946001,https://krcare.net/item/mdcl_3366265_ja
s00000022946001,https://krcare.net/item/mdcl_3366265_ja?lang=ko
s00000022946001,https://krcare.net/item/mdcl_3366265_zh
s00000022946001,https://krcare.net/item/mdcl_3366265_zh?lang=ko
s00000022946001,https://krcare.net/item/mdcl_3366265_zh_tw
s00000022946001,https://krcare.net/item/mdcl_3366265_zh_tw?lang=ko
s00000022946001,https://krcare.net/item/mdcl_3366266_en
s00000022946001,https://krcare.net/item/mdcl_3366266_en?lang=ko
s00000022946001,https://krcare.net/item/mdcl_3366266_ja
s00000022946001,https://krcare.net/item/mdcl_3366266_ja?lang=ko
s00000022946001,https://krcare.net/item/mdcl_3366266_zh
s00000022946001,https://krcare.net/item/mdcl_3366266_zh?lang=ko
s00000022946001,https://krcare.net/item/mdcl_3366266_zh_tw
s00000022946001,https://krcare.net/item/mdcl_3366266_zh_tw?lang=ko
s00000022946001,https://krcare.net/item/mdcl_3366336_en
s00000022946001,https://krcare.net/item/mdcl_3366336_en?lang=ko
s00000022946001,https://krcare.net/item/mdcl_3366336_ja
s00000022946001,https://krcare.net/item/mdcl_3366336_ja?lang=ko
s00000022946001,https://krcare.net/item/mdcl_3366336_zh
s00000022946001,https://krcare.net/item/mdcl_3366336_zh?lang=ko
s00000022946001,https://krcare.net/item/mdcl_3366336_zh_tw
s00000022946001,https://krcare.net/item/mdcl_3366336_zh_tw?lang=ko
s00000022946001,https://krcare.net/item/mdcl_3366347_en
s00000022946001,https://krcare.net/item/mdcl_3366347_en?lang=ko
s00000022946001,https://krcare.net/item/mdcl_3366347_ja
s00000022946001,https://krcare.net/item/mdcl_3366347_ja?lang=ko
s00000022946001,https://krcare.net/item/mdcl_3366347_zh
s00000022946001,https://krcare.net/item/mdcl_3366347_zh?lang=ko
s00000022946001,https://krcare.net/item/mdcl_3366347_zh_tw
s00000022946001,https://krcare.net/item/mdcl_3366347_zh_tw?lang=ko
s00000022946001,https://krcare.net/item/mdcl_3366398_en
s00000022946001,https://krcare.net/item/mdcl_3366398_en?lang=ko
s00000022946001,https://krcare.net/item/mdcl_3366398_ja
s00000022946001,https://krcare.net/item/mdcl_3366398_ja?lang=ko
s00000022946001,https://krcare.net/item/mdcl_3366398_zh
s00000022946001,https://krcare.net/item/mdcl_3366398_zh?lang=ko
s00000022946001,https://krcare.net/item/mdcl_3366398_zh_tw
s00000022946001,https://krcare.net/item/mdcl_3366398_zh_tw?lang=ko
s00000022946001,https://krcare.net/item/mdcl_3366399_en
s00000022946001,https://krcare.net/item/mdcl_3366399_en?lang=ko
s00000022946001,https://krcare.net/item/mdcl_3366399_ja
s00000022946001,https://krcare.net/item/mdcl_3366399_ja?lang=ko
s00000022946001,https://krcare.net/item/mdcl_3366399_zh
s00000022946001,https://krcare.net/item/mdcl_3366399_zh?lang=ko
s00000022946001,https://krcare.net/item/mdcl_3366399_zh_tw
s00000022946001,https://krcare.net/item/mdcl_3366399_zh_tw?lang=ko
s00000022946001,https://krcare.net/item/mdcl_3366418_en
s00000022946001,https://krcare.net/item/mdcl_3366418_en?lang=ko
s00000022946001,https://krcare.net/item/mdcl_3366418_ja
s00000022946001,https://krcare.net/item/mdcl_3366418_ja?lang=ko
s00000022946001,https://krcare.net/item/mdcl_3366418_zh
s00000022946001,https://krcare.net/item/mdcl_3366418_zh?lang=ko
s00000022946001,https://krcare.net/item/mdcl_3366418_zh_tw
s00000022946001,https://krcare.net/item/mdcl_3366418_zh_tw?lang=ko
s00000022946001,https://krcare.net/item/mdcl_3366432_en
s00000022946001,https://krcare.net/item/mdcl_3366432_en?lang=ko
s00000022946001,https://krcare.net/item/mdcl_3366432_ja
s00000022946001,https://krcare.net/item/mdcl_3366432_ja?lang=ko
s00000022946001,https://krcare.net/item/mdcl_3366432_zh
s00000022946001,https://krcare.net/item/mdcl_3366432_zh?lang=ko
s00000022946001,https://krcare.net/item/mdcl_3366432_zh_tw
s00000022946001,https://krcare.net/item/mdcl_3366432_zh_tw?lang=ko
s00000022946001,https://krcare.net/item/mdcl_3366449_en
s00000022946001,https://krcare.net/item/mdcl_3366449_en?lang=ko
s00000022946001,https://krcare.net/item/mdcl_3366449_ja
s00000022946001,https://krcare.net/item/mdcl_3366449_ja?lang=ko
s00000022946001,https://krcare.net/item/mdcl_3366449_zh
s00000022946001,https://krcare.net/item/mdcl_3366449_zh?lang=ko
s00000022946001,https://krcare.net/item/mdcl_3366449_zh_tw
s00000022946001,https://krcare.net/item/mdcl_3366449_zh_tw?lang=ko
s00000022946001,https://krcare.net/item/mdcl_3366468_en
s00000022946001,https://krcare.net/item/mdcl_3366468_en?lang=ko
s00000022946001,https://krcare.net/item/mdcl_3366468_ja
s00000022946001,https://krcare.net/item/mdcl_3366468_ja?lang=ko
s00000022946001,https://krcare.net/item/mdcl_3366468_zh
s00000022946001,https://krcare.net/item/mdcl_3366468_zh?lang=ko
s00000022946001,https://krcare.net/item/mdcl_3366468_zh_tw
s00000022946001,https://krcare.net/item/mdcl_3366468_zh_tw?lang=ko
s00000022946001,https://krcare.net/item/mdcl_3366484_en
s00000022946001,https://krcare.net/item/mdcl_3366484_en?lang=ko
s00000022946001,https://krcare.net/item/mdcl_3366484_ja
s00000022946001,https://krcare.net/item/mdcl_3366484_ja?lang=ko
s00000022946001,https://krcare.net/item/mdcl_3366484_zh
s00000022946001,https://krcare.net/item/mdcl_3366484_zh?lang=ko
s00000022946001,https://krcare.net/item/mdcl_3366484_zh_tw
s00000022946001,https://krcare.net/item/mdcl_3366484_zh_tw?lang=ko
s00000022946001,https://krcare.net/item/mdcl_3366498_en
s00000022946001,https://krcare.net/item/mdcl_3366498_en?lang=ko
s00000022946001,https://krcare.net/item/mdcl_3366498_ja
s00000022946001,https://krcare.net/item/mdcl_3366498_ja?lang=ko
s00000022946001,https://krcare.net/item/mdcl_3366498_zh
s00000022946001,https://krcare.net/item/mdcl_3366498_zh?lang=ko
s00000022946001,https://krcare.net/item/mdcl_3366498_zh_tw
s00000022946001,https://krcare.net/item/mdcl_3366498_zh_tw?lang=ko
s00000022946001,https://krcare.net/item/mdcl_3366506_en
s00000022946001,https://krcare.net/item/mdcl_3366506_en?lang=ko
s00000022946001,https://krcare.net/item/mdcl_3366506_ja
s00000022946001,https://krcare.net/item/mdcl_3366506_ja?lang=ko
s00000022946001,https://krcare.net/item/mdcl_3366506_zh
s00000022946001,https://krcare.net/item/mdcl_3366506_zh?lang=ko
s00000022946001,https://krcare.net/item/mdcl_3366506_zh_tw
s00000022946001,https://krcare.net/item/mdcl_3366506_zh_tw?lang=ko
s00000022946001,https://krcare.net/item/mdcl_3366511_en
s00000022946001,https://krcare.net/item/mdcl_3366511_en?lang=ko
s00000022946001,https://krcare.net/item/mdcl_3366511_ja
s00000022946001,https://krcare.net/item/mdcl_3366511_ja?lang=ko
s00000022946001,https://krcare.net/item/mdcl_3366511_zh
s00000022946001,https://krcare.net/item/mdcl_3366511_zh?lang=ko
s00000022946001,https://krcare.net/item/mdcl_3366511_zh_tw
s00000022946001,https://krcare.net/item/mdcl_3366511_zh_tw?lang=ko
s00000022946001,https://krcare.net/item/mdcl_3366551_en
s00000022946001,https://krcare.net/item/mdcl_3366551_en?lang=ko
s00000022946001,https://krcare.net/item/mdcl_3366551_ja
s00000022946001,https://krcare.net/item/mdcl_3366551_ja?lang=ko
s00000022946001,https://krcare.net/item/mdcl_3366551_zh
s00000022946001,https://krcare.net/item/mdcl_3366551_zh?lang=ko
s00000022946001,https://krcare.net/item/mdcl_3366551_zh_tw
s00000022946001,https://krcare.net/item/mdcl_3366551_zh_tw?lang=ko
s00000022946001,https://krcare.net/item/mdcl_3366568_en
s00000022946001,https://krcare.net/item/mdcl_3366568_en?lang=ko
s00000022946001,https://krcare.net/item/mdcl_3366568_ja
s00000022946001,https://krcare.net/item/mdcl_3366568_ja?lang=ko
s00000022946001,https://krcare.net/item/mdcl_3366568_zh
s00000022946001,https://krcare.net/item/mdcl_3366568_zh?lang=ko
s00000022946001,https://krcare.net/item/mdcl_3366568_zh_tw
s00000022946001,https://krcare.net/item/mdcl_3366568_zh_tw?lang=ko
s00000022946001,https://krcare.net/item/mdcl_3366570_en
s00000022946001,https://krcare.net/item/mdcl_3366570_en?lang=ko
s00000022946001,https://krcare.net/item/mdcl_3366570_ja
s00000022946001,https://krcare.net/item/mdcl_3366570_ja?lang=ko
s00000022946001,https://krcare.net/item/mdcl_3366570_zh
s00000022946001,https://krcare.net/item/mdcl_3366570_zh?lang=ko
s00000022946001,https://krcare.net/item/mdcl_3366570_zh_tw
s00000022946001,https://krcare.net/item/mdcl_3366570_zh_tw?lang=ko
s00000022946001,https://krcare.net/item/mdcl_3366638_en
s00000022946001,https://krcare.net/item/mdcl_3366638_en?lang=ko
s00000022946001,https://krcare.net/item/mdcl_3366638_ja
s00000022946001,https://krcare.net/item/mdcl_3366638_ja?lang=ko
s00000022946001,https://krcare.net/item/mdcl_3366638_zh
s00000022946001,https://krcare.net/item/mdcl_3366638_zh?lang=ko
s00000022946001,https://krcare.net/item/mdcl_3366638_zh_tw
s00000022946001,https://krcare.net/item/mdcl_3366638_zh_tw?lang=ko
s00000022946001,https://krcare.net/item/mdcl_3366684_en
s00000022946001,https://krcare.net/item/mdcl_3366684_en?lang=ko
s00000022946001,https://krcare.net/item/mdcl_3366684_ja
s00000022946001,https://krcare.net/item/mdcl_3366684_ja?lang=ko
s00000022946001,https://krcare.net/item/mdcl_3366684_zh
s00000022946001,https://krcare.net/item/mdcl_3366684_zh?lang=ko
s00000022946001,https://krcare.net/item/mdcl_3366684_zh_tw
s00000022946001,https://krcare.net/item/mdcl_3366684_zh_tw?lang=ko
s00000022946001,https://krcare.net/item/mdcl_3366754_en
s00000022946001,https://krcare.net/item/mdcl_3366754_en?lang=ko
s00000022946001,https://krcare.net/item/mdcl_3366754_ja
s00000022946001,https://krcare.net/item/mdcl_3366754_ja?lang=ko
s00000022946001,https://krcare.net/item/mdcl_3366754_zh
s00000022946001,https://krcare.net/item/mdcl_3366754_zh?lang=ko
s00000022946001,https://krcare.net/item/mdcl_3366754_zh_tw
s00000022946001,https://krcare.net/item/mdcl_3366754_zh_tw?lang=ko
s00000022946001,https://krcare.net/item/mdcl_3366798_en
s00000022946001,https://krcare.net/item/mdcl_3366798_en?lang=ko
s00000022946001,https://krcare.net/item/mdcl_3366798_ja
s00000022946001,https://krcare.net/item/mdcl_3366798_ja?lang=ko
s00000022946001,https://krcare.net/item/mdcl_3366798_zh
s00000022946001,https://krcare.net/item/mdcl_3366798_zh?lang=ko
s00000022946001,https://krcare.net/item/mdcl_3366798_zh_tw
s00000022946001,https://krcare.net/item/mdcl_3366798_zh_tw?lang=ko
s00000022946001,https://krcare.net/item/mdcl_3366829_en
s00000022946001,https://krcare.net/item/mdcl_3366829_en?lang=ko
s00000022946001,https://krcare.net/item/mdcl_3366829_ja
s00000022946001,https://krcare.net/item/mdcl_3366829_ja?lang=ko
s00000022946001,https://krcare.net/item/mdcl_3366829_zh
s00000022946001,https://krcare.net/item/mdcl_3366829_zh?lang=ko
s00000022946001,https://krcare.net/item/mdcl_3366829_zh_tw
s00000022946001,https://krcare.net/item/mdcl_3366829_zh_tw?lang=ko
s00000022946001,https://krcare.net/item/mdcl_3366963_en
s00000022946001,https://krcare.net/item/mdcl_3366963_en?lang=ko
s00000022946001,https://krcare.net/item/mdcl_3366963_ja
s00000022946001,https://krcare.net/item/mdcl_3366963_ja?lang=ko
s00000022946001,https://krcare.net/item/mdcl_3366963_zh
s00000022946001,https://krcare.net/item/mdcl_3366963_zh?lang=ko
s00000022946001,https://krcare.net/item/mdcl_3366963_zh_tw
s00000022946001,https://krcare.net/item/mdcl_3366963_zh_tw?lang=ko
s00000022946001,https://krcare.net/item/mdcl_3367054_en
s00000022946001,https://krcare.net/item/mdcl_3367054_en?lang=ko
s00000022946001,https://krcare.net/item/mdcl_3367054_ja
s00000022946001,https://krcare.net/item/mdcl_3367054_ja?lang=ko
s00000022946001,https://krcare.net/item/mdcl_3367054_zh
s00000022946001,https://krcare.net/item/mdcl_3367054_zh?lang=ko
s00000022946001,https://krcare.net/item/mdcl_3367054_zh_tw
s00000022946001,https://krcare.net/item/mdcl_3367054_zh_tw?lang=ko
s00000022946001,https://krcare.net/item/mdcl_3367085_en
s00000022946001,https://krcare.net/item/mdcl_3367085_en?lang=ko
s00000022946001,https://krcare.net/item/mdcl_3367085_ja
s00000022946001,https://krcare.net/item/mdcl_3367085_ja?lang=ko
s00000022946001,https://krcare.net/item/mdcl_3367085_zh
s00000022946001,https://krcare.net/item/mdcl_3367085_zh?lang=ko
s00000022946001,https://krcare.net/item/mdcl_3367085_zh_tw
s00000022946001,https://krcare.net/item/mdcl_3367085_zh_tw?lang=ko
s00000022946001,https://krcare.net/item/mdcl_3367119_en
s00000022946001,https://krcare.net/item/mdcl_3367119_en?lang=ko
s00000022946001,https://krcare.net/item/mdcl_3367119_ja
s00000022946001,https://krcare.net/item/mdcl_3367119_ja?lang=ko
s00000022946001,https://krcare.net/item/mdcl_3367119_zh
s00000022946001,https://krcare.net/item/mdcl_3367119_zh?lang=ko
s00000022946001,https://krcare.net/item/mdcl_3367119_zh_tw
s00000022946001,https://krcare.net/item/mdcl_3367119_zh_tw?lang=ko
s00000022946001,https://krcare.net/item/mdcl_3367146_en
s00000022946001,https://krcare.net/item/mdcl_3367146_en?lang=ko
s00000022946001,https://krcare.net/item/mdcl_3367146_ja
s00000022946001,https://krcare.net/item/mdcl_3367146_ja?lang=ko
s00000022946001,https://krcare.net/item/mdcl_3367146_zh
s00000022946001,https://krcare.net/item/mdcl_3367146_zh?lang=ko
s00000022946001,https://krcare.net/item/mdcl_3367146_zh_tw
s00000022946001,https://krcare.net/item/mdcl_3367146_zh_tw?lang=ko
s00000022946001,https://krcare.net/item/mdcl_3367207_en
s00000022946001,https://krcare.net/item/mdcl_3367207_en?lang=ko
s00000022946001,https://krcare.net/item/mdcl_3367207_ja
s00000022946001,https://krcare.net/item/mdcl_3367207_ja?lang=ko
s00000022946001,https://krcare.net/item/mdcl_3367207_zh
s00000022946001,https://krcare.net/item/mdcl_3367207_zh?lang=ko
s00000022946001,https://krcare.net/item/mdcl_3367207_zh_tw
s00000022946001,https://krcare.net/item/mdcl_3367207_zh_tw?lang=ko
s00000022946001,https://krcare.net/item/mdcl_3367337_en
s00000022946001,https://krcare.net/item/mdcl_3367337_en?lang=ko
s00000022946001,https://krcare.net/item/mdcl_3367337_ja
s00000022946001,https://krcare.net/item/mdcl_3367337_ja?lang=ko
s00000022946001,https://krcare.net/item/mdcl_3367337_zh
s00000022946001,https://krcare.net/item/mdcl_3367337_zh?lang=ko
s00000022946001,https://krcare.net/item/mdcl_3367337_zh_tw
s00000022946001,https://krcare.net/item/mdcl_3367337_zh_tw?lang=ko
s00000022946001,https://krcare.net/item/mdcl_3367379_en
s00000022946001,https://krcare.net/item/mdcl_3367379_en?lang=ko
s00000022946001,https://krcare.net/item/mdcl_3367379_ja
s00000022946001,https://krcare.net/item/mdcl_3367379_ja?lang=ko
s00000022946001,https://krcare.net/item/mdcl_3367379_zh
s00000022946001,https://krcare.net/item/mdcl_3367379_zh?lang=ko
s00000022946001,https://krcare.net/item/mdcl_3367379_zh_tw
s00000022946001,https://krcare.net/item/mdcl_3367379_zh_tw?lang=ko
s00000022946001,https://krcare.net/item/mdcl_3367406_en
s00000022946001,https://krcare.net/item/mdcl_3367406_en?lang=ko
s00000022946001,https://krcare.net/item/mdcl_3367406_ja
s00000022946001,https://krcare.net/item/mdcl_3367406_ja?lang=ko
s00000022946001,https://krcare.net/item/mdcl_3367406_zh
s00000022946001,https://krcare.net/item/mdcl_3367406_zh?lang=ko
s00000022946001,https://krcare.net/item/mdcl_3367406_zh_tw
s00000022946001,https://krcare.net/item/mdcl_3367406_zh_tw?lang=ko
s00000022946001,https://krcare.net/item/mdcl_3367418_en
s00000022946001,https://krcare.net/item/mdcl_3367418_en?lang=ko
s00000022946001,https://krcare.net/item/mdcl_3367418_ja
s00000022946001,https://krcare.net/item/mdcl_3367418_ja?lang=ko
s00000022946001,https://krcare.net/item/mdcl_3367418_zh
s00000022946001,https://krcare.net/item/mdcl_3367418_zh?lang=ko
s00000022946001,https://krcare.net/item/mdcl_3367418_zh_tw
s00000022946001,https://krcare.net/item/mdcl_3367418_zh_tw?lang=ko
s00000022946001,https://krcare.net/item/mdcl_3367441_en
s00000022946001,https://krcare.net/item/mdcl_3367441_en?lang=ko
s00000022946001,https://krcare.net/item/mdcl_3367441_ja
s00000022946001,https://krcare.net/item/mdcl_3367441_ja?lang=ko
s00000022946001,https://krcare.net/item/mdcl_3367441_zh
s00000022946001,https://krcare.net/item/mdcl_3367441_zh?lang=ko
s00000022946001,https://krcare.net/item/mdcl_3367441_zh_tw
s00000022946001,https://krcare.net/item/mdcl_3367441_zh_tw?lang=ko
s00000022946001,https://krcare.net/item/mdcl_3367466_en
s00000022946001,https://krcare.net/item/mdcl_3367466_en?lang=ko
s00000022946001,https://krcare.net/item/mdcl_3367466_ja
s00000022946001,https://krcare.net/item/mdcl_3367466_ja?lang=ko
s00000022946001,https://krcare.net/item/mdcl_3367466_zh
s00000022946001,https://krcare.net/item/mdcl_3367466_zh?lang=ko
s00000022946001,https://krcare.net/item/mdcl_3367466_zh_tw
s00000022946001,https://krcare.net/item/mdcl_3367466_zh_tw?lang=ko
s00000022946001,https://krcare.net/item/mdcl_3367550_en
s00000022946001,https://krcare.net/item/mdcl_3367550_en?lang=ko
s00000022946001,https://krcare.net/item/mdcl_3367550_ja
s00000022946001,https://krcare.net/item/mdcl_3367550_ja?lang=ko
s00000022946001,https://krcare.net/item/mdcl_3367550_zh
s00000022946001,https://krcare.net/item/mdcl_3367550_zh?lang=ko
s00000022946001,https://krcare.net/item/mdcl_3367550_zh_tw
s00000022946001,https://krcare.net/item/mdcl_3367550_zh_tw?lang=ko
s00000022946001,https://krcare.net/item/mdcl_3367607_en
s00000022946001,https://krcare.net/item/mdcl_3367607_en?lang=ko
s00000022946001,https://krcare.net/item/mdcl_3367607_ja
s00000022946001,https://krcare.net/item/mdcl_3367607_ja?lang=ko
s00000022946001,https://krcare.net/item/mdcl_3367607_zh
s00000022946001,https://krcare.net/item/mdcl_3367607_zh?lang=ko
s00000022946001,https://krcare.net/item/mdcl_3367607_zh_tw
s00000022946001,https://krcare.net/item/mdcl_3367607_zh_tw?lang=ko
s00000022946001,https://krcare.net/item/mdcl_3367727_en
s00000022946001,https://krcare.net/item/mdcl_3367727_en?lang=ko
s00000022946001,https://krcare.net/item/mdcl_3367727_ja
s00000022946001,https://krcare.net/item/mdcl_3367727_ja?lang=ko
s00000022946001,https://krcare.net/item/mdcl_3367727_zh
s00000022946001,https://krcare.net/item/mdcl_3367727_zh?lang=ko
s00000022946001,https://krcare.net/item/mdcl_3367727_zh_tw
s00000022946001,https://krcare.net/item/mdcl_3367727_zh_tw?lang=ko
s00000022946001,https://krcare.net/item/mdcl_3367754_en
s00000022946001,https://krcare.net/item/mdcl_3367754_en?lang=ko
s00000022946001,https://krcare.net/item/mdcl_3367754_ja
s00000022946001,https://krcare.net/item/mdcl_3367754_ja?lang=ko
s00000022946001,https://krcare.net/item/mdcl_3367754_zh
s00000022946001,https://krcare.net/item/mdcl_3367754_zh?lang=ko
s00000022946001,https://krcare.net/item/mdcl_3367754_zh_tw
s00000022946001,https://krcare.net/item/mdcl_3367754_zh_tw?lang=ko
s00000022946001,https://krcare.net/item/mdcl_3441357_en
s00000022946001,https://krcare.net/item/mdcl_3441357_en?lang=ko
s00000022946001,https://krcare.net/item/mdcl_3441357_ja
s00000022946001,https://krcare.net/item/mdcl_3441357_ja?lang=ko
s00000022946001,https://krcare.net/item/mdcl_3441357_zh
s00000022946001,https://krcare.net/item/mdcl_3441357_zh?lang=ko
s00000022946001,https://krcare.net/item/mdcl_3441357_zh_tw
s00000022946001,https://krcare.net/item/mdcl_3441357_zh_tw?lang=ko
s00000022946001,https://krcare.net/item/mdcl_3441413_en
s00000022946001,https://krcare.net/item/mdcl_3441413_en?lang=ko
s00000022946001,https://krcare.net/item/mdcl_3441413_ja
s00000022946001,https://krcare.net/item/mdcl_3441413_ja?lang=ko
s00000022946001,https://krcare.net/item/mdcl_3441413_zh
s00000022946001,https://krcare.net/item/mdcl_3441413_zh?lang=ko
s00000022946001,https://krcare.net/item/mdcl_3441413_zh_tw
s00000022946001,https://krcare.net/item/mdcl_3441413_zh_tw?lang=ko
s00000022946001,https://krcare.net/item/mdcl_3441455_en
s00000022946001,https://krcare.net/item/mdcl_3441455_en?lang=ko
s00000022946001,https://krcare.net/item/mdcl_3441455_ja
s00000022946001,https://krcare.net/item/mdcl_3441455_ja?lang=ko
s00000022946001,https://krcare.net/item/mdcl_3441455_zh
s00000022946001,https://krcare.net/item/mdcl_3441455_zh?lang=ko
s00000022946001,https://krcare.net/item/mdcl_3441455_zh_tw
s00000022946001,https://krcare.net/item/mdcl_3441455_zh_tw?lang=ko
s00000022946001,https://krcare.net/item/mdcl_3441496_en
s00000022946001,https://krcare.net/item/mdcl_3441496_en?lang=ko
s00000022946001,https://krcare.net/item/mdcl_3441496_ja
s00000022946001,https://krcare.net/item/mdcl_3441496_ja?lang=ko
s00000022946001,https://krcare.net/item/mdcl_3441496_zh
s00000022946001,https://krcare.net/item/mdcl_3441496_zh?lang=ko
s00000022946001,https://krcare.net/item/mdcl_3441496_zh_tw
s00000022946001,https://krcare.net/item/mdcl_3441496_zh_tw?lang=ko
s00000022946001,https://krcare.net/item/mdcl_3441533_en
s00000022946001,https://krcare.net/item/mdcl_3441533_en?lang=ko
s00000022946001,https://krcare.net/item/mdcl_3441533_ja
s00000022946001,https://krcare.net/item/mdcl_3441533_ja?lang=ko
s00000022946001,https://krcare.net/item/mdcl_3441533_zh
s00000022946001,https://krcare.net/item/mdcl_3441533_zh?lang=ko
s00000022946001,https://krcare.net/item/mdcl_3441533_zh_tw
s00000022946001,https://krcare.net/item/mdcl_3441533_zh_tw?lang=ko
s00000022946001,https://krcare.net/item/mdcl_3441540_en
s00000022946001,https://krcare.net/item/mdcl_3441540_en?lang=ko
s00000022946001,https://krcare.net/item/mdcl_3441540_ja
s00000022946001,https://krcare.net/item/mdcl_3441540_ja?lang=ko
s00000022946001,https://krcare.net/item/mdcl_3441540_zh
s00000022946001,https://krcare.net/item/mdcl_3441540_zh?lang=ko
s00000022946001,https://krcare.net/item/mdcl_3441540_zh_tw
s00000022946001,https://krcare.net/item/mdcl_3441540_zh_tw?lang=ko
s00000022946001,https://krcare.net/item/mdcl_3441544_en
s00000022946001,https://krcare.net/item/mdcl_3441544_en?lang=ko
s00000022946001,https://krcare.net/item/mdcl_3441544_ja
s00000022946001,https://krcare.net/item/mdcl_3441544_ja?lang=ko
s00000022946001,https://krcare.net/item/mdcl_3441544_zh
s00000022946001,https://krcare.net/item/mdcl_3441544_zh?lang=ko
s00000022946001,https://krcare.net/item/mdcl_3441544_zh_tw
s00000022946001,https://krcare.net/item/mdcl_3441544_zh_tw?lang=ko
s00000022946001,https://krcare.net/item/mdcl_3446967_en
s00000022946001,https://krcare.net/item/mdcl_3446967_en?lang=ko
s00000022946001,https://krcare.net/item/mdcl_3446967_ja
s00000022946001,https://krcare.net/item/mdcl_3446967_ja?lang=ko
s00000022946001,https://krcare.net/item/mdcl_3446967_zh
s00000022946001,https://krcare.net/item/mdcl_3446967_zh?lang=ko
s00000022946001,https://krcare.net/item/mdcl_3446967_zh_tw
s00000022946001,https://krcare.net/item/mdcl_3446967_zh_tw?lang=ko
s00000022946001,https://krcare.net/item/mdcl_3447019_en
s00000022946001,https://krcare.net/item/mdcl_3447019_en?lang=ko
s00000022946001,https://krcare.net/item/mdcl_3447019_ja
s00000022946001,https://krcare.net/item/mdcl_3447019_ja?lang=ko
s00000022946001,https://krcare.net/item/mdcl_3447019_zh
s00000022946001,https://krcare.net/item/mdcl_3447019_zh?lang=ko
s00000022946001,https://krcare.net/item/mdcl_3447019_zh_tw
s00000022946001,https://krcare.net/item/mdcl_3447019_zh_tw?lang=ko
s00000022946001,https://krcare.net/item/mdcl_3447081_en
s00000022946001,https://krcare.net/item/mdcl_3447081_en?lang=ko
s00000022946001,https://krcare.net/item/mdcl_3447081_ja
s00000022946001,https://krcare.net/item/mdcl_3447081_ja?lang=ko
s00000022946001,https://krcare.net/item/mdcl_3447081_zh
s00000022946001,https://krcare.net/item/mdcl_3447081_zh?lang=ko
s00000022946001,https://krcare.net/item/mdcl_3447081_zh_tw
s00000022946001,https://krcare.net/item/mdcl_3447081_zh_tw?lang=ko
s00000022946001,https://krcare.net/item/mdcl_3447106_en
s00000022946001,https://krcare.net/item/mdcl_3447106_en?lang=ko
s00000022946001,https://krcare.net/item/mdcl_3447106_ja
s00000022946001,https://krcare.net/item/mdcl_3447106_ja?lang=ko
s00000022946001,https://krcare.net/item/mdcl_3447106_zh
s00000022946001,https://krcare.net/item/mdcl_3447106_zh?lang=ko
s00000022946001,https://krcare.net/item/mdcl_3447106_zh_tw
s00000022946001,https://krcare.net/item/mdcl_3447106_zh_tw?lang=ko
s00000022946001,https://krcare.net/item/mdcl_3448339_en
s00000022946001,https://krcare.net/item/mdcl_3448339_en?lang=ko
s00000022946001,https://krcare.net/item/mdcl_3448339_ja
s00000022946001,https://krcare.net/item/mdcl_3448339_ja?lang=ko
s00000022946001,https://krcare.net/item/mdcl_3448339_zh
s00000022946001,https://krcare.net/item/mdcl_3448339_zh?lang=ko
s00000022946001,https://krcare.net/item/mdcl_3448339_zh_tw
s00000022946001,https://krcare.net/item/mdcl_3448339_zh_tw?lang=ko
s00000022946001,https://krcare.net/item/mdcl_3450808_en
s00000022946001,https://krcare.net/item/mdcl_3450808_en?lang=ko
s00000022946001,https://krcare.net/item/mdcl_3450808_ja
s00000022946001,https://krcare.net/item/mdcl_3450808_ja?lang=ko
s00000022946001,https://krcare.net/item/mdcl_3450808_zh
s00000022946001,https://krcare.net/item/mdcl_3450808_zh?lang=ko
s00000022946001,https://krcare.net/item/mdcl_3450808_zh_tw
s00000022946001,https://krcare.net/item/mdcl_3450808_zh_tw?lang=ko
s00000022946001,https://krcare.net/item/mdcl_3450814_en
s00000022946001,https://krcare.net/item/mdcl_3450814_en?lang=ko
s00000022946001,https://krcare.net/item/mdcl_3450814_ja
s00000022946001,https://krcare.net/item/mdcl_3450814_ja?lang=ko
s00000022946001,https://krcare.net/item/mdcl_3450814_zh
s00000022946001,https://krcare.net/item/mdcl_3450814_zh?lang=ko
s00000022946001,https://krcare.net/item/mdcl_3450814_zh_tw
s00000022946001,https://krcare.net/item/mdcl_3450814_zh_tw?lang=ko
s00000022946001,https://krcare.net/item/mdcl_3450820_en
s00000022946001,https://krcare.net/item/mdcl_3450820_en?lang=ko
s00000022946001,https://krcare.net/item/mdcl_3450820_ja
s00000022946001,https://krcare.net/item/mdcl_3450820_ja?lang=ko
s00000022946001,https://krcare.net/item/mdcl_3450820_zh
s00000022946001,https://krcare.net/item/mdcl_3450820_zh?lang=ko
s00000022946001,https://krcare.net/item/mdcl_3450820_zh_tw
s00000022946001,https://krcare.net/item/mdcl_3450820_zh_tw?lang=ko
s00000022946001,https://krcare.net/item/mdcl_3450849_en
s00000022946001,https://krcare.net/item/mdcl_3450849_en?lang=ko
s00000022946001,https://krcare.net/item/mdcl_3450849_ja
s00000022946001,https://krcare.net/item/mdcl_3450849_ja?lang=ko
s00000022946001,https://krcare.net/item/mdcl_3450849_zh
s00000022946001,https://krcare.net/item/mdcl_3450849_zh?lang=ko
s00000022946001,https://krcare.net/item/mdcl_3450849_zh_tw
s00000022946001,https://krcare.net/item/mdcl_3450849_zh_tw?lang=ko
s00000022946001,https://krcare.net/item/mdcl_3450964_en
s00000022946001,https://krcare.net/item/mdcl_3450964_en?lang=ko
s00000022946001,https://krcare.net/item/mdcl_3450964_ja
s00000022946001,https://krcare.net/item/mdcl_3450964_ja?lang=ko
s00000022946001,https://krcare.net/item/mdcl_3450964_zh
s00000022946001,https://krcare.net/item/mdcl_3450964_zh?lang=ko
s00000022946001,https://krcare.net/item/mdcl_3450964_zh_tw
s00000022946001,https://krcare.net/item/mdcl_3450964_zh_tw?lang=ko
s00000022946001,https://krcare.net/item/mdcl_3451318_en
s00000022946001,https://krcare.net/item/mdcl_3451318_en?lang=ko
s00000022946001,https://krcare.net/item/mdcl_3451318_ja
s00000022946001,https://krcare.net/item/mdcl_3451318_ja?lang=ko
s00000022946001,https://krcare.net/item/mdcl_3451318_zh
s00000022946001,https://krcare.net/item/mdcl_3451318_zh?lang=ko
s00000022946001,https://krcare.net/item/mdcl_3451318_zh_tw
s00000022946001,https://krcare.net/item/mdcl_3451318_zh_tw?lang=ko
s00000022946001,https://krcare.net/item/mdcl_3451537_en
s00000022946001,https://krcare.net/item/mdcl_3451537_en?lang=ko
s00000022946001,https://krcare.net/item/mdcl_3451537_ja
s00000022946001,https://krcare.net/item/mdcl_3451537_ja?lang=ko
s00000022946001,https://krcare.net/item/mdcl_3451537_zh
s00000022946001,https://krcare.net/item/mdcl_3451537_zh?lang=ko
s00000022946001,https://krcare.net/item/mdcl_3451537_zh_tw
s00000022946001,https://krcare.net/item/mdcl_3451537_zh_tw?lang=ko
s00000022946001,https://krcare.net/item/mdcl_3451721_en
s00000022946001,https://krcare.net/item/mdcl_3451721_en?lang=ko
s00000022946001,https://krcare.net/item/mdcl_3451721_ja
s00000022946001,https://krcare.net/item/mdcl_3451721_ja?lang=ko
s00000022946001,https://krcare.net/item/mdcl_3451721_zh
s00000022946001,https://krcare.net/item/mdcl_3451721_zh?lang=ko
s00000022946001,https://krcare.net/item/mdcl_3451721_zh_tw
s00000022946001,https://krcare.net/item/mdcl_3451721_zh_tw?lang=ko
s00000022946001,https://krcare.net/item/mdcl_3451988_en
s00000022946001,https://krcare.net/item/mdcl_3451988_en?lang=ko
s00000022946001,https://krcare.net/item/mdcl_3451988_ja
s00000022946001,https://krcare.net/item/mdcl_3451988_ja?lang=ko
s00000022946001,https://krcare.net/item/mdcl_3451988_zh
s00000022946001,https://krcare.net/item/mdcl_3451988_zh?lang=ko
s00000022946001,https://krcare.net/item/mdcl_3451988_zh_tw
s00000022946001,https://krcare.net/item/mdcl_3451988_zh_tw?lang=ko
s00000022946001,https://krcare.net/item/mdcl_3452019_en
s00000022946001,https://krcare.net/item/mdcl_3452019_en?lang=ko
s00000022946001,https://krcare.net/item/mdcl_3452019_ja
s00000022946001,https://krcare.net/item/mdcl_3452019_ja?lang=ko
s00000022946001,https://krcare.net/item/mdcl_3452019_zh
s00000022946001,https://krcare.net/item/mdcl_3452019_zh?lang=ko
s00000022946001,https://krcare.net/item/mdcl_3452019_zh_tw
s00000022946001,https://krcare.net/item/mdcl_3452019_zh_tw?lang=ko
s00000022946001,https://krcare.net/item/mdcl_3452285_en
s00000022946001,https://krcare.net/item/mdcl_3452285_en?lang=ko
s00000022946001,https://krcare.net/item/mdcl_3452285_ja
s00000022946001,https://krcare.net/item/mdcl_3452285_ja?lang=ko
s00000022946001,https://krcare.net/item/mdcl_3452285_zh
s00000022946001,https://krcare.net/item/mdcl_3452285_zh?lang=ko
s00000022946001,https://krcare.net/item/mdcl_3452285_zh_tw
s00000022946001,https://krcare.net/item/mdcl_3452285_zh_tw?lang=ko
s00000022946001,https://krcare.net/item/mdcl_3453344_en
s00000022946001,https://krcare.net/item/mdcl_3453344_en?lang=ko
s00000022946001,https://krcare.net/item/mdcl_3453344_ja
s00000022946001,https://krcare.net/item/mdcl_3453344_ja?lang=ko
s00000022946001,https://krcare.net/item/mdcl_3453344_zh
s00000022946001,https://krcare.net/item/mdcl_3453344_zh?lang=ko
s00000022946001,https://krcare.net/item/mdcl_3453344_zh_tw
s00000022946001,https://krcare.net/item/mdcl_3453344_zh_tw?lang=ko
s00000022946001,https://krcare.net/item/mdcl_3453435_en
s00000022946001,https://krcare.net/item/mdcl_3453435_en?lang=ko
s00000022946001,https://krcare.net/item/mdcl_3453435_ja
s00000022946001,https://krcare.net/item/mdcl_3453435_ja?lang=ko
s00000022946001,https://krcare.net/item/mdcl_3453435_zh
s00000022946001,https://krcare.net/item/mdcl_3453435_zh?lang=ko
s00000022946001,https://krcare.net/item/mdcl_3453435_zh_tw
s00000022946001,https://krcare.net/item/mdcl_3453435_zh_tw?lang=ko
s00000022946001,https://krcare.net/item/mdcl_3453616_en
s00000022946001,https://krcare.net/item/mdcl_3453616_en?lang=ko
s00000022946001,https://krcare.net/item/mdcl_3453616_ja
s00000022946001,https://krcare.net/item/mdcl_3453616_ja?lang=ko
s00000022946001,https://krcare.net/item/mdcl_3453616_zh
s00000022946001,https://krcare.net/item/mdcl_3453616_zh?lang=ko
s00000022946001,https://krcare.net/item/mdcl_3453616_zh_tw
s00000022946001,https://krcare.net/item/mdcl_3453616_zh_tw?lang=ko
s00000022946001,https://krcare.net/item/mdcl_3453934_en
s00000022946001,https://krcare.net/item/mdcl_3453934_en?lang=ko
s00000022946001,https://krcare.net/item/mdcl_3453934_ja
s00000022946001,https://krcare.net/item/mdcl_3453934_ja?lang=ko
s00000022946001,https://krcare.net/item/mdcl_3453934_zh
s00000022946001,https://krcare.net/item/mdcl_3453934_zh?lang=ko
s00000022946001,https://krcare.net/item/mdcl_3453934_zh_tw
s00000022946001,https://krcare.net/item/mdcl_3453934_zh_tw?lang=ko
s00000022946001,https://krcare.net/item/mdcl_3463820_en
s00000022946001,https://krcare.net/item/mdcl_3463820_en?lang=ko
s00000022946001,https://krcare.net/item/mdcl_3463820_ja
s00000022946001,https://krcare.net/item/mdcl_3463820_ja?lang=ko
s00000022946001,https://krcare.net/item/mdcl_3463820_zh
s00000022946001,https://krcare.net/item/mdcl_3463820_zh?lang=ko
s00000022946001,https://krcare.net/item/mdcl_3463820_zh_tw
s00000022946001,https://krcare.net/item/mdcl_3463820_zh_tw?lang=ko
s00000022946001,https://krcare.net/item/mdcl_3466682_en
s00000022946001,https://krcare.net/item/mdcl_3466682_en?lang=ko
s00000022946001,https://krcare.net/item/mdcl_3466682_ja
s00000022946001,https://krcare.net/item/mdcl_3466682_ja?lang=ko
s00000022946001,https://krcare.net/item/mdcl_3466682_zh
s00000022946001,https://krcare.net/item/mdcl_3466682_zh?lang=ko
s00000022946001,https://krcare.net/item/mdcl_3466682_zh_tw
s00000022946001,https://krcare.net/item/mdcl_3466682_zh_tw?lang=ko
s00000022946001,https://krcare.net/item/mdcl_3466756_en
s00000022946001,https://krcare.net/item/mdcl_3466756_en?lang=ko
s00000022946001,https://krcare.net/item/mdcl_3466756_ja
s00000022946001,https://krcare.net/item/mdcl_3466756_ja?lang=ko
s00000022946001,https://krcare.net/item/mdcl_3466756_zh
s00000022946001,https://krcare.net/item/mdcl_3466756_zh?lang=ko
s00000022946001,https://krcare.net/item/mdcl_3466756_zh_tw
s00000022946001,https://krcare.net/item/mdcl_3466756_zh_tw?lang=ko
s00000022946001,https://krcare.net/item/mdcl_3466847_en
s00000022946001,https://krcare.net/item/mdcl_3466847_en?lang=ko
s00000022946001,https://krcare.net/item/mdcl_3466847_ja
s00000022946001,https://krcare.net/item/mdcl_3466847_ja?lang=ko
s00000022946001,https://krcare.net/item/mdcl_3466847_zh
s00000022946001,https://krcare.net/item/mdcl_3466847_zh?lang=ko
s00000022946001,https://krcare.net/item/mdcl_3466847_zh_tw
s00000022946001,https://krcare.net/item/mdcl_3466847_zh_tw?lang=ko
s00000022946001,https://krcare.net/item/mdcl_3466895_en
s00000022946001,https://krcare.net/item/mdcl_3466895_en?lang=ko
s00000022946001,https://krcare.net/item/mdcl_3466895_ja
s00000022946001,https://krcare.net/item/mdcl_3466895_ja?lang=ko
s00000022946001,https://krcare.net/item/mdcl_3466895_zh
s00000022946001,https://krcare.net/item/mdcl_3466895_zh?lang=ko
s00000022946001,https://krcare.net/item/mdcl_3466895_zh_tw
s00000022946001,https://krcare.net/item/mdcl_3466895_zh_tw?lang=ko
s00000022946001,https://krcare.net/item/mdcl_3466909_en
s00000022946001,https://krcare.net/item/mdcl_3466909_en?lang=ko
s00000022946001,https://krcare.net/item/mdcl_3466909_ja
s00000022946001,https://krcare.net/item/mdcl_3466909_ja?lang=ko
s00000022946001,https://krcare.net/item/mdcl_3466909_zh
s00000022946001,https://krcare.net/item/mdcl_3466909_zh?lang=ko
s00000022946001,https://krcare.net/item/mdcl_3466909_zh_tw
s00000022946001,https://krcare.net/item/mdcl_3466909_zh_tw?lang=ko
s00000022946001,https://krcare.net/item/mdcl_3466939_en
s00000022946001,https://krcare.net/item/mdcl_3466939_en?lang=ko
s00000022946001,https://krcare.net/item/mdcl_3466939_ja
s00000022946001,https://krcare.net/item/mdcl_3466939_ja?lang=ko
s00000022946001,https://krcare.net/item/mdcl_3466939_zh
s00000022946001,https://krcare.net/item/mdcl_3466939_zh?lang=ko
s00000022946001,https://krcare.net/item/mdcl_3466939_zh_tw
s00000022946001,https://krcare.net/item/mdcl_3466939_zh_tw?lang=ko
s00000022946001,https://krcare.net/item/mdcl_3466956_en
s00000022946001,https://krcare.net/item/mdcl_3466956_en?lang=ko
s00000022946001,https://krcare.net/item/mdcl_3466956_ja
s00000022946001,https://krcare.net/item/mdcl_3466956_ja?lang=ko
s00000022946001,https://krcare.net/item/mdcl_3466956_zh
s00000022946001,https://krcare.net/item/mdcl_3466956_zh?lang=ko
s00000022946001,https://krcare.net/item/mdcl_3466956_zh_tw
s00000022946001,https://krcare.net/item/mdcl_3466956_zh_tw?lang=ko
s00000022946001,https://krcare.net/item/mdcl_3466973_en
s00000022946001,https://krcare.net/item/mdcl_3466973_en?lang=ko
s00000022946001,https://krcare.net/item/mdcl_3466973_ja
s00000022946001,https://krcare.net/item/mdcl_3466973_ja?lang=ko
s00000022946001,https://krcare.net/item/mdcl_3466973_zh
s00000022946001,https://krcare.net/item/mdcl_3466973_zh?lang=ko
s00000022946001,https://krcare.net/item/mdcl_3466973_zh_tw
s00000022946001,https://krcare.net/item/mdcl_3466973_zh_tw?lang=ko
s00000022946001,https://krcare.net/item/mdcl_3467038_en
s00000022946001,https://krcare.net/item/mdcl_3467038_en?lang=ko
s00000022946001,https://krcare.net/item/mdcl_3467038_ja
s00000022946001,https://krcare.net/item/mdcl_3467038_ja?lang=ko
s00000022946001,https://krcare.net/item/mdcl_3467038_zh
s00000022946001,https://krcare.net/item/mdcl_3467038_zh?lang=ko
s00000022946001,https://krcare.net/item/mdcl_3467038_zh_tw
s00000022946001,https://krcare.net/item/mdcl_3467038_zh_tw?lang=ko
s00000022946001,https://krcare.net/item/mdcl_3467109_en
s00000022946001,https://krcare.net/item/mdcl_3467109_en?lang=ko
s00000022946001,https://krcare.net/item/mdcl_3467109_ja
s00000022946001,https://krcare.net/item/mdcl_3467109_ja?lang=ko
s00000022946001,https://krcare.net/item/mdcl_3467109_zh
s00000022946001,https://krcare.net/item/mdcl_3467109_zh?lang=ko
s00000022946001,https://krcare.net/item/mdcl_3467109_zh_tw
s00000022946001,https://krcare.net/item/mdcl_3467109_zh_tw?lang=ko
s00000022946001,https://krcare.net/item/mdcl_3467117_en
s00000022946001,https://krcare.net/item/mdcl_3467117_en?lang=ko
s00000022946001,https://krcare.net/item/mdcl_3467117_ja
s00000022946001,https://krcare.net/item/mdcl_3467117_ja?lang=ko
s00000022946001,https://krcare.net/item/mdcl_3467117_zh
s00000022946001,https://krcare.net/item/mdcl_3467117_zh?lang=ko
s00000022946001,https://krcare.net/item/mdcl_3467117_zh_tw
s00000022946001,https://krcare.net/item/mdcl_3467117_zh_tw?lang=ko
s00000022946001,https://krcare.net/item/mdcl_3467148_en
s00000022946001,https://krcare.net/item/mdcl_3467148_en?lang=ko
s00000022946001,https://krcare.net/item/mdcl_3467148_ja
s00000022946001,https://krcare.net/item/mdcl_3467148_ja?lang=ko
s00000022946001,https://krcare.net/item/mdcl_3467148_zh
s00000022946001,https://krcare.net/item/mdcl_3467148_zh?lang=ko
s00000022946001,https://krcare.net/item/mdcl_3467148_zh_tw
s00000022946001,https://krcare.net/item/mdcl_3467148_zh_tw?lang=ko
s00000022946001,https://krcare.net/item/mdcl_3467170_en
s00000022946001,https://krcare.net/item/mdcl_3467170_en?lang=ko
s00000022946001,https://krcare.net/item/mdcl_3467170_ja
s00000022946001,https://krcare.net/item/mdcl_3467170_ja?lang=ko
s00000022946001,https://krcare.net/item/mdcl_3467170_zh
s00000022946001,https://krcare.net/item/mdcl_3467170_zh?lang=ko
s00000022946001,https://krcare.net/item/mdcl_3467170_zh_tw
s00000022946001,https://krcare.net/item/mdcl_3467170_zh_tw?lang=ko
s00000022946001,https://krcare.net/item/mdcl_3467303_en
s00000022946001,https://krcare.net/item/mdcl_3467303_en?lang=ko
s00000022946001,https://krcare.net/item/mdcl_3467303_ja
s00000022946001,https://krcare.net/item/mdcl_3467303_ja?lang=ko
s00000022946001,https://krcare.net/item/mdcl_3467303_zh
s00000022946001,https://krcare.net/item/mdcl_3467303_zh?lang=ko
s00000022946001,https://krcare.net/item/mdcl_3467303_zh_tw
s00000022946001,https://krcare.net/item/mdcl_3467303_zh_tw?lang=ko
s00000022946001,https://krcare.net/item/mdcl_3467306_en
s00000022946001,https://krcare.net/item/mdcl_3467306_en?lang=ko
s00000022946001,https://krcare.net/item/mdcl_3467306_ja
s00000022946001,https://krcare.net/item/mdcl_3467306_ja?lang=ko
s00000022946001,https://krcare.net/item/mdcl_3467306_zh
s00000022946001,https://krcare.net/item/mdcl_3467306_zh?lang=ko
s00000022946001,https://krcare.net/item/mdcl_3467306_zh_tw
s00000022946001,https://krcare.net/item/mdcl_3467306_zh_tw?lang=ko
s00000022946001,https://krcare.net/item/mdcl_3467319_en
s00000022946001,https://krcare.net/item/mdcl_3467319_en?lang=ko
s00000022946001,https://krcare.net/item/mdcl_3467319_ja
s00000022946001,https://krcare.net/item/mdcl_3467319_ja?lang=ko
s00000022946001,https://krcare.net/item/mdcl_3467319_zh
s00000022946001,https://krcare.net/item/mdcl_3467319_zh?lang=ko
s00000022946001,https://krcare.net/item/mdcl_3467319_zh_tw
s00000022946001,https://krcare.net/item/mdcl_3467319_zh_tw?lang=ko
s00000022946001,https://krcare.net/item/mdcl_3467329_en
s00000022946001,https://krcare.net/item/mdcl_3467329_en?lang=ko
s00000022946001,https://krcare.net/item/mdcl_3467329_ja
s00000022946001,https://krcare.net/item/mdcl_3467329_ja?lang=ko
s00000022946001,https://krcare.net/item/mdcl_3467329_zh
s00000022946001,https://krcare.net/item/mdcl_3467329_zh?lang=ko
s00000022946001,https://krcare.net/item/mdcl_3467329_zh_tw
s00000022946001,https://krcare.net/item/mdcl_3467329_zh_tw?lang=ko
s00000022946001,https://krcare.net/item/mdcl_3467335_en
s00000022946001,https://krcare.net/item/mdcl_3467335_en?lang=ko
s00000022946001,https://krcare.net/item/mdcl_3467335_ja
s00000022946001,https://krcare.net/item/mdcl_3467335_ja?lang=ko
s00000022946001,https://krcare.net/item/mdcl_3467335_zh
s00000022946001,https://krcare.net/item/mdcl_3467335_zh?lang=ko
s00000022946001,https://krcare.net/item/mdcl_3467335_zh_tw
s00000022946001,https://krcare.net/item/mdcl_3467335_zh_tw?lang=ko
s00000022946001,https://krcare.net/item/mdcl_3473879_en
s00000022946001,https://krcare.net/item/mdcl_3473879_en?lang=ko
s00000022946001,https://krcare.net/item/mdcl_3473879_ja
s00000022946001,https://krcare.net/item/mdcl_3473879_ja?lang=ko
s00000022946001,https://krcare.net/item/mdcl_3473879_zh
s00000022946001,https://krcare.net/item/mdcl_3473879_zh?lang=ko
s00000022946001,https://krcare.net/item/mdcl_3473879_zh_tw
s00000022946001,https://krcare.net/item/mdcl_3473879_zh_tw?lang=ko
s00000022946001,https://krcare.net/item/mdcl_3477589_en
s00000022946001,https://krcare.net/item/mdcl_3477589_en?lang=ko
s00000022946001,https://krcare.net/item/mdcl_3477589_ja
s00000022946001,https://krcare.net/item/mdcl_3477589_ja?lang=ko
s00000022946001,https://krcare.net/item/mdcl_3477589_zh
s00000022946001,https://krcare.net/item/mdcl_3477589_zh?lang=ko
s00000022946001,https://krcare.net/item/mdcl_3477589_zh_tw
s00000022946001,https://krcare.net/item/mdcl_3477589_zh_tw?lang=ko
s00000022946001,https://krcare.net/item/mdcl_3477597_en
s00000022946001,https://krcare.net/item/mdcl_3477597_en?lang=ko
s00000022946001,https://krcare.net/item/mdcl_3477597_ja
s00000022946001,https://krcare.net/item/mdcl_3477597_ja?lang=ko
s00000022946001,https://krcare.net/item/mdcl_3477597_zh
s00000022946001,https://krcare.net/item/mdcl_3477597_zh?lang=ko
s00000022946001,https://krcare.net/item/mdcl_3477597_zh_tw
s00000022946001,https://krcare.net/item/mdcl_3477597_zh_tw?lang=ko
s00000022946001,https://krcare.net/item/mdcl_3539436_en
s00000022946001,https://krcare.net/item/mdcl_3539436_en?lang=ko
s00000022946001,https://krcare.net/item/mdcl_3539436_ja
s00000022946001,https://krcare.net/item/mdcl_3539436_ja?lang=ko
s00000022946001,https://krcare.net/item/mdcl_3539436_zh
s00000022946001,https://krcare.net/item/mdcl_3539436_zh?lang=ko
s00000022946001,https://krcare.net/item/mdcl_3539436_zh_tw
s00000022946001,https://krcare.net/item/mdcl_3539436_zh_tw?lang=ko
s00000022946001,https://krcare.net/item/mdcl_3539449_en
s00000022946001,https://krcare.net/item/mdcl_3539449_en?lang=ko
s00000022946001,https://krcare.net/item/mdcl_3539449_ja
s00000022946001,https://krcare.net/item/mdcl_3539449_ja?lang=ko
s00000022946001,https://krcare.net/item/mdcl_3539449_zh
s00000022946001,https://krcare.net/item/mdcl_3539449_zh?lang=ko
s00000022946001,https://krcare.net/item/mdcl_3539449_zh_tw
s00000022946001,https://krcare.net/item/mdcl_3539449_zh_tw?lang=ko
s00000022946001,https://krcare.net/item/mdcl_3539523_en
s00000022946001,https://krcare.net/item/mdcl_3539523_en?lang=ko
s00000022946001,https://krcare.net/item/mdcl_3539523_ja
s00000022946001,https://krcare.net/item/mdcl_3539523_ja?lang=ko
s00000022946001,https://krcare.net/item/mdcl_3539523_zh
s00000022946001,https://krcare.net/item/mdcl_3539523_zh?lang=ko
s00000022946001,https://krcare.net/item/mdcl_3539523_zh_tw
s00000022946001,https://krcare.net/item/mdcl_3539523_zh_tw?lang=ko
s00000022946001,https://krcare.net/item/mdcl_3539538_en
s00000022946001,https://krcare.net/item/mdcl_3539538_en?lang=ko
s00000022946001,https://krcare.net/item/mdcl_3539538_ja
s00000022946001,https://krcare.net/item/mdcl_3539538_ja?lang=ko
s00000022946001,https://krcare.net/item/mdcl_3539538_zh
s00000022946001,https://krcare.net/item/mdcl_3539538_zh?lang=ko
s00000022946001,https://krcare.net/item/mdcl_3539538_zh_tw
s00000022946001,https://krcare.net/item/mdcl_3539538_zh_tw?lang=ko
s00000022946001,https://krcare.net/item/mdcl_3539548_en
s00000022946001,https://krcare.net/item/mdcl_3539548_en?lang=ko
s00000022946001,https://krcare.net/item/mdcl_3539548_ja
s00000022946001,https://krcare.net/item/mdcl_3539548_ja?lang=ko
s00000022946001,https://krcare.net/item/mdcl_3539548_zh
s00000022946001,https://krcare.net/item/mdcl_3539548_zh?lang=ko
s00000022946001,https://krcare.net/item/mdcl_3539548_zh_tw
s00000022946001,https://krcare.net/item/mdcl_3539548_zh_tw?lang=ko
s00000022946001,https://krcare.net/item/mdcl_3539560_en
s00000022946001,https://krcare.net/item/mdcl_3539560_en?lang=ko
s00000022946001,https://krcare.net/item/mdcl_3539560_ja
s00000022946001,https://krcare.net/item/mdcl_3539560_ja?lang=ko
s00000022946001,https://krcare.net/item/mdcl_3539560_zh
s00000022946001,https://krcare.net/item/mdcl_3539560_zh?lang=ko
s00000022946001,https://krcare.net/item/mdcl_3539560_zh_tw
s00000022946001,https://krcare.net/item/mdcl_3539560_zh_tw?lang=ko
s00000022946001,https://krcare.net/item/mdcl_3539613_en
s00000022946001,https://krcare.net/item/mdcl_3539613_en?lang=ko
s00000022946001,https://krcare.net/item/mdcl_3539613_ja
s00000022946001,https://krcare.net/item/mdcl_3539613_ja?lang=ko
s00000022946001,https://krcare.net/item/mdcl_3539613_zh
s00000022946001,https://krcare.net/item/mdcl_3539613_zh?lang=ko
s00000022946001,https://krcare.net/item/mdcl_3539613_zh_tw
s00000022946001,https://krcare.net/item/mdcl_3539613_zh_tw?lang=ko
s00000022946001,https://krcare.net/item/mdcl_3539693_en
s00000022946001,https://krcare.net/item/mdcl_3539693_en?lang=ko
s00000022946001,https://krcare.net/item/mdcl_3539693_ja
s00000022946001,https://krcare.net/item/mdcl_3539693_ja?lang=ko
s00000022946001,https://krcare.net/item/mdcl_3539693_zh
s00000022946001,https://krcare.net/item/mdcl_3539693_zh?lang=ko
s00000022946001,https://krcare.net/item/mdcl_3539693_zh_tw
s00000022946001,https://krcare.net/item/mdcl_3539693_zh_tw?lang=ko
s00000022946001,https://krcare.net/item/mdcl_3539704_en
s00000022946001,https://krcare.net/item/mdcl_3539704_en?lang=ko
s00000022946001,https://krcare.net/item/mdcl_3539704_ja
s00000022946001,https://krcare.net/item/mdcl_3539704_ja?lang=ko
s00000022946001,https://krcare.net/item/mdcl_3539704_zh
s00000022946001,https://krcare.net/item/mdcl_3539704_zh?lang=ko
s00000022946001,https://krcare.net/item/mdcl_3539704_zh_tw
s00000022946001,https://krcare.net/item/mdcl_3539704_zh_tw?lang=ko
s00000022946001,https://krcare.net/item/mdcl_3539724_en
s00000022946001,https://krcare.net/item/mdcl_3539724_en?lang=ko
s00000022946001,https://krcare.net/item/mdcl_3539724_ja
s00000022946001,https://krcare.net/item/mdcl_3539724_ja?lang=ko
s00000022946001,https://krcare.net/item/mdcl_3539724_zh
s00000022946001,https://krcare.net/item/mdcl_3539724_zh?lang=ko
s00000022946001,https://krcare.net/item/mdcl_3539724_zh_tw
s00000022946001,https://krcare.net/item/mdcl_3539724_zh_tw?lang=ko
s00000022946001,https://krcare.net/item/mdcl_3539759_en
s00000022946001,https://krcare.net/item/mdcl_3539759_en?lang=ko
s00000022946001,https://krcare.net/item/mdcl_3539759_ja
s00000022946001,https://krcare.net/item/mdcl_3539759_ja?lang=ko
s00000022946001,https://krcare.net/item/mdcl_3539759_zh
s00000022946001,https://krcare.net/item/mdcl_3539759_zh?lang=ko
s00000022946001,https://krcare.net/item/mdcl_3539759_zh_tw
s00000022946001,https://krcare.net/item/mdcl_3539759_zh_tw?lang=ko
s00000022946001,https://krcare.net/item/mdcl_3539762_en
s00000022946001,https://krcare.net/item/mdcl_3539762_en?lang=ko
s00000022946001,https://krcare.net/item/mdcl_3539762_ja
s00000022946001,https://krcare.net/item/mdcl_3539762_ja?lang=ko
s00000022946001,https://krcare.net/item/mdcl_3539762_zh
s00000022946001,https://krcare.net/item/mdcl_3539762_zh?lang=ko
s00000022946001,https://krcare.net/item/mdcl_3539762_zh_tw
s00000022946001,https://krcare.net/item/mdcl_3539762_zh_tw?lang=ko
s00000022946001,https://krcare.net/item/mdcl_3539776_en
s00000022946001,https://krcare.net/item/mdcl_3539776_en?lang=ko
s00000022946001,https://krcare.net/item/mdcl_3539776_ja
s00000022946001,https://krcare.net/item/mdcl_3539776_ja?lang=ko
s00000022946001,https://krcare.net/item/mdcl_3539776_zh
s00000022946001,https://krcare.net/item/mdcl_3539776_zh?lang=ko
s00000022946001,https://krcare.net/item/mdcl_3539776_zh_tw
s00000022946001,https://krcare.net/item/mdcl_3539776_zh_tw?lang=ko
s00000022946001,https://krcare.net/item/mdcl_3539793_en
s00000022946001,https://krcare.net/item/mdcl_3539793_en?lang=ko
s00000022946001,https://krcare.net/item/mdcl_3539793_ja
s00000022946001,https://krcare.net/item/mdcl_3539793_ja?lang=ko
s00000022946001,https://krcare.net/item/mdcl_3539793_zh
s00000022946001,https://krcare.net/item/mdcl_3539793_zh?lang=ko
s00000022946001,https://krcare.net/item/mdcl_3539793_zh_tw
s00000022946001,https://krcare.net/item/mdcl_3539793_zh_tw?lang=ko
s00000022946001,https://krcare.net/item/mdcl_3539802_en
s00000022946001,https://krcare.net/item/mdcl_3539802_en?lang=ko
s00000022946001,https://krcare.net/item/mdcl_3539802_ja
s00000022946001,https://krcare.net/item/mdcl_3539802_ja?lang=ko
s00000022946001,https://krcare.net/item/mdcl_3539802_zh
s00000022946001,https://krcare.net/item/mdcl_3539802_zh?lang=ko
s00000022946001,https://krcare.net/item/mdcl_3539802_zh_tw
s00000022946001,https://krcare.net/item/mdcl_3539802_zh_tw?lang=ko
s00000022946001,https://krcare.net/item/mdcl_3539825_en
s00000022946001,https://krcare.net/item/mdcl_3539825_en?lang=ko
s00000022946001,https://krcare.net/item/mdcl_3539825_ja
s00000022946001,https://krcare.net/item/mdcl_3539825_ja?lang=ko
s00000022946001,https://krcare.net/item/mdcl_3539825_zh
s00000022946001,https://krcare.net/item/mdcl_3539825_zh?lang=ko
s00000022946001,https://krcare.net/item/mdcl_3539825_zh_tw
s00000022946001,https://krcare.net/item/mdcl_3539825_zh_tw?lang=ko
s00000022946001,https://krcare.net/item/mdcl_3539851_en
s00000022946001,https://krcare.net/item/mdcl_3539851_en?lang=ko
s00000022946001,https://krcare.net/item/mdcl_3539851_ja
s00000022946001,https://krcare.net/item/mdcl_3539851_ja?lang=ko
s00000022946001,https://krcare.net/item/mdcl_3539851_zh
s00000022946001,https://krcare.net/item/mdcl_3539851_zh?lang=ko
s00000022946001,https://krcare.net/item/mdcl_3539851_zh_tw
s00000022946001,https://krcare.net/item/mdcl_3539851_zh_tw?lang=ko
s00000022946001,https://krcare.net/item/mdcl_3539857_en
s00000022946001,https://krcare.net/item/mdcl_3539857_en?lang=ko
s00000022946001,https://krcare.net/item/mdcl_3539857_ja
s00000022946001,https://krcare.net/item/mdcl_3539857_ja?lang=ko
s00000022946001,https://krcare.net/item/mdcl_3539857_zh
s00000022946001,https://krcare.net/item/mdcl_3539857_zh?lang=ko
s00000022946001,https://krcare.net/item/mdcl_3539857_zh_tw
s00000022946001,https://krcare.net/item/mdcl_3539857_zh_tw?lang=ko
s00000022946001,https://krcare.net/item/mdcl_3539864_en
s00000022946001,https://krcare.net/item/mdcl_3539864_en?lang=ko
s00000022946001,https://krcare.net/item/mdcl_3539864_ja
s00000022946001,https://krcare.net/item/mdcl_3539864_ja?lang=ko
s00000022946001,https://krcare.net/item/mdcl_3539864_zh
s00000022946001,https://krcare.net/item/mdcl_3539864_zh?lang=ko
s00000022946001,https://krcare.net/item/mdcl_3539864_zh_tw
s00000022946001,https://krcare.net/item/mdcl_3539864_zh_tw?lang=ko
s00000022946001,https://krcare.net/item/mdcl_3539891_en
s00000022946001,https://krcare.net/item/mdcl_3539891_en?lang=ko
s00000022946001,https://krcare.net/item/mdcl_3539891_ja
s00000022946001,https://krcare.net/item/mdcl_3539891_ja?lang=ko
s00000022946001,https://krcare.net/item/mdcl_3539891_zh
s00000022946001,https://krcare.net/item/mdcl_3539891_zh?lang=ko
s00000022946001,https://krcare.net/item/mdcl_3539891_zh_tw
s00000022946001,https://krcare.net/item/mdcl_3539891_zh_tw?lang=ko
s00000022946001,https://krcare.net/item/mdcl_3539938_en
s00000022946001,https://krcare.net/item/mdcl_3539938_en?lang=ko
s00000022946001,https://krcare.net/item/mdcl_3539938_ja
s00000022946001,https://krcare.net/item/mdcl_3539938_ja?lang=ko
s00000022946001,https://krcare.net/item/mdcl_3539938_zh
s00000022946001,https://krcare.net/item/mdcl_3539938_zh?lang=ko
s00000022946001,https://krcare.net/item/mdcl_3539938_zh_tw
s00000022946001,https://krcare.net/item/mdcl_3539938_zh_tw?lang=ko
s00000022946001,https://krcare.net/item/mdcl_3539944_en
s00000022946001,https://krcare.net/item/mdcl_3539944_en?lang=ko
s00000022946001,https://krcare.net/item/mdcl_3539944_ja
s00000022946001,https://krcare.net/item/mdcl_3539944_ja?lang=ko
s00000022946001,https://krcare.net/item/mdcl_3539944_zh
s00000022946001,https://krcare.net/item/mdcl_3539944_zh?lang=ko
s00000022946001,https://krcare.net/item/mdcl_3539944_zh_tw
s00000022946001,https://krcare.net/item/mdcl_3539944_zh_tw?lang=ko
s00000022946001,https://krcare.net/item/mdcl_3539958_en
s00000022946001,https://krcare.net/item/mdcl_3539958_en?lang=ko
s00000022946001,https://krcare.net/item/mdcl_3539958_ja
s00000022946001,https://krcare.net/item/mdcl_3539958_ja?lang=ko
s00000022946001,https://krcare.net/item/mdcl_3539958_zh
s00000022946001,https://krcare.net/item/mdcl_3539958_zh?lang=ko
s00000022946001,https://krcare.net/item/mdcl_3539958_zh_tw
s00000022946001,https://krcare.net/item/mdcl_3539958_zh_tw?lang=ko
s00000022946001,https://krcare.net/item/mdcl_3539972_en
s00000022946001,https://krcare.net/item/mdcl_3539972_en?lang=ko
s00000022946001,https://krcare.net/item/mdcl_3539972_ja
s00000022946001,https://krcare.net/item/mdcl_3539972_ja?lang=ko
s00000022946001,https://krcare.net/item/mdcl_3539972_zh
s00000022946001,https://krcare.net/item/mdcl_3539972_zh?lang=ko
s00000022946001,https://krcare.net/item/mdcl_3539972_zh_tw
s00000022946001,https://krcare.net/item/mdcl_3539972_zh_tw?lang=ko
s00000022946001,https://krcare.net/item/mdcl_3539987_en
s00000022946001,https://krcare.net/item/mdcl_3539987_en?lang=ko
s00000022946001,https://krcare.net/item/mdcl_3539987_ja
s00000022946001,https://krcare.net/item/mdcl_3539987_ja?lang=ko
s00000022946001,https://krcare.net/item/mdcl_3539987_zh
s00000022946001,https://krcare.net/item/mdcl_3539987_zh?lang=ko
s00000022946001,https://krcare.net/item/mdcl_3539987_zh_tw
s00000022946001,https://krcare.net/item/mdcl_3539987_zh_tw?lang=ko
s00000022946001,https://krcare.net/item/mdcl_3539998_en
s00000022946001,https://krcare.net/item/mdcl_3539998_en?lang=ko
s00000022946001,https://krcare.net/item/mdcl_3539998_ja
s00000022946001,https://krcare.net/item/mdcl_3539998_ja?lang=ko
s00000022946001,https://krcare.net/item/mdcl_3539998_zh
s00000022946001,https://krcare.net/item/mdcl_3539998_zh?lang=ko
s00000022946001,https://krcare.net/item/mdcl_3539998_zh_tw
s00000022946001,https://krcare.net/item/mdcl_3539998_zh_tw?lang=ko
s00000022946001,https://krcare.net/item/mdcl_3540013_en
s00000022946001,https://krcare.net/item/mdcl_3540013_en?lang=ko
s00000022946001,https://krcare.net/item/mdcl_3540013_ja
s00000022946001,https://krcare.net/item/mdcl_3540013_ja?lang=ko
s00000022946001,https://krcare.net/item/mdcl_3540013_zh
s00000022946001,https://krcare.net/item/mdcl_3540013_zh?lang=ko
s00000022946001,https://krcare.net/item/mdcl_3540013_zh_tw
s00000022946001,https://krcare.net/item/mdcl_3540013_zh_tw?lang=ko
s00000022946001,https://krcare.net/item/mdcl_3540163_en
s00000022946001,https://krcare.net/item/mdcl_3540163_en?lang=ko
s00000022946001,https://krcare.net/item/mdcl_3540163_ja
s00000022946001,https://krcare.net/item/mdcl_3540163_ja?lang=ko
s00000022946001,https://krcare.net/item/mdcl_3540163_zh
s00000022946001,https://krcare.net/item/mdcl_3540163_zh?lang=ko
s00000022946001,https://krcare.net/item/mdcl_3540163_zh_tw
s00000022946001,https://krcare.net/item/mdcl_3540163_zh_tw?lang=ko
s00000022946001,https://krcare.net/item/mdcl_3540229_en
s00000022946001,https://krcare.net/item/mdcl_3540229_en?lang=ko
s00000022946001,https://krcare.net/item/mdcl_3540229_ja
s00000022946001,https://krcare.net/item/mdcl_3540229_ja?lang=ko
s00000022946001,https://krcare.net/item/mdcl_3540229_zh
s00000022946001,https://krcare.net/item/mdcl_3540229_zh?lang=ko
s00000022946001,https://krcare.net/item/mdcl_3540229_zh_tw
s00000022946001,https://krcare.net/item/mdcl_3540229_zh_tw?lang=ko
s00000022946001,https://krcare.net/item/mdcl_3547509_en
s00000022946001,https://krcare.net/item/mdcl_3547509_en?lang=ko
s00000022946001,https://krcare.net/item/mdcl_3547509_ja
s00000022946001,https://krcare.net/item/mdcl_3547509_ja?lang=ko
s00000022946001,https://krcare.net/item/mdcl_3547509_zh
s00000022946001,https://krcare.net/item/mdcl_3547509_zh?lang=ko
s00000022946001,https://krcare.net/item/mdcl_3547509_zh_tw
s00000022946001,https://krcare.net/item/mdcl_3547509_zh_tw?lang=ko
s00000022946001,https://krcare.net/item/mdcl_3547521_en
s00000022946001,https://krcare.net/item/mdcl_3547521_en?lang=ko
s00000022946001,https://krcare.net/item/mdcl_3547521_ja
s00000022946001,https://krcare.net/item/mdcl_3547521_ja?lang=ko
s00000022946001,https://krcare.net/item/mdcl_3547521_zh
s00000022946001,https://krcare.net/item/mdcl_3547521_zh?lang=ko
s00000022946001,https://krcare.net/item/mdcl_3547521_zh_tw
s00000022946001,https://krcare.net/item/mdcl_3547521_zh_tw?lang=ko
s00000022946001,https://krcare.net/item/mdcl_3547594_en
s00000022946001,https://krcare.net/item/mdcl_3547594_en?lang=ko
s00000022946001,https://krcare.net/item/mdcl_3547594_ja
s00000022946001,https://krcare.net/item/mdcl_3547594_ja?lang=ko
s00000022946001,https://krcare.net/item/mdcl_3547594_zh
s00000022946001,https://krcare.net/item/mdcl_3547594_zh?lang=ko
s00000022946001,https://krcare.net/item/mdcl_3547594_zh_tw
s00000022946001,https://krcare.net/item/mdcl_3547594_zh_tw?lang=ko
s00000022946001,https://krcare.net/item/mdcl_3547641_en
s00000022946001,https://krcare.net/item/mdcl_3547641_en?lang=ko
s00000022946001,https://krcare.net/item/mdcl_3547641_ja
s00000022946001,https://krcare.net/item/mdcl_3547641_ja?lang=ko
s00000022946001,https://krcare.net/item/mdcl_3547641_zh
s00000022946001,https://krcare.net/item/mdcl_3547641_zh?lang=ko
s00000022946001,https://krcare.net/item/mdcl_3547641_zh_tw
s00000022946001,https://krcare.net/item/mdcl_3547641_zh_tw?lang=ko
s00000022946001,https://krcare.net/item/mdcl_3547648_en
s00000022946001,https://krcare.net/item/mdcl_3547648_en?lang=ko
s00000022946001,https://krcare.net/item/mdcl_3547648_ja
s00000022946001,https://krcare.net/item/mdcl_3547648_ja?lang=ko
s00000022946001,https://krcare.net/item/mdcl_3547648_zh
s00000022946001,https://krcare.net/item/mdcl_3547648_zh?lang=ko
s00000022946001,https://krcare.net/item/mdcl_3547648_zh_tw
s00000022946001,https://krcare.net/item/mdcl_3547648_zh_tw?lang=ko
s00000022946001,https://krcare.net/item/mdcl_3547762_en
s00000022946001,https://krcare.net/item/mdcl_3547762_en?lang=ko
s00000022946001,https://krcare.net/item/mdcl_3547762_ja
s00000022946001,https://krcare.net/item/mdcl_3547762_ja?lang=ko
s00000022946001,https://krcare.net/item/mdcl_3547762_zh
s00000022946001,https://krcare.net/item/mdcl_3547762_zh?lang=ko
s00000022946001,https://krcare.net/item/mdcl_3547762_zh_tw
s00000022946001,https://krcare.net/item/mdcl_3547762_zh_tw?lang=ko
s00000022946001,https://krcare.net/item/mdcl_3547793_en
s00000022946001,https://krcare.net/item/mdcl_3547793_en?lang=ko
s00000022946001,https://krcare.net/item/mdcl_3547793_ja
s00000022946001,https://krcare.net/item/mdcl_3547793_ja?lang=ko
s00000022946001,https://krcare.net/item/mdcl_3547793_zh
s00000022946001,https://krcare.net/item/mdcl_3547793_zh?lang=ko
s00000022946001,https://krcare.net/item/mdcl_3547793_zh_tw
s00000022946001,https://krcare.net/item/mdcl_3547793_zh_tw?lang=ko
s00000022946001,https://krcare.net/item/mdcl_3547799_en
s00000022946001,https://krcare.net/item/mdcl_3547799_en?lang=ko
s00000022946001,https://krcare.net/item/mdcl_3547799_ja
s00000022946001,https://krcare.net/item/mdcl_3547799_ja?lang=ko
s00000022946001,https://krcare.net/item/mdcl_3547799_zh
s00000022946001,https://krcare.net/item/mdcl_3547799_zh?lang=ko
s00000022946001,https://krcare.net/item/mdcl_3547799_zh_tw
s00000022946001,https://krcare.net/item/mdcl_3547799_zh_tw?lang=ko
s00000022946001,https://krcare.net/item/mdcl_3547820_en
s00000022946001,https://krcare.net/item/mdcl_3547820_en?lang=ko
s00000022946001,https://krcare.net/item/mdcl_3547820_ja
s00000022946001,https://krcare.net/item/mdcl_3547820_ja?lang=ko
s00000022946001,https://krcare.net/item/mdcl_3547820_zh
s00000022946001,https://krcare.net/item/mdcl_3547820_zh?lang=ko
s00000022946001,https://krcare.net/item/mdcl_3547820_zh_tw
s00000022946001,https://krcare.net/item/mdcl_3547820_zh_tw?lang=ko
s00000022946001,https://krcare.net/item/mdcl_3547829_en
s00000022946001,https://krcare.net/item/mdcl_3547829_en?lang=ko
s00000022946001,https://krcare.net/item/mdcl_3547829_ja
s00000022946001,https://krcare.net/item/mdcl_3547829_ja?lang=ko
s00000022946001,https://krcare.net/item/mdcl_3547829_zh
s00000022946001,https://krcare.net/item/mdcl_3547829_zh?lang=ko
s00000022946001,https://krcare.net/item/mdcl_3547829_zh_tw
s00000022946001,https://krcare.net/item/mdcl_3547829_zh_tw?lang=ko
s00000022946001,https://krcare.net/item/mdcl_3547900_en
s00000022946001,https://krcare.net/item/mdcl_3547900_en?lang=ko
s00000022946001,https://krcare.net/item/mdcl_3547900_ja
s00000022946001,https://krcare.net/item/mdcl_3547900_ja?lang=ko
s00000022946001,https://krcare.net/item/mdcl_3547900_zh
s00000022946001,https://krcare.net/item/mdcl_3547900_zh?lang=ko
s00000022946001,https://krcare.net/item/mdcl_3547900_zh_tw
s00000022946001,https://krcare.net/item/mdcl_3547900_zh_tw?lang=ko
s00000022946001,https://krcare.net/item/mdcl_3547906_en
s00000022946001,https://krcare.net/item/mdcl_3547906_en?lang=ko
s00000022946001,https://krcare.net/item/mdcl_3547906_ja
s00000022946001,https://krcare.net/item/mdcl_3547906_ja?lang=ko
s00000022946001,https://krcare.net/item/mdcl_3547906_zh
s00000022946001,https://krcare.net/item/mdcl_3547906_zh?lang=ko
s00000022946001,https://krcare.net/item/mdcl_3547906_zh_tw
s00000022946001,https://krcare.net/item/mdcl_3547906_zh_tw?lang=ko
s00000022946001,https://krcare.net/item/mdcl_3547942_en
s00000022946001,https://krcare.net/item/mdcl_3547942_en?lang=ko
s00000022946001,https://krcare.net/item/mdcl_3547942_ja
s00000022946001,https://krcare.net/item/mdcl_3547942_ja?lang=ko
s00000022946001,https://krcare.net/item/mdcl_3547942_zh
s00000022946001,https://krcare.net/item/mdcl_3547942_zh?lang=ko
s00000022946001,https://krcare.net/item/mdcl_3547942_zh_tw
s00000022946001,https://krcare.net/item/mdcl_3547942_zh_tw?lang=ko
s00000022946001,https://krcare.net/item/mdcl_3547944_en
s00000022946001,https://krcare.net/item/mdcl_3547944_en?lang=ko
s00000022946001,https://krcare.net/item/mdcl_3547944_ja
s00000022946001,https://krcare.net/item/mdcl_3547944_ja?lang=ko
s00000022946001,https://krcare.net/item/mdcl_3547944_zh
s00000022946001,https://krcare.net/item/mdcl_3547944_zh?lang=ko
s00000022946001,https://krcare.net/item/mdcl_3547944_zh_tw
s00000022946001,https://krcare.net/item/mdcl_3547944_zh_tw?lang=ko
s00000022946001,https://krcare.net/item/mdcl_3548137_en
s00000022946001,https://krcare.net/item/mdcl_3548137_en?lang=ko
s00000022946001,https://krcare.net/item/mdcl_3548137_ja
s00000022946001,https://krcare.net/item/mdcl_3548137_ja?lang=ko
s00000022946001,https://krcare.net/item/mdcl_3548137_zh
s00000022946001,https://krcare.net/item/mdcl_3548137_zh?lang=ko
s00000022946001,https://krcare.net/item/mdcl_3548137_zh_tw
s00000022946001,https://krcare.net/item/mdcl_3548137_zh_tw?lang=ko
s00000022946001,https://krcare.net/item/mdcl_3548179_en
s00000022946001,https://krcare.net/item/mdcl_3548179_en?lang=ko
s00000022946001,https://krcare.net/item/mdcl_3548179_ja
s00000022946001,https://krcare.net/item/mdcl_3548179_ja?lang=ko
s00000022946001,https://krcare.net/item/mdcl_3548179_zh
s00000022946001,https://krcare.net/item/mdcl_3548179_zh?lang=ko
s00000022946001,https://krcare.net/item/mdcl_3548179_zh_tw
s00000022946001,https://krcare.net/item/mdcl_3548179_zh_tw?lang=ko
s00000022946001,https://krcare.net/item/mdcl_3548388_en
s00000022946001,https://krcare.net/item/mdcl_3548388_en?lang=ko
s00000022946001,https://krcare.net/item/mdcl_3548388_ja
s00000022946001,https://krcare.net/item/mdcl_3548388_ja?lang=ko
s00000022946001,https://krcare.net/item/mdcl_3548388_zh
s00000022946001,https://krcare.net/item/mdcl_3548388_zh?lang=ko
s00000022946001,https://krcare.net/item/mdcl_3548388_zh_tw
s00000022946001,https://krcare.net/item/mdcl_3548388_zh_tw?lang=ko
s00000022946001,https://krcare.net/item/mdcl_3548684_en
s00000022946001,https://krcare.net/item/mdcl_3548684_en?lang=ko
s00000022946001,https://krcare.net/item/mdcl_3548684_ja
s00000022946001,https://krcare.net/item/mdcl_3548684_ja?lang=ko
s00000022946001,https://krcare.net/item/mdcl_3548684_zh
s00000022946001,https://krcare.net/item/mdcl_3548684_zh?lang=ko
s00000022946001,https://krcare.net/item/mdcl_3548684_zh_tw
s00000022946001,https://krcare.net/item/mdcl_3548684_zh_tw?lang=ko
s00000022946001,https://krcare.net/item/mdcl_3548731_en
s00000022946001,https://krcare.net/item/mdcl_3548731_en?lang=ko
s00000022946001,https://krcare.net/item/mdcl_3548731_ja
s00000022946001,https://krcare.net/item/mdcl_3548731_ja?lang=ko
s00000022946001,https://krcare.net/item/mdcl_3548731_zh
s00000022946001,https://krcare.net/item/mdcl_3548731_zh?lang=ko
s00000022946001,https://krcare.net/item/mdcl_3548731_zh_tw
s00000022946001,https://krcare.net/item/mdcl_3548731_zh_tw?lang=ko
s00000022946001,https://krcare.net/item/mdcl_3548775_en
s00000022946001,https://krcare.net/item/mdcl_3548775_en?lang=ko
s00000022946001,https://krcare.net/item/mdcl_3548775_ja
s00000022946001,https://krcare.net/item/mdcl_3548775_ja?lang=ko
s00000022946001,https://krcare.net/item/mdcl_3548775_zh
s00000022946001,https://krcare.net/item/mdcl_3548775_zh?lang=ko
s00000022946001,https://krcare.net/item/mdcl_3548775_zh_tw
s00000022946001,https://krcare.net/item/mdcl_3548775_zh_tw?lang=ko
s00000022946001,https://krcare.net/item/mdcl_3548816_en
s00000022946001,https://krcare.net/item/mdcl_3548816_en?lang=ko
s00000022946001,https://krcare.net/item/mdcl_3548816_ja
s00000022946001,https://krcare.net/item/mdcl_3548816_ja?lang=ko
s00000022946001,https://krcare.net/item/mdcl_3548816_zh
s00000022946001,https://krcare.net/item/mdcl_3548816_zh?lang=ko
s00000022946001,https://krcare.net/item/mdcl_3548816_zh_tw
s00000022946001,https://krcare.net/item/mdcl_3548816_zh_tw?lang=ko
s00000022946001,https://krcare.net/item/mdcl_3548857_en
s00000022946001,https://krcare.net/item/mdcl_3548857_en?lang=ko
s00000022946001,https://krcare.net/item/mdcl_3548857_ja
s00000022946001,https://krcare.net/item/mdcl_3548857_ja?lang=ko
s00000022946001,https://krcare.net/item/mdcl_3548857_zh
s00000022946001,https://krcare.net/item/mdcl_3548857_zh?lang=ko
s00000022946001,https://krcare.net/item/mdcl_3548857_zh_tw
s00000022946001,https://krcare.net/item/mdcl_3548857_zh_tw?lang=ko
s00000022946001,https://krcare.net/item/mdcl_3548866_en
s00000022946001,https://krcare.net/item/mdcl_3548866_en?lang=ko
s00000022946001,https://krcare.net/item/mdcl_3548866_ja
s00000022946001,https://krcare.net/item/mdcl_3548866_ja?lang=ko
s00000022946001,https://krcare.net/item/mdcl_3548866_zh
s00000022946001,https://krcare.net/item/mdcl_3548866_zh?lang=ko
s00000022946001,https://krcare.net/item/mdcl_3548866_zh_tw
s00000022946001,https://krcare.net/item/mdcl_3548866_zh_tw?lang=ko
s00000022946001,https://krcare.net/item/mdcl_3548871_en
s00000022946001,https://krcare.net/item/mdcl_3548871_en?lang=ko
s00000022946001,https://krcare.net/item/mdcl_3548871_ja
s00000022946001,https://krcare.net/item/mdcl_3548871_ja?lang=ko
s00000022946001,https://krcare.net/item/mdcl_3548871_zh
s00000022946001,https://krcare.net/item/mdcl_3548871_zh?lang=ko
s00000022946001,https://krcare.net/item/mdcl_3548871_zh_tw
s00000022946001,https://krcare.net/item/mdcl_3548871_zh_tw?lang=ko
s00000022946001,https://krcare.net/item/mdcl_3548909_en
s00000022946001,https://krcare.net/item/mdcl_3548909_en?lang=ko
s00000022946001,https://krcare.net/item/mdcl_3548909_ja
s00000022946001,https://krcare.net/item/mdcl_3548909_ja?lang=ko
s00000022946001,https://krcare.net/item/mdcl_3548909_zh
s00000022946001,https://krcare.net/item/mdcl_3548909_zh?lang=ko
s00000022946001,https://krcare.net/item/mdcl_3548909_zh_tw
s00000022946001,https://krcare.net/item/mdcl_3548909_zh_tw?lang=ko
s00000022946001,https://krcare.net/item/mdcl_3548918_en
s00000022946001,https://krcare.net/item/mdcl_3548918_en?lang=ko
s00000022946001,https://krcare.net/item/mdcl_3548918_ja
s00000022946001,https://krcare.net/item/mdcl_3548918_ja?lang=ko
s00000022946001,https://krcare.net/item/mdcl_3548918_zh
s00000022946001,https://krcare.net/item/mdcl_3548918_zh?lang=ko
s00000022946001,https://krcare.net/item/mdcl_3548918_zh_tw
s00000022946001,https://krcare.net/item/mdcl_3548918_zh_tw?lang=ko
s00000022946001,https://krcare.net/item/mdcl_3548924_en
s00000022946001,https://krcare.net/item/mdcl_3548924_en?lang=ko
s00000022946001,https://krcare.net/item/mdcl_3548924_ja
s00000022946001,https://krcare.net/item/mdcl_3548924_ja?lang=ko
s00000022946001,https://krcare.net/item/mdcl_3548924_zh
s00000022946001,https://krcare.net/item/mdcl_3548924_zh?lang=ko
s00000022946001,https://krcare.net/item/mdcl_3548924_zh_tw
s00000022946001,https://krcare.net/item/mdcl_3548924_zh_tw?lang=ko
s00000022946001,https://krcare.net/item/mdcl_3548942_en
s00000022946001,https://krcare.net/item/mdcl_3548942_en?lang=ko
s00000022946001,https://krcare.net/item/mdcl_3548942_ja
s00000022946001,https://krcare.net/item/mdcl_3548942_ja?lang=ko
s00000022946001,https://krcare.net/item/mdcl_3548942_zh
s00000022946001,https://krcare.net/item/mdcl_3548942_zh?lang=ko
s00000022946001,https://krcare.net/item/mdcl_3548942_zh_tw
s00000022946001,https://krcare.net/item/mdcl_3548942_zh_tw?lang=ko
s00000022946001,https://krcare.net/item/mdcl_3548986_en
s00000022946001,https://krcare.net/item/mdcl_3548986_en?lang=ko
s00000022946001,https://krcare.net/item/mdcl_3548986_ja
s00000022946001,https://krcare.net/item/mdcl_3548986_ja?lang=ko
s00000022946001,https://krcare.net/item/mdcl_3548986_zh
s00000022946001,https://krcare.net/item/mdcl_3548986_zh?lang=ko
s00000022946001,https://krcare.net/item/mdcl_3548986_zh_tw
s00000022946001,https://krcare.net/item/mdcl_3548986_zh_tw?lang=ko
s00000022946001,https://krcare.net/item/mdcl_3549040_en
s00000022946001,https://krcare.net/item/mdcl_3549040_en?lang=ko
s00000022946001,https://krcare.net/item/mdcl_3549040_ja
s00000022946001,https://krcare.net/item/mdcl_3549040_ja?lang=ko
s00000022946001,https://krcare.net/item/mdcl_3549040_zh
s00000022946001,https://krcare.net/item/mdcl_3549040_zh?lang=ko
s00000022946001,https://krcare.net/item/mdcl_3549040_zh_tw
s00000022946001,https://krcare.net/item/mdcl_3549040_zh_tw?lang=ko
s00000022946001,https://krcare.net/item/mdcl_3549075_en
s00000022946001,https://krcare.net/item/mdcl_3549075_en?lang=ko
s00000022946001,https://krcare.net/item/mdcl_3549075_ja
s00000022946001,https://krcare.net/item/mdcl_3549075_ja?lang=ko
s00000022946001,https://krcare.net/item/mdcl_3549075_zh
s00000022946001,https://krcare.net/item/mdcl_3549075_zh?lang=ko
s00000022946001,https://krcare.net/item/mdcl_3549075_zh_tw
s00000022946001,https://krcare.net/item/mdcl_3549075_zh_tw?lang=ko
s00000022946001,https://krcare.net/item/mdcl_3549091_en
s00000022946001,https://krcare.net/item/mdcl_3549091_en?lang=ko
s00000022946001,https://krcare.net/item/mdcl_3549091_ja
s00000022946001,https://krcare.net/item/mdcl_3549091_ja?lang=ko
s00000022946001,https://krcare.net/item/mdcl_3549091_zh
s00000022946001,https://krcare.net/item/mdcl_3549091_zh?lang=ko
s00000022946001,https://krcare.net/item/mdcl_3549091_zh_tw
s00000022946001,https://krcare.net/item/mdcl_3549091_zh_tw?lang=ko
s00000022946001,https://krcare.net/item/mdcl_3549160_en
s00000022946001,https://krcare.net/item/mdcl_3549160_en?lang=ko
s00000022946001,https://krcare.net/item/mdcl_3549160_ja
s00000022946001,https://krcare.net/item/mdcl_3549160_ja?lang=ko
s00000022946001,https://krcare.net/item/mdcl_3549160_zh
s00000022946001,https://krcare.net/item/mdcl_3549160_zh?lang=ko
s00000022946001,https://krcare.net/item/mdcl_3549160_zh_tw
s00000022946001,https://krcare.net/item/mdcl_3549160_zh_tw?lang=ko
s00000022946001,https://krcare.net/item/mdcl_3549199_en
s00000022946001,https://krcare.net/item/mdcl_3549199_en?lang=ko
s00000022946001,https://krcare.net/item/mdcl_3549199_ja
s00000022946001,https://krcare.net/item/mdcl_3549199_ja?lang=ko
s00000022946001,https://krcare.net/item/mdcl_3549199_zh
s00000022946001,https://krcare.net/item/mdcl_3549199_zh?lang=ko
s00000022946001,https://krcare.net/item/mdcl_3549199_zh_tw
s00000022946001,https://krcare.net/item/mdcl_3549199_zh_tw?lang=ko
s00000022946001,https://krcare.net/item/mdcl_3549360_en
s00000022946001,https://krcare.net/item/mdcl_3549360_en?lang=ko
s00000022946001,https://krcare.net/item/mdcl_3549360_ja
s00000022946001,https://krcare.net/item/mdcl_3549360_ja?lang=ko
s00000022946001,https://krcare.net/item/mdcl_3549360_zh
s00000022946001,https://krcare.net/item/mdcl_3549360_zh?lang=ko
s00000022946001,https://krcare.net/item/mdcl_3549360_zh_tw
s00000022946001,https://krcare.net/item/mdcl_3549360_zh_tw?lang=ko
s00000022946001,https://krcare.net/item/mdcl_3549374_en
s00000022946001,https://krcare.net/item/mdcl_3549374_en?lang=ko
s00000022946001,https://krcare.net/item/mdcl_3549374_ja
s00000022946001,https://krcare.net/item/mdcl_3549374_ja?lang=ko
s00000022946001,https://krcare.net/item/mdcl_3549374_zh
s00000022946001,https://krcare.net/item/mdcl_3549374_zh?lang=ko
s00000022946001,https://krcare.net/item/mdcl_3549374_zh_tw
s00000022946001,https://krcare.net/item/mdcl_3549374_zh_tw?lang=ko
s00000022946001,https://krcare.net/item/mdcl_3549377_en
s00000022946001,https://krcare.net/item/mdcl_3549377_en?lang=ko
s00000022946001,https://krcare.net/item/mdcl_3549377_ja
s00000022946001,https://krcare.net/item/mdcl_3549377_ja?lang=ko
s00000022946001,https://krcare.net/item/mdcl_3549377_zh
s00000022946001,https://krcare.net/item/mdcl_3549377_zh?lang=ko
s00000022946001,https://krcare.net/item/mdcl_3549377_zh_tw
s00000022946001,https://krcare.net/item/mdcl_3549377_zh_tw?lang=ko
s00000022946001,https://krcare.net/item/mdcl_3549387_en
s00000022946001,https://krcare.net/item/mdcl_3549387_en?lang=ko
s00000022946001,https://krcare.net/item/mdcl_3549387_ja
s00000022946001,https://krcare.net/item/mdcl_3549387_ja?lang=ko
s00000022946001,https://krcare.net/item/mdcl_3549387_zh
s00000022946001,https://krcare.net/item/mdcl_3549387_zh?lang=ko
s00000022946001,https://krcare.net/item/mdcl_3549387_zh_tw
s00000022946001,https://krcare.net/item/mdcl_3549387_zh_tw?lang=ko
s00000022946001,https://krcare.net/item/mdcl_3549426_en
s00000022946001,https://krcare.net/item/mdcl_3549426_en?lang=ko
s00000022946001,https://krcare.net/item/mdcl_3549426_ja
s00000022946001,https://krcare.net/item/mdcl_3549426_ja?lang=ko
s00000022946001,https://krcare.net/item/mdcl_3549426_zh
s00000022946001,https://krcare.net/item/mdcl_3549426_zh?lang=ko
s00000022946001,https://krcare.net/item/mdcl_3549426_zh_tw
s00000022946001,https://krcare.net/item/mdcl_3549426_zh_tw?lang=ko
s00000022946001,https://krcare.net/item/mdcl_3549447_en
s00000022946001,https://krcare.net/item/mdcl_3549447_en?lang=ko
s00000022946001,https://krcare.net/item/mdcl_3549447_ja
s00000022946001,https://krcare.net/item/mdcl_3549447_ja?lang=ko
s00000022946001,https://krcare.net/item/mdcl_3549447_zh
s00000022946001,https://krcare.net/item/mdcl_3549447_zh?lang=ko
s00000022946001,https://krcare.net/item/mdcl_3549447_zh_tw
s00000022946001,https://krcare.net/item/mdcl_3549447_zh_tw?lang=ko
s00000022946001,https://krcare.net/item/mdcl_3549488_en
s00000022946001,https://krcare.net/item/mdcl_3549488_en?lang=ko
s00000022946001,https://krcare.net/item/mdcl_3549488_ja
s00000022946001,https://krcare.net/item/mdcl_3549488_ja?lang=ko
s00000022946001,https://krcare.net/item/mdcl_3549488_zh
s00000022946001,https://krcare.net/item/mdcl_3549488_zh?lang=ko
s00000022946001,https://krcare.net/item/mdcl_3549488_zh_tw
s00000022946001,https://krcare.net/item/mdcl_3549488_zh_tw?lang=ko
s00000022946001,https://krcare.net/item/mdcl_3549549_en
s00000022946001,https://krcare.net/item/mdcl_3549549_en?lang=ko
s00000022946001,https://krcare.net/item/mdcl_3549549_ja
s00000022946001,https://krcare.net/item/mdcl_3549549_ja?lang=ko
s00000022946001,https://krcare.net/item/mdcl_3549549_zh
s00000022946001,https://krcare.net/item/mdcl_3549549_zh?lang=ko
s00000022946001,https://krcare.net/item/mdcl_3549549_zh_tw
s00000022946001,https://krcare.net/item/mdcl_3549549_zh_tw?lang=ko
s00000022946001,https://krcare.net/item/mdcl_3562362_en
s00000022946001,https://krcare.net/item/mdcl_3562362_en?lang=ko
s00000022946001,https://krcare.net/item/mdcl_3562362_ja
s00000022946001,https://krcare.net/item/mdcl_3562362_ja?lang=ko
s00000022946001,https://krcare.net/item/mdcl_3562362_zh
s00000022946001,https://krcare.net/item/mdcl_3562362_zh?lang=ko
s00000022946001,https://krcare.net/item/mdcl_3562362_zh_tw
s00000022946001,https://krcare.net/item/mdcl_3562362_zh_tw?lang=ko
s00000022946001,https://krcare.net/item/mdcl_3562418_en
s00000022946001,https://krcare.net/item/mdcl_3562418_en?lang=ko
s00000022946001,https://krcare.net/item/mdcl_3562418_ja
s00000022946001,https://krcare.net/item/mdcl_3562418_ja?lang=ko
s00000022946001,https://krcare.net/item/mdcl_3562418_zh
s00000022946001,https://krcare.net/item/mdcl_3562418_zh?lang=ko
s00000022946001,https://krcare.net/item/mdcl_3562418_zh_tw
s00000022946001,https://krcare.net/item/mdcl_3562418_zh_tw?lang=ko
s00000022946001,https://krcare.net/item/mdcl_3562464_en
s00000022946001,https://krcare.net/item/mdcl_3562464_en?lang=ko
s00000022946001,https://krcare.net/item/mdcl_3562464_ja
s00000022946001,https://krcare.net/item/mdcl_3562464_ja?lang=ko
s00000022946001,https://krcare.net/item/mdcl_3562464_zh
s00000022946001,https://krcare.net/item/mdcl_3562464_zh?lang=ko
s00000022946001,https://krcare.net/item/mdcl_3562464_zh_tw
s00000022946001,https://krcare.net/item/mdcl_3562464_zh_tw?lang=ko
s00000022946001,https://krcare.net/item/mdcl_3562474_en
s00000022946001,https://krcare.net/item/mdcl_3562474_en?lang=ko
s00000022946001,https://krcare.net/item/mdcl_3562474_ja
s00000022946001,https://krcare.net/item/mdcl_3562474_ja?lang=ko
s00000022946001,https://krcare.net/item/mdcl_3562474_zh
s00000022946001,https://krcare.net/item/mdcl_3562474_zh?lang=ko
s00000022946001,https://krcare.net/item/mdcl_3562474_zh_tw
s00000022946001,https://krcare.net/item/mdcl_3562474_zh_tw?lang=ko
s00000022946001,https://krcare.net/item/mdcl_3562585_en
s00000022946001,https://krcare.net/item/mdcl_3562585_en?lang=ko
s00000022946001,https://krcare.net/item/mdcl_3562585_ja
s00000022946001,https://krcare.net/item/mdcl_3562585_ja?lang=ko
s00000022946001,https://krcare.net/item/mdcl_3562585_zh
s00000022946001,https://krcare.net/item/mdcl_3562585_zh?lang=ko
s00000022946001,https://krcare.net/item/mdcl_3562585_zh_tw
s00000022946001,https://krcare.net/item/mdcl_3562585_zh_tw?lang=ko
s00000022946001,https://krcare.net/item/mdcl_3562610_en
s00000022946001,https://krcare.net/item/mdcl_3562610_en?lang=ko
s00000022946001,https://krcare.net/item/mdcl_3562610_ja
s00000022946001,https://krcare.net/item/mdcl_3562610_ja?lang=ko
s00000022946001,https://krcare.net/item/mdcl_3562610_zh
s00000022946001,https://krcare.net/item/mdcl_3562610_zh?lang=ko
s00000022946001,https://krcare.net/item/mdcl_3562610_zh_tw
s00000022946001,https://krcare.net/item/mdcl_3562610_zh_tw?lang=ko
s00000022946001,https://krcare.net/item/mdcl_3562677_en
s00000022946001,https://krcare.net/item/mdcl_3562677_en?lang=ko
s00000022946001,https://krcare.net/item/mdcl_3562677_ja
s00000022946001,https://krcare.net/item/mdcl_3562677_ja?lang=ko
s00000022946001,https://krcare.net/item/mdcl_3562677_zh
s00000022946001,https://krcare.net/item/mdcl_3562677_zh?lang=ko
s00000022946001,https://krcare.net/item/mdcl_3562677_zh_tw
s00000022946001,https://krcare.net/item/mdcl_3562677_zh_tw?lang=ko
s00000022946001,https://krcare.net/item/mdcl_3562681_en
s00000022946001,https://krcare.net/item/mdcl_3562681_en?lang=ko
s00000022946001,https://krcare.net/item/mdcl_3562681_ja
s00000022946001,https://krcare.net/item/mdcl_3562681_ja?lang=ko
s00000022946001,https://krcare.net/item/mdcl_3562681_zh
s00000022946001,https://krcare.net/item/mdcl_3562681_zh?lang=ko
s00000022946001,https://krcare.net/item/mdcl_3562681_zh_tw
s00000022946001,https://krcare.net/item/mdcl_3562681_zh_tw?lang=ko
s00000022946001,https://krcare.net/item/mdcl_3562726_en
s00000022946001,https://krcare.net/item/mdcl_3562726_en?lang=ko
s00000022946001,https://krcare.net/item/mdcl_3562726_ja
s00000022946001,https://krcare.net/item/mdcl_3562726_ja?lang=ko
s00000022946001,https://krcare.net/item/mdcl_3562726_zh
s00000022946001,https://krcare.net/item/mdcl_3562726_zh?lang=ko
s00000022946001,https://krcare.net/item/mdcl_3562726_zh_tw
s00000022946001,https://krcare.net/item/mdcl_3562726_zh_tw?lang=ko
s00000022946001,https://krcare.net/item/mdcl_3562759_en
s00000022946001,https://krcare.net/item/mdcl_3562759_en?lang=ko
s00000022946001,https://krcare.net/item/mdcl_3562759_ja
s00000022946001,https://krcare.net/item/mdcl_3562759_ja?lang=ko
s00000022946001,https://krcare.net/item/mdcl_3562759_zh
s00000022946001,https://krcare.net/item/mdcl_3562759_zh?lang=ko
s00000022946001,https://krcare.net/item/mdcl_3562759_zh_tw
s00000022946001,https://krcare.net/item/mdcl_3562759_zh_tw?lang=ko
s00000022946001,https://krcare.net/item/mdcl_3562783_en
s00000022946001,https://krcare.net/item/mdcl_3562783_en?lang=ko
s00000022946001,https://krcare.net/item/mdcl_3562783_ja
s00000022946001,https://krcare.net/item/mdcl_3562783_ja?lang=ko
s00000022946001,https://krcare.net/item/mdcl_3562783_zh
s00000022946001,https://krcare.net/item/mdcl_3562783_zh?lang=ko
s00000022946001,https://krcare.net/item/mdcl_3562783_zh_tw
s00000022946001,https://krcare.net/item/mdcl_3562783_zh_tw?lang=ko
s00000022946001,https://krcare.net/item/mdcl_3562825_en
s00000022946001,https://krcare.net/item/mdcl_3562825_en?lang=ko
s00000022946001,https://krcare.net/item/mdcl_3562825_ja
s00000022946001,https://krcare.net/item/mdcl_3562825_ja?lang=ko
s00000022946001,https://krcare.net/item/mdcl_3562825_zh
s00000022946001,https://krcare.net/item/mdcl_3562825_zh?lang=ko
s00000022946001,https://krcare.net/item/mdcl_3562825_zh_tw
s00000022946001,https://krcare.net/item/mdcl_3562825_zh_tw?lang=ko
s00000022946001,https://krcare.net/item/mdcl_3562921_en
s00000022946001,https://krcare.net/item/mdcl_3562921_en?lang=ko
s00000022946001,https://krcare.net/item/mdcl_3562921_ja
s00000022946001,https://krcare.net/item/mdcl_3562921_ja?lang=ko
s00000022946001,https://krcare.net/item/mdcl_3562921_zh
s00000022946001,https://krcare.net/item/mdcl_3562921_zh?lang=ko
s00000022946001,https://krcare.net/item/mdcl_3562921_zh_tw
s00000022946001,https://krcare.net/item/mdcl_3562921_zh_tw?lang=ko
s00000022946001,https://krcare.net/item/mdcl_3562945_en
s00000022946001,https://krcare.net/item/mdcl_3562945_en?lang=ko
s00000022946001,https://krcare.net/item/mdcl_3562945_ja
s00000022946001,https://krcare.net/item/mdcl_3562945_ja?lang=ko
s00000022946001,https://krcare.net/item/mdcl_3562945_zh
s00000022946001,https://krcare.net/item/mdcl_3562945_zh?lang=ko
s00000022946001,https://krcare.net/item/mdcl_3562945_zh_tw
s00000022946001,https://krcare.net/item/mdcl_3562945_zh_tw?lang=ko
s00000022946001,https://krcare.net/item/mdcl_3563030_en
s00000022946001,https://krcare.net/item/mdcl_3563030_en?lang=ko
s00000022946001,https://krcare.net/item/mdcl_3563030_ja
s00000022946001,https://krcare.net/item/mdcl_3563030_ja?lang=ko
s00000022946001,https://krcare.net/item/mdcl_3563030_zh
s00000022946001,https://krcare.net/item/mdcl_3563030_zh?lang=ko
s00000022946001,https://krcare.net/item/mdcl_3563030_zh_tw
s00000022946001,https://krcare.net/item/mdcl_3563030_zh_tw?lang=ko
s00000022946001,https://krcare.net/item/mdcl_3563082_en
s00000022946001,https://krcare.net/item/mdcl_3563082_en?lang=ko
s00000022946001,https://krcare.net/item/mdcl_3563082_ja
s00000022946001,https://krcare.net/item/mdcl_3563082_ja?lang=ko
s00000022946001,https://krcare.net/item/mdcl_3563082_zh
s00000022946001,https://krcare.net/item/mdcl_3563082_zh?lang=ko
s00000022946001,https://krcare.net/item/mdcl_3563082_zh_tw
s00000022946001,https://krcare.net/item/mdcl_3563082_zh_tw?lang=ko
s00000022946001,https://krcare.net/item/mdcl_3563108_en
s00000022946001,https://krcare.net/item/mdcl_3563108_en?lang=ko
s00000022946001,https://krcare.net/item/mdcl_3563108_ja
s00000022946001,https://krcare.net/item/mdcl_3563108_ja?lang=ko
s00000022946001,https://krcare.net/item/mdcl_3563108_zh
s00000022946001,https://krcare.net/item/mdcl_3563108_zh?lang=ko
s00000022946001,https://krcare.net/item/mdcl_3563108_zh_tw
s00000022946001,https://krcare.net/item/mdcl_3563108_zh_tw?lang=ko
s00000022946001,https://krcare.net/item/mdcl_3563121_en
s00000022946001,https://krcare.net/item/mdcl_3563121_en?lang=ko
s00000022946001,https://krcare.net/item/mdcl_3563121_ja
s00000022946001,https://krcare.net/item/mdcl_3563121_ja?lang=ko
s00000022946001,https://krcare.net/item/mdcl_3563121_zh
s00000022946001,https://krcare.net/item/mdcl_3563121_zh?lang=ko
s00000022946001,https://krcare.net/item/mdcl_3563121_zh_tw
s00000022946001,https://krcare.net/item/mdcl_3563121_zh_tw?lang=ko
s00000022946001,https://krcare.net/item/mdcl_3563137_en
s00000022946001,https://krcare.net/item/mdcl_3563137_en?lang=ko
s00000022946001,https://krcare.net/item/mdcl_3563137_ja
s00000022946001,https://krcare.net/item/mdcl_3563137_ja?lang=ko
s00000022946001,https://krcare.net/item/mdcl_3563137_zh
s00000022946001,https://krcare.net/item/mdcl_3563137_zh?lang=ko
s00000022946001,https://krcare.net/item/mdcl_3563137_zh_tw
s00000022946001,https://krcare.net/item/mdcl_3563137_zh_tw?lang=ko
s00000022946001,https://krcare.net/item/mdcl_3563149_en
s00000022946001,https://krcare.net/item/mdcl_3563149_en?lang=ko
s00000022946001,https://krcare.net/item/mdcl_3563149_ja
s00000022946001,https://krcare.net/item/mdcl_3563149_ja?lang=ko
s00000022946001,https://krcare.net/item/mdcl_3563149_zh
s00000022946001,https://krcare.net/item/mdcl_3563149_zh?lang=ko
s00000022946001,https://krcare.net/item/mdcl_3563149_zh_tw
s00000022946001,https://krcare.net/item/mdcl_3563149_zh_tw?lang=ko
s00000022946001,https://krcare.net/item/mdcl_3574535_en
s00000022946001,https://krcare.net/item/mdcl_3574535_en?lang=ko
s00000022946001,https://krcare.net/item/mdcl_3574535_ja
s00000022946001,https://krcare.net/item/mdcl_3574535_ja?lang=ko
s00000022946001,https://krcare.net/item/mdcl_3574535_zh
s00000022946001,https://krcare.net/item/mdcl_3574535_zh?lang=ko
s00000022946001,https://krcare.net/item/mdcl_3574535_zh_tw
s00000022946001,https://krcare.net/item/mdcl_3574535_zh_tw?lang=ko
s00000022946001,https://krcare.net/item/mdcl_3574617_en
s00000022946001,https://krcare.net/item/mdcl_3574617_en?lang=ko
s00000022946001,https://krcare.net/item/mdcl_3574617_ja
s00000022946001,https://krcare.net/item/mdcl_3574617_ja?lang=ko
s00000022946001,https://krcare.net/item/mdcl_3574617_zh
s00000022946001,https://krcare.net/item/mdcl_3574617_zh?lang=ko
s00000022946001,https://krcare.net/item/mdcl_3574617_zh_tw
s00000022946001,https://krcare.net/item/mdcl_3574617_zh_tw?lang=ko
s00000022946001,https://krcare.net/item/mdcl_3574754_en
s00000022946001,https://krcare.net/item/mdcl_3574754_en?lang=ko
s00000022946001,https://krcare.net/item/mdcl_3574754_ja
s00000022946001,https://krcare.net/item/mdcl_3574754_ja?lang=ko
s00000022946001,https://krcare.net/item/mdcl_3574754_zh
s00000022946001,https://krcare.net/item/mdcl_3574754_zh?lang=ko
s00000022946001,https://krcare.net/item/mdcl_3574754_zh_tw
s00000022946001,https://krcare.net/item/mdcl_3574754_zh_tw?lang=ko
s00000022946001,https://krcare.net/item/mdcl_3574948_en
s00000022946001,https://krcare.net/item/mdcl_3574948_en?lang=ko
s00000022946001,https://krcare.net/item/mdcl_3574948_ja
s00000022946001,https://krcare.net/item/mdcl_3574948_ja?lang=ko
s00000022946001,https://krcare.net/item/mdcl_3574948_zh
s00000022946001,https://krcare.net/item/mdcl_3574948_zh?lang=ko
s00000022946001,https://krcare.net/item/mdcl_3574948_zh_tw
s00000022946001,https://krcare.net/item/mdcl_3574948_zh_tw?lang=ko
s00000022946001,https://krcare.net/item/mdcl_3574999_en
s00000022946001,https://krcare.net/item/mdcl_3574999_en?lang=ko
s00000022946001,https://krcare.net/item/mdcl_3574999_ja
s00000022946001,https://krcare.net/item/mdcl_3574999_ja?lang=ko
s00000022946001,https://krcare.net/item/mdcl_3574999_zh
s00000022946001,https://krcare.net/item/mdcl_3574999_zh?lang=ko
s00000022946001,https://krcare.net/item/mdcl_3574999_zh_tw
s00000022946001,https://krcare.net/item/mdcl_3574999_zh_tw?lang=ko
s00000022946001,https://krcare.net/item/mdcl_3575139_en
s00000022946001,https://krcare.net/item/mdcl_3575139_en?lang=ko
s00000022946001,https://krcare.net/item/mdcl_3575139_ja
s00000022946001,https://krcare.net/item/mdcl_3575139_ja?lang=ko
s00000022946001,https://krcare.net/item/mdcl_3575139_zh
s00000022946001,https://krcare.net/item/mdcl_3575139_zh?lang=ko
s00000022946001,https://krcare.net/item/mdcl_3575139_zh_tw
s00000022946001,https://krcare.net/item/mdcl_3575139_zh_tw?lang=ko
s00000022946001,https://krcare.net/item/mdcl_3575174_en
s00000022946001,https://krcare.net/item/mdcl_3575174_en?lang=ko
s00000022946001,https://krcare.net/item/mdcl_3575174_ja
s00000022946001,https://krcare.net/item/mdcl_3575174_ja?lang=ko
s00000022946001,https://krcare.net/item/mdcl_3575174_zh
s00000022946001,https://krcare.net/item/mdcl_3575174_zh?lang=ko
s00000022946001,https://krcare.net/item/mdcl_3575174_zh_tw
s00000022946001,https://krcare.net/item/mdcl_3575174_zh_tw?lang=ko
s00000022946001,https://krcare.net/item/mdcl_3575408_en
s00000022946001,https://krcare.net/item/mdcl_3575408_en?lang=ko
s00000022946001,https://krcare.net/item/mdcl_3575408_ja
s00000022946001,https://krcare.net/item/mdcl_3575408_ja?lang=ko
s00000022946001,https://krcare.net/item/mdcl_3575408_zh
s00000022946001,https://krcare.net/item/mdcl_3575408_zh?lang=ko
s00000022946001,https://krcare.net/item/mdcl_3575408_zh_tw
s00000022946001,https://krcare.net/item/mdcl_3575408_zh_tw?lang=ko
s00000022946001,https://krcare.net/item/mdcl_3575462_en
s00000022946001,https://krcare.net/item/mdcl_3575462_en?lang=ko
s00000022946001,https://krcare.net/item/mdcl_3575462_ja
s00000022946001,https://krcare.net/item/mdcl_3575462_ja?lang=ko
s00000022946001,https://krcare.net/item/mdcl_3575462_zh
s00000022946001,https://krcare.net/item/mdcl_3575462_zh?lang=ko
s00000022946001,https://krcare.net/item/mdcl_3575462_zh_tw
s00000022946001,https://krcare.net/item/mdcl_3575462_zh_tw?lang=ko
s00000022946001,https://krcare.net/item/mdcl_3575655_en
s00000022946001,https://krcare.net/item/mdcl_3575655_en?lang=ko
s00000022946001,https://krcare.net/item/mdcl_3575655_ja
s00000022946001,https://krcare.net/item/mdcl_3575655_ja?lang=ko
s00000022946001,https://krcare.net/item/mdcl_3575655_zh
s00000022946001,https://krcare.net/item/mdcl_3575655_zh?lang=ko
s00000022946001,https://krcare.net/item/mdcl_3575655_zh_tw
s00000022946001,https://krcare.net/item/mdcl_3575655_zh_tw?lang=ko
s00000022946001,https://krcare.net/item/mdcl_3575672_en
s00000022946001,https://krcare.net/item/mdcl_3575672_en?lang=ko
s00000022946001,https://krcare.net/item/mdcl_3575672_ja
s00000022946001,https://krcare.net/item/mdcl_3575672_ja?lang=ko
s00000022946001,https://krcare.net/item/mdcl_3575672_zh
s00000022946001,https://krcare.net/item/mdcl_3575672_zh?lang=ko
s00000022946001,https://krcare.net/item/mdcl_3575672_zh_tw
s00000022946001,https://krcare.net/item/mdcl_3575672_zh_tw?lang=ko
s00000022946001,https://krcare.net/item/mdcl_3580187_en
s00000022946001,https://krcare.net/item/mdcl_3580187_en?lang=ko
s00000022946001,https://krcare.net/item/mdcl_3580187_ja
s00000022946001,https://krcare.net/item/mdcl_3580187_ja?lang=ko
s00000022946001,https://krcare.net/item/mdcl_3580187_zh
s00000022946001,https://krcare.net/item/mdcl_3580187_zh?lang=ko
s00000022946001,https://krcare.net/item/mdcl_3580187_zh_tw
s00000022946001,https://krcare.net/item/mdcl_3580187_zh_tw?lang=ko
s00000022946001,https://krcare.net/item/mdcl_3580254_en
s00000022946001,https://krcare.net/item/mdcl_3580254_en?lang=ko
s00000022946001,https://krcare.net/item/mdcl_3580254_ja
s00000022946001,https://krcare.net/item/mdcl_3580254_ja?lang=ko
s00000022946001,https://krcare.net/item/mdcl_3580254_zh
s00000022946001,https://krcare.net/item/mdcl_3580254_zh?lang=ko
s00000022946001,https://krcare.net/item/mdcl_3580254_zh_tw
s00000022946001,https://krcare.net/item/mdcl_3580254_zh_tw?lang=ko
s00000022946001,https://krcare.net/item/mdcl_3580435_en
s00000022946001,https://krcare.net/item/mdcl_3580435_en?lang=ko
s00000022946001,https://krcare.net/item/mdcl_3580435_ja
s00000022946001,https://krcare.net/item/mdcl_3580435_ja?lang=ko
s00000022946001,https://krcare.net/item/mdcl_3580435_zh
s00000022946001,https://krcare.net/item/mdcl_3580435_zh?lang=ko
s00000022946001,https://krcare.net/item/mdcl_3580435_zh_tw
s00000022946001,https://krcare.net/item/mdcl_3580435_zh_tw?lang=ko
s00000022946001,https://krcare.net/item/mdcl_3580474_en
s00000022946001,https://krcare.net/item/mdcl_3580474_en?lang=ko
s00000022946001,https://krcare.net/item/mdcl_3580474_ja
s00000022946001,https://krcare.net/item/mdcl_3580474_ja?lang=ko
s00000022946001,https://krcare.net/item/mdcl_3580474_zh
s00000022946001,https://krcare.net/item/mdcl_3580474_zh?lang=ko
s00000022946001,https://krcare.net/item/mdcl_3580474_zh_tw
s00000022946001,https://krcare.net/item/mdcl_3580474_zh_tw?lang=ko
s00000022946001,https://krcare.net/item/mdcl_3591234_en
s00000022946001,https://krcare.net/item/mdcl_3591234_en?lang=ko
s00000022946001,https://krcare.net/item/mdcl_3591234_ja
s00000022946001,https://krcare.net/item/mdcl_3591234_ja?lang=ko
s00000022946001,https://krcare.net/item/mdcl_3591234_zh
s00000022946001,https://krcare.net/item/mdcl_3591234_zh?lang=ko
s00000022946001,https://krcare.net/item/mdcl_3591234_zh_tw
s00000022946001,https://krcare.net/item/mdcl_3591234_zh_tw?lang=ko
s00000022946001,https://okcaddie.net/course/abashiri_lakeside_golf_en
s00000022946001,https://okcaddie.net/course/abashiri_lakeside_golf_en?lang=ko
s00000022946001,https://okcaddie.net/course/abashiri_lakeside_golf_ko
s00000022946001,https://okcaddie.net/course/abashiri_lakeside_golf_ko?lang=ko
s00000022946001,https://okcaddie.net/course/abc_golf_club_en
s00000022946001,https://okcaddie.net/course/abc_golf_club_en?lang=ko
s00000022946001,https://okcaddie.net/course/abc_golf_club_ko
s00000022946001,https://okcaddie.net/course/abc_golf_club_ko?lang=ko
s00000022946001,https://okcaddie.net/course/abiko_golf_club_en
s00000022946001,https://okcaddie.net/course/abiko_golf_club_en?lang=ko
s00000022946001,https://okcaddie.net/course/abiko_golf_club_ko
s00000022946001,https://okcaddie.net/course/abiko_golf_club_ko?lang=ko
s00000022946001,https://okcaddie.net/course/accordia_golf_narita_airport_en
s00000022946001,https://okcaddie.net/course/accordia_golf_narita_airport_en?lang=ko
s00000022946001,https://okcaddie.net/course/accordia_golf_narita_airport_ko
s00000022946001,https://okcaddie.net/course/accordia_golf_narita_airport_ko?lang=ko
s00000022946001,https://okcaddie.net/course/aichi_country_club_en
s00000022946001,https://okcaddie.net/course/aichi_country_club_en?lang=ko
s00000022946001,https://okcaddie.net/course/aichi_country_club_ko
s00000022946001,https://okcaddie.net/course/aichi_country_club_ko?lang=ko
s00000022946001,https://okcaddie.net/course/akita_minami_golf_en
s00000022946001,https://okcaddie.net/course/akita_minami_golf_en?lang=ko
s00000022946001,https://okcaddie.net/course/akita_minami_golf_ko
s00000022946001,https://okcaddie.net/course/akita_minami_golf_ko?lang=ko
s00000022946001,https://okcaddie.net/course/aomori_country_club_en
s00000022946001,https://okcaddie.net/course/aomori_country_club_en?lang=ko
s00000022946001,https://okcaddie.net/course/aomori_country_club_ko
s00000022946001,https://okcaddie.net/course/aomori_country_club_ko?lang=ko
s00000022946001,https://okcaddie.net/course/appi_kogen_golf_club_en
s00000022946001,https://okcaddie.net/course/appi_kogen_golf_club_en?lang=ko
s00000022946001,https://okcaddie.net/course/appi_kogen_golf_club_ko
s00000022946001,https://okcaddie.net/course/appi_kogen_golf_club_ko?lang=ko
s00000022946001,https://okcaddie.net/course/arima_royal_golf_club_en
s00000022946001,https://okcaddie.net/course/arima_royal_golf_club_en?lang=ko
s00000022946001,https://okcaddie.net/course/arima_royal_golf_club_ko
s00000022946001,https://okcaddie.net/course/arima_royal_golf_club_ko?lang=ko
s00000022946001,https://okcaddie.net/course/asahikawa_kokusai_golf_en
s00000022946001,https://okcaddie.net/course/asahikawa_kokusai_golf_en?lang=ko
s00000022946001,https://okcaddie.net/course/asahikawa_kokusai_golf_ko
s00000022946001,https://okcaddie.net/course/asahikawa_kokusai_golf_ko?lang=ko
s00000022946001,https://okcaddie.net/course/ashinoko_country_club_en
s00000022946001,https://okcaddie.net/course/ashinoko_country_club_en?lang=ko
s00000022946001,https://okcaddie.net/course/ashinoko_country_club_ko
s00000022946001,https://okcaddie.net/course/ashinoko_country_club_ko?lang=ko
s00000022946001,https://okcaddie.net/course/aso_resort_grandvrio_en
s00000022946001,https://okcaddie.net/course/aso_resort_grandvrio_en?lang=ko
s00000022946001,https://okcaddie.net/course/aso_resort_grandvrio_ko
s00000022946001,https://okcaddie.net/course/aso_resort_grandvrio_ko?lang=ko
s00000022946001,https://okcaddie.net/course/aso_sky_blue_golf_club_en
s00000022946001,https://okcaddie.net/course/aso_sky_blue_golf_club_en?lang=ko
s00000022946001,https://okcaddie.net/course/aso_sky_blue_golf_club_ko
s00000022946001,https://okcaddie.net/course/aso_sky_blue_golf_club_ko?lang=ko
s00000022946001,https://okcaddie.net/course/atta_terrace_golf_resort_en
s00000022946001,https://okcaddie.net/course/atta_terrace_golf_resort_en?lang=ko
s00000022946001,https://okcaddie.net/course/atta_terrace_golf_resort_ko
s00000022946001,https://okcaddie.net/course/atta_terrace_golf_resort_ko?lang=ko
s00000022946001,https://okcaddie.net/course/banyan_tree_golf_club_en
s00000022946001,https://okcaddie.net/course/banyan_tree_golf_club_en?lang=ko
s00000022946001,https://okcaddie.net/course/banyan_tree_golf_club_ko
s00000022946001,https://okcaddie.net/course/banyan_tree_golf_club_ko?lang=ko
s00000022946001,https://okcaddie.net/course/beppu_golf_club_en
s00000022946001,https://okcaddie.net/course/beppu_golf_club_en?lang=ko
s00000022946001,https://okcaddie.net/course/beppu_golf_club_ko
s00000022946001,https://okcaddie.net/course/beppu_golf_club_ko?lang=ko
s00000022946001,https://okcaddie.net/course/bise_village_links_en
s00000022946001,https://okcaddie.net/course/bise_village_links_en?lang=ko
s00000022946001,https://okcaddie.net/course/bise_village_links_ko
s00000022946001,https://okcaddie.net/course/bise_village_links_ko?lang=ko
s00000022946001,https://okcaddie.net/course/caledonian_golf_club_en
s00000022946001,https://okcaddie.net/course/caledonian_golf_club_en?lang=ko
s00000022946001,https://okcaddie.net/course/caledonian_golf_club_ko
s00000022946001,https://okcaddie.net/course/caledonian_golf_club_ko?lang=ko
s00000022946001,https://okcaddie.net/course/camellia_hills_country_club_en
s00000022946001,https://okcaddie.net/course/camellia_hills_country_club_en?lang=ko
s00000022946001,https://okcaddie.net/course/camellia_hills_country_club_ko
s00000022946001,https://okcaddie.net/course/camellia_hills_country_club_ko?lang=ko
s00000022946001,https://okcaddie.net/course/cherry_hills_golf_club_en
s00000022946001,https://okcaddie.net/course/cherry_hills_golf_club_en?lang=ko
s00000022946001,https://okcaddie.net/course/cherry_hills_golf_club_ko
s00000022946001,https://okcaddie.net/course/cherry_hills_golf_club_ko?lang=ko
s00000022946001,https://okcaddie.net/course/cherry_hills_robert_trent_jones_en
s00000022946001,https://okcaddie.net/course/cherry_hills_robert_trent_jones_en?lang=ko
s00000022946001,https://okcaddie.net/course/cherry_hills_robert_trent_jones_ko
s00000022946001,https://okcaddie.net/course/cherry_hills_robert_trent_jones_ko?lang=ko
s00000022946001,https://okcaddie.net/course/chiba_country_club_umesato_en
s00000022946001,https://okcaddie.net/course/chiba_country_club_umesato_en?lang=ko
s00000022946001,https://okcaddie.net/course/chiba_country_club_umesato_ko
s00000022946001,https://okcaddie.net/course/chiba_country_club_umesato_ko?lang=ko
s00000022946001,https://okcaddie.net/course/chiran_country_club_en
s00000022946001,https://okcaddie.net/course/chiran_country_club_en?lang=ko
s00000022946001,https://okcaddie.net/course/chiran_country_club_ko
s00000022946001,https://okcaddie.net/course/chiran_country_club_ko?lang=ko
s00000022946001,https://okcaddie.net/course/chukyo_golf_club_en
s00000022946001,https://okcaddie.net/course/chukyo_golf_club_en?lang=ko
s00000022946001,https://okcaddie.net/course/chukyo_golf_club_ko
s00000022946001,https://okcaddie.net/course/chukyo_golf_club_ko?lang=ko
s00000022946001,https://okcaddie.net/course/eagle_point_golf_club_en
s00000022946001,https://okcaddie.net/course/eagle_point_golf_club_en?lang=ko
s00000022946001,https://okcaddie.net/course/eagle_point_golf_club_ko
s00000022946001,https://okcaddie.net/course/eagle_point_golf_club_ko?lang=ko
s00000022946001,https://okcaddie.net/course/ehime_golf_club_en
s00000022946001,https://okcaddie.net/course/ehime_golf_club_en?lang=ko
s00000022946001,https://okcaddie.net/course/ehime_golf_club_ko
s00000022946001,https://okcaddie.net/course/ehime_golf_club_ko?lang=ko
s00000022946001,https://okcaddie.net/course/ehime_golf_club_main_en
s00000022946001,https://okcaddie.net/course/ehime_golf_club_main_en?lang=ko
s00000022946001,https://okcaddie.net/course/ehime_golf_club_main_ko
s00000022946001,https://okcaddie.net/course/ehime_golf_club_main_ko?lang=ko
s00000022946001,https://okcaddie.net/course/ena_kogen_golf_club_en
s00000022946001,https://okcaddie.net/course/ena_kogen_golf_club_en?lang=ko
s00000022946001,https://okcaddie.net/course/ena_kogen_golf_club_ko
s00000022946001,https://okcaddie.net/course/ena_kogen_golf_club_ko?lang=ko
s00000022946001,https://okcaddie.net/course/eniwa_country_club_en
s00000022946001,https://okcaddie.net/course/eniwa_country_club_en?lang=ko
s00000022946001,https://okcaddie.net/course/eniwa_country_club_ko
s00000022946001,https://okcaddie.net/course/eniwa_country_club_ko?lang=ko
s00000022946001,https://okcaddie.net/course/enoshima_golf_club_en
s00000022946001,https://okcaddie.net/course/enoshima_golf_club_en?lang=ko
s00000022946001,https://okcaddie.net/course/enoshima_golf_club_ko
s00000022946001,https://okcaddie.net/course/enoshima_golf_club_ko?lang=ko
s00000022946001,https://okcaddie.net/course/fuchu_country_club_en
s00000022946001,https://okcaddie.net/course/fuchu_country_club_en?lang=ko
s00000022946001,https://okcaddie.net/course/fuchu_country_club_ko
s00000022946001,https://okcaddie.net/course/fuchu_country_club_ko?lang=ko
s00000022946001,https://okcaddie.net/course/fuji_country_club_en
s00000022946001,https://okcaddie.net/course/fuji_country_club_en?lang=ko
s00000022946001,https://okcaddie.net/course/fuji_country_club_ko
s00000022946001,https://okcaddie.net/course/fuji_country_club_ko?lang=ko
s00000022946001,https://okcaddie.net/course/fujizakura_country_club_en
s00000022946001,https://okcaddie.net/course/fujizakura_country_club_en?lang=ko
s00000022946001,https://okcaddie.net/course/fujizakura_country_club_ko
s00000022946001,https://okcaddie.net/course/fujizakura_country_club_ko?lang=ko
s00000022946001,https://okcaddie.net/course/fukuoka_country_club_en
s00000022946001,https://okcaddie.net/course/fukuoka_country_club_en?lang=ko
s00000022946001,https://okcaddie.net/course/fukuoka_country_club_ko
s00000022946001,https://okcaddie.net/course/fukuoka_country_club_ko?lang=ko
s00000022946001,https://okcaddie.net/course/fukuoka_international_en
s00000022946001,https://okcaddie.net/course/fukuoka_international_en?lang=ko
s00000022946001,https://okcaddie.net/course/fukuoka_international_ko
s00000022946001,https://okcaddie.net/course/fukuoka_international_ko?lang=ko
s00000022946001,https://okcaddie.net/course/fukuoka_kokusai_golf_en
s00000022946001,https://okcaddie.net/course/fukuoka_kokusai_golf_en?lang=ko
s00000022946001,https://okcaddie.net/course/fukuoka_kokusai_golf_ko
s00000022946001,https://okcaddie.net/course/fukuoka_kokusai_golf_ko?lang=ko
s00000022946001,https://okcaddie.net/course/fukushima_azuma_golf_en
s00000022946001,https://okcaddie.net/course/fukushima_azuma_golf_en?lang=ko
s00000022946001,https://okcaddie.net/course/fukushima_azuma_golf_ko
s00000022946001,https://okcaddie.net/course/fukushima_azuma_golf_ko?lang=ko
s00000022946001,https://okcaddie.net/course/fukushima_golf_club_en
s00000022946001,https://okcaddie.net/course/fukushima_golf_club_en?lang=ko
s00000022946001,https://okcaddie.net/course/fukushima_golf_club_ko
s00000022946001,https://okcaddie.net/course/fukushima_golf_club_ko?lang=ko
s00000022946001,https://okcaddie.net/course/gifu_north_golf_club_en
s00000022946001,https://okcaddie.net/course/gifu_north_golf_club_en?lang=ko
s00000022946001,https://okcaddie.net/course/gifu_north_golf_club_ko
s00000022946001,https://okcaddie.net/course/gifu_north_golf_club_ko?lang=ko
s00000022946001,https://okcaddie.net/course/gifu_seki_country_club_en
s00000022946001,https://okcaddie.net/course/gifu_seki_country_club_en?lang=ko
s00000022946001,https://okcaddie.net/course/gifu_seki_country_club_ko
s00000022946001,https://okcaddie.net/course/gifu_seki_country_club_ko?lang=ko
s00000022946001,https://okcaddie.net/course/golden_valley_golf_club_en
s00000022946001,https://okcaddie.net/course/golden_valley_golf_club_en?lang=ko
s00000022946001,https://okcaddie.net/course/golden_valley_golf_club_ko
s00000022946001,https://okcaddie.net/course/golden_valley_golf_club_ko?lang=ko
s00000022946001,https://okcaddie.net/course/hakone_country_club_en
s00000022946001,https://okcaddie.net/course/hakone_country_club_en?lang=ko
s00000022946001,https://okcaddie.net/course/hakone_country_club_ko
s00000022946001,https://okcaddie.net/course/hakone_country_club_ko?lang=ko
s00000022946001,https://okcaddie.net/course/hanshin_public_golf_en
s00000022946001,https://okcaddie.net/course/hanshin_public_golf_en?lang=ko
s00000022946001,https://okcaddie.net/course/hanshin_public_golf_ko
s00000022946001,https://okcaddie.net/course/hanshin_public_golf_ko?lang=ko
s00000022946001,https://okcaddie.net/course/hiratsuka_fuji_golf_course_en
s00000022946001,https://okcaddie.net/course/hiratsuka_fuji_golf_course_en?lang=ko
s00000022946001,https://okcaddie.net/course/hiratsuka_fuji_golf_course_ko
s00000022946001,https://okcaddie.net/course/hiratsuka_fuji_golf_course_ko?lang=ko
s00000022946001,https://okcaddie.net/course/hirono_golf_club_en
s00000022946001,https://okcaddie.net/course/hirono_golf_club_en?lang=ko
s00000022946001,https://okcaddie.net/course/hirono_golf_club_ko
s00000022946001,https://okcaddie.net/course/hirono_golf_club_ko?lang=ko
s00000022946001,https://okcaddie.net/course/hiroshima_country_club_en
s00000022946001,https://okcaddie.net/course/hiroshima_country_club_en?lang=ko
s00000022946001,https://okcaddie.net/course/hiroshima_country_club_ko
s00000022946001,https://okcaddie.net/course/hiroshima_country_club_ko?lang=ko
s00000022946001,https://okcaddie.net/course/hiroshima_kokusai_golf_en
s00000022946001,https://okcaddie.net/course/hiroshima_kokusai_golf_en?lang=ko
s00000022946001,https://okcaddie.net/course/hiroshima_kokusai_golf_ko
s00000022946001,https://okcaddie.net/course/hiroshima_kokusai_golf_ko?lang=ko
s00000022946001,https://okcaddie.net/course/hokkaido_brooks_golf_en
s00000022946001,https://okcaddie.net/course/hokkaido_brooks_golf_en?lang=ko
s00000022946001,https://okcaddie.net/course/hokkaido_brooks_golf_ko
s00000022946001,https://okcaddie.net/course/hokkaido_brooks_golf_ko?lang=ko
s00000022946001,https://okcaddie.net/course/hokkaido_classic_golf_club_en
s00000022946001,https://okcaddie.net/course/hokkaido_classic_golf_club_en?lang=ko
s00000022946001,https://okcaddie.net/course/hokkaido_classic_golf_club_ko
s00000022946001,https://okcaddie.net/course/hokkaido_classic_golf_club_ko?lang=ko
s00000022946001,https://okcaddie.net/course/ibaraki_golf_club_en
s00000022946001,https://okcaddie.net/course/ibaraki_golf_club_en?lang=ko
s00000022946001,https://okcaddie.net/course/ibaraki_golf_club_ko
s00000022946001,https://okcaddie.net/course/ibaraki_golf_club_ko?lang=ko
s00000022946001,https://okcaddie.net/course/ibusuki_golf_club_en
s00000022946001,https://okcaddie.net/course/ibusuki_golf_club_en?lang=ko
s00000022946001,https://okcaddie.net/course/ibusuki_golf_club_ko
s00000022946001,https://okcaddie.net/course/ibusuki_golf_club_ko?lang=ko
s00000022946001,https://okcaddie.net/course/inuyama_country_club_en
s00000022946001,https://okcaddie.net/course/inuyama_country_club_en?lang=ko
s00000022946001,https://okcaddie.net/course/inuyama_country_club_ko
s00000022946001,https://okcaddie.net/course/inuyama_country_club_ko?lang=ko
s00000022946001,https://okcaddie.net/course/iwate_numakunai_golf_en
s00000022946001,https://okcaddie.net/course/iwate_numakunai_golf_en?lang=ko
s00000022946001,https://okcaddie.net/course/iwate_numakunai_golf_ko
s00000022946001,https://okcaddie.net/course/iwate_numakunai_golf_ko?lang=ko
s00000022946001,https://okcaddie.net/course/izu_ohito_country_club_en
s00000022946001,https://okcaddie.net/course/izu_ohito_country_club_en?lang=ko
s00000022946001,https://okcaddie.net/course/izu_ohito_country_club_ko
s00000022946001,https://okcaddie.net/course/izu_ohito_country_club_ko?lang=ko
s00000022946001,https://okcaddie.net/course/jfe_setonaikai_golf_club_en
s00000022946001,https://okcaddie.net/course/jfe_setonaikai_golf_club_en?lang=ko
s00000022946001,https://okcaddie.net/course/jfe_setonaikai_golf_club_ko
s00000022946001,https://okcaddie.net/course/jfe_setonaikai_golf_club_ko?lang=ko
s00000022946001,https://okcaddie.net/course/jun_classic_country_club_en
s00000022946001,https://okcaddie.net/course/jun_classic_country_club_en?lang=ko
s00000022946001,https://okcaddie.net/course/jun_classic_country_club_ko
s00000022946001,https://okcaddie.net/course/jun_classic_country_club_ko?lang=ko
s00000022946001,https://okcaddie.net/course/kagawa_prefectural_golf_en
s00000022946001,https://okcaddie.net/course/kagawa_prefectural_golf_en?lang=ko
s00000022946001,https://okcaddie.net/course/kagawa_prefectural_golf_ko
s00000022946001,https://okcaddie.net/course/kagawa_prefectural_golf_ko?lang=ko
s00000022946001,https://okcaddie.net/course/kagoshima_airport_36_cc_en
s00000022946001,https://okcaddie.net/course/kagoshima_airport_36_cc_en?lang=ko
s00000022946001,https://okcaddie.net/course/kagoshima_airport_36_cc_ko
s00000022946001,https://okcaddie.net/course/kagoshima_airport_36_cc_ko?lang=ko
s00000022946001,https://okcaddie.net/course/kagoshima_kokusai_golf_en
s00000022946001,https://okcaddie.net/course/kagoshima_kokusai_golf_en?lang=ko
s00000022946001,https://okcaddie.net/course/kagoshima_kokusai_golf_ko
s00000022946001,https://okcaddie.net/course/kagoshima_kokusai_golf_ko?lang=ko
s00000022946001,https://okcaddie.net/course/kagoshima_takachiho_en
s00000022946001,https://okcaddie.net/course/kagoshima_takachiho_en?lang=ko
s00000022946001,https://okcaddie.net/course/kagoshima_takachiho_ko
s00000022946001,https://okcaddie.net/course/kagoshima_takachiho_ko?lang=ko
s00000022946001,https://okcaddie.net/course/kansai_classic_golf_club_en
s00000022946001,https://okcaddie.net/course/kansai_classic_golf_club_en?lang=ko
s00000022946001,https://okcaddie.net/course/kansai_classic_golf_club_ko
s00000022946001,https://okcaddie.net/course/kansai_classic_golf_club_ko?lang=ko
s00000022946001,https://okcaddie.net/course/kansai_golf_club_en
s00000022946001,https://okcaddie.net/course/kansai_golf_club_en?lang=ko
s00000022946001,https://okcaddie.net/course/kansai_golf_club_ko
s00000022946001,https://okcaddie.net/course/kansai_golf_club_ko?lang=ko
s00000022946001,https://okcaddie.net/course/kanucha_golf_course_en
s00000022946001,https://okcaddie.net/course/kanucha_golf_course_en?lang=ko
s00000022946001,https://okcaddie.net/course/kanucha_golf_course_ko
s00000022946001,https://okcaddie.net/course/kanucha_golf_course_ko?lang=ko
s00000022946001,https://okcaddie.net/course/karuizawa_72_golf_east_en
s00000022946001,https://okcaddie.net/course/karuizawa_72_golf_east_en?lang=ko
s00000022946001,https://okcaddie.net/course/karuizawa_72_golf_east_ko
s00000022946001,https://okcaddie.net/course/karuizawa_72_golf_east_ko?lang=ko
s00000022946001,https://okcaddie.net/course/karuizawa_asama_golf_course_en
s00000022946001,https://okcaddie.net/course/karuizawa_asama_golf_course_en?lang=ko
s00000022946001,https://okcaddie.net/course/karuizawa_asama_golf_course_ko
s00000022946001,https://okcaddie.net/course/karuizawa_asama_golf_course_ko?lang=ko
s00000022946001,https://okcaddie.net/course/kasumigaseki_country_club_en
s00000022946001,https://okcaddie.net/course/kasumigaseki_country_club_en?lang=ko
s00000022946001,https://okcaddie.net/course/kasumigaseki_country_club_ko
s00000022946001,https://okcaddie.net/course/kasumigaseki_country_club_ko?lang=ko
s00000022946001,https://okcaddie.net/course/katayamazu_golf_club_en
s00000022946001,https://okcaddie.net/course/katayamazu_golf_club_en?lang=ko
s00000022946001,https://okcaddie.net/course/katayamazu_golf_club_ko
s00000022946001,https://okcaddie.net/course/katayamazu_golf_club_ko?lang=ko
s00000022946001,https://okcaddie.net/course/katsura_golf_club_en
s00000022946001,https://okcaddie.net/course/katsura_golf_club_en?lang=ko
s00000022946001,https://okcaddie.net/course/katsura_golf_club_ko
s00000022946001,https://okcaddie.net/course/katsura_golf_club_ko?lang=ko
s00000022946001,https://okcaddie.net/course/katsuragi_golf_club_en
s00000022946001,https://okcaddie.net/course/katsuragi_golf_club_en?lang=ko
s00000022946001,https://okcaddie.net/course/katsuragi_golf_club_ko
s00000022946001,https://okcaddie.net/course/katsuragi_golf_club_ko?lang=ko
s00000022946001,https://okcaddie.net/course/kawana_hotel_golf_course_fuji_course_en
s00000022946001,https://okcaddie.net/course/kawana_hotel_golf_course_fuji_course_en?lang=ko
s00000022946001,https://okcaddie.net/course/kawana_hotel_golf_course_fuji_course_ko
s00000022946001,https://okcaddie.net/course/kawana_hotel_golf_course_fuji_course_ko?lang=ko
s00000022946001,https://okcaddie.net/course/keya_golf_club_en
s00000022946001,https://okcaddie.net/course/keya_golf_club_en?lang=ko
s00000022946001,https://okcaddie.net/course/keya_golf_club_ko
s00000022946001,https://okcaddie.net/course/keya_golf_club_ko?lang=ko
s00000022946001,https://okcaddie.net/course/kinojo_golf_club_en
s00000022946001,https://okcaddie.net/course/kinojo_golf_club_en?lang=ko
s00000022946001,https://okcaddie.net/course/kinojo_golf_club_ko
s00000022946001,https://okcaddie.net/course/kinojo_golf_club_ko?lang=ko
s00000022946001,https://okcaddie.net/course/kishu_golf_club_en
s00000022946001,https://okcaddie.net/course/kishu_golf_club_en?lang=ko
s00000022946001,https://okcaddie.net/course/kishu_golf_club_ko
s00000022946001,https://okcaddie.net/course/kishu_golf_club_ko?lang=ko
s00000022946001,https://okcaddie.net/course/kobe_grand_hill_en
s00000022946001,https://okcaddie.net/course/kobe_grand_hill_en?lang=ko
s00000022946001,https://okcaddie.net/course/kobe_grand_hill_ko
s00000022946001,https://okcaddie.net/course/kobe_grand_hill_ko?lang=ko
s00000022946001,https://okcaddie.net/course/kochi_golf_club_en
s00000022946001,https://okcaddie.net/course/kochi_golf_club_en?lang=ko
s00000022946001,https://okcaddie.net/course/kochi_golf_club_heights_en
s00000022946001,https://okcaddie.net/course/kochi_golf_club_heights_en?lang=ko
s00000022946001,https://okcaddie.net/course/kochi_golf_club_heights_ko
s00000022946001,https://okcaddie.net/course/kochi_golf_club_heights_ko?lang=ko
s00000022946001,https://okcaddie.net/course/kochi_golf_club_ko
s00000022946001,https://okcaddie.net/course/kochi_golf_club_ko?lang=ko
s00000022946001,https://okcaddie.net/course/kochi_kuroshio_country_club_en
s00000022946001,https://okcaddie.net/course/kochi_kuroshio_country_club_en?lang=ko
s00000022946001,https://okcaddie.net/course/kochi_kuroshio_country_club_ko
s00000022946001,https://okcaddie.net/course/kochi_kuroshio_country_club_ko?lang=ko
s00000022946001,https://okcaddie.net/course/koga_golf_club_en
s00000022946001,https://okcaddie.net/course/koga_golf_club_en?lang=ko
s00000022946001,https://okcaddie.net/course/koga_golf_club_ko
s00000022946001,https://okcaddie.net/course/koga_golf_club_ko?lang=ko
s00000022946001,https://okcaddie.net/course/koganei_golf_club_en
s00000022946001,https://okcaddie.net/course/koganei_golf_club_en?lang=ko
s00000022946001,https://okcaddie.net/course/koganei_golf_club_ko
s00000022946001,https://okcaddie.net/course/koganei_golf_club_ko?lang=ko
s00000022946001,https://okcaddie.net/course/kotohira_golf_club_en
s00000022946001,https://okcaddie.net/course/kotohira_golf_club_en?lang=ko
s00000022946001,https://okcaddie.net/course/kotohira_golf_club_ko
s00000022946001,https://okcaddie.net/course/kotohira_golf_club_ko?lang=ko
s00000022946001,https://okcaddie.net/course/kujyu_kogen_golf_en
s00000022946001,https://okcaddie.net/course/kujyu_kogen_golf_en?lang=ko
s00000022946001,https://okcaddie.net/course/kujyu_kogen_golf_ko
s00000022946001,https://okcaddie.net/course/kujyu_kogen_golf_ko?lang=ko
s00000022946001,https://okcaddie.net/course/kumamoto_airport_country_club_en
s00000022946001,https://okcaddie.net/course/kumamoto_airport_country_club_en?lang=ko
s00000022946001,https://okcaddie.net/course/kumamoto_airport_country_club_ko
s00000022946001,https://okcaddie.net/course/kumamoto_airport_country_club_ko?lang=ko
s00000022946001,https://okcaddie.net/course/kumamoto_castle_golf_en
s00000022946001,https://okcaddie.net/course/kumamoto_castle_golf_en?lang=ko
s00000022946001,https://okcaddie.net/course/kumamoto_castle_golf_ko
s00000022946001,https://okcaddie.net/course/kumamoto_castle_golf_ko?lang=ko
s00000022946001,https://okcaddie.net/course/kumamoto_chuo_golf_en
s00000022946001,https://okcaddie.net/course/kumamoto_chuo_golf_en?lang=ko
s00000022946001,https://okcaddie.net/course/kumamoto_chuo_golf_ko
s00000022946001,https://okcaddie.net/course/kumamoto_chuo_golf_ko?lang=ko
s00000022946001,https://okcaddie.net/course/kushiro_marsh_golf_en
s00000022946001,https://okcaddie.net/course/kushiro_marsh_golf_en?lang=ko
s00000022946001,https://okcaddie.net/course/kushiro_marsh_golf_ko
s00000022946001,https://okcaddie.net/course/kushiro_marsh_golf_ko?lang=ko
s00000022946001,https://okcaddie.net/course/kyoto_golf_club_kamigamo_en
s00000022946001,https://okcaddie.net/course/kyoto_golf_club_kamigamo_en?lang=ko
s00000022946001,https://okcaddie.net/course/kyoto_golf_club_kamigamo_ko
s00000022946001,https://okcaddie.net/course/kyoto_golf_club_kamigamo_ko?lang=ko
s00000022946001,https://okcaddie.net/course/kyoto_ohara_public_en
s00000022946001,https://okcaddie.net/course/kyoto_ohara_public_en?lang=ko
s00000022946001,https://okcaddie.net/course/kyoto_ohara_public_ko
s00000022946001,https://okcaddie.net/course/kyoto_ohara_public_ko?lang=ko
s00000022946001,https://okcaddie.net/course/lake_wood_golf_club_en
s00000022946001,https://okcaddie.net/course/lake_wood_golf_club_en?lang=ko
s00000022946001,https://okcaddie.net/course/lake_wood_golf_club_ko
s00000022946001,https://okcaddie.net/course/lake_wood_golf_club_ko?lang=ko
s00000022946001,https://okcaddie.net/course/matsuyama_golf_club_en
s00000022946001,https://okcaddie.net/course/matsuyama_golf_club_en?lang=ko
s00000022946001,https://okcaddie.net/course/matsuyama_golf_club_ko
s00000022946001,https://okcaddie.net/course/matsuyama_golf_club_ko?lang=ko
s00000022946001,https://okcaddie.net/course/matsuyama_seaside_golf_en
s00000022946001,https://okcaddie.net/course/matsuyama_seaside_golf_en?lang=ko
s00000022946001,https://okcaddie.net/course/matsuyama_seaside_golf_ko
s00000022946001,https://okcaddie.net/course/matsuyama_seaside_golf_ko?lang=ko
s00000022946001,https://okcaddie.net/course/mie_country_club_en
s00000022946001,https://okcaddie.net/course/mie_country_club_en?lang=ko
s00000022946001,https://okcaddie.net/course/mie_country_club_ko
s00000022946001,https://okcaddie.net/course/mie_country_club_ko?lang=ko
s00000022946001,https://okcaddie.net/course/mie_kokusai_golf_club_en
s00000022946001,https://okcaddie.net/course/mie_kokusai_golf_club_en?lang=ko
s00000022946001,https://okcaddie.net/course/mie_kokusai_golf_club_ko
s00000022946001,https://okcaddie.net/course/mie_kokusai_golf_club_ko?lang=ko
s00000022946001,https://okcaddie.net/course/miki_golf_club_en
s00000022946001,https://okcaddie.net/course/miki_golf_club_en?lang=ko
s00000022946001,https://okcaddie.net/course/miki_golf_club_ko
s00000022946001,https://okcaddie.net/course/miki_golf_club_ko?lang=ko
s00000022946001,https://okcaddie.net/course/miyazaki_country_club_en
s00000022946001,https://okcaddie.net/course/miyazaki_country_club_en?lang=ko
s00000022946001,https://okcaddie.net/course/miyazaki_country_club_ko
s00000022946001,https://okcaddie.net/course/miyazaki_country_club_ko?lang=ko
s00000022946001,https://okcaddie.net/course/miyazaki_lakeside_golf_en
s00000022946001,https://okcaddie.net/course/miyazaki_lakeside_golf_en?lang=ko
s00000022946001,https://okcaddie.net/course/miyazaki_lakeside_golf_ko
s00000022946001,https://okcaddie.net/course/miyazaki_lakeside_golf_ko?lang=ko
s00000022946001,https://okcaddie.net/course/miyazaki_tom_watson_night_en
s00000022946001,https://okcaddie.net/course/miyazaki_tom_watson_night_en?lang=ko
s00000022946001,https://okcaddie.net/course/miyazaki_tom_watson_night_ko
s00000022946001,https://okcaddie.net/course/miyazaki_tom_watson_night_ko?lang=ko
s00000022946001,https://okcaddie.net/course/miyoshi_country_club_en
s00000022946001,https://okcaddie.net/course/miyoshi_country_club_en?lang=ko
s00000022946001,https://okcaddie.net/course/miyoshi_country_club_ko
s00000022946001,https://okcaddie.net/course/miyoshi_country_club_ko?lang=ko
s00000022946001,https://okcaddie.net/course/moji_golf_club_en
s00000022946001,https://okcaddie.net/course/moji_golf_club_en?lang=ko
s00000022946001,https://okcaddie.net/course/moji_golf_club_ko
s00000022946001,https://okcaddie.net/course/moji_golf_club_ko?lang=ko
s00000022946001,https://okcaddie.net/course/musashi_country_club_sasai_en
s00000022946001,https://okcaddie.net/course/musashi_country_club_sasai_en?lang=ko
s00000022946001,https://okcaddie.net/course/musashi_country_club_sasai_ko
s00000022946001,https://okcaddie.net/course/musashi_country_club_sasai_ko?lang=ko
s00000022946001,https://okcaddie.net/course/nagano_country_club_en
s00000022946001,https://okcaddie.net/course/nagano_country_club_en?lang=ko
s00000022946001,https://okcaddie.net/course/nagano_country_club_ko
s00000022946001,https://okcaddie.net/course/nagano_country_club_ko?lang=ko
s00000022946001,https://okcaddie.net/course/nagasaki_international_en
s00000022946001,https://okcaddie.net/course/nagasaki_international_en?lang=ko
s00000022946001,https://okcaddie.net/course/nagasaki_international_ko
s00000022946001,https://okcaddie.net/course/nagasaki_international_ko?lang=ko
s00000022946001,https://okcaddie.net/course/nago_bay_golf_course_en
s00000022946001,https://okcaddie.net/course/nago_bay_golf_course_en?lang=ko
s00000022946001,https://okcaddie.net/course/nago_bay_golf_course_ko
s00000022946001,https://okcaddie.net/course/nago_bay_golf_course_ko?lang=ko
s00000022946001,https://okcaddie.net/course/nagoya_green_country_club_en
s00000022946001,https://okcaddie.net/course/nagoya_green_country_club_en?lang=ko
s00000022946001,https://okcaddie.net/course/nagoya_green_country_club_ko
s00000022946001,https://okcaddie.net/course/nagoya_green_country_club_ko?lang=ko
s00000022946001,https://okcaddie.net/course/narita_golf_club_en
s00000022946001,https://okcaddie.net/course/narita_golf_club_en?lang=ko
s00000022946001,https://okcaddie.net/course/narita_golf_club_ko
s00000022946001,https://okcaddie.net/course/narita_golf_club_ko?lang=ko
s00000022946001,https://okcaddie.net/course/naruo_golf_club_en
s00000022946001,https://okcaddie.net/course/naruo_golf_club_en?lang=ko
s00000022946001,https://okcaddie.net/course/naruo_golf_club_ko
s00000022946001,https://okcaddie.net/course/naruo_golf_club_ko?lang=ko
s00000022946001,https://okcaddie.net/course/nasu_golf_club_en
s00000022946001,https://okcaddie.net/course/nasu_golf_club_en?lang=ko
s00000022946001,https://okcaddie.net/course/nasu_golf_club_ko
s00000022946001,https://okcaddie.net/course/nasu_golf_club_ko?lang=ko
s00000022946001,https://okcaddie.net/course/nasu_kogen_golf_club_en
s00000022946001,https://okcaddie.net/course/nasu_kogen_golf_club_en?lang=ko
s00000022946001,https://okcaddie.net/course/nasu_kogen_golf_club_ko
s00000022946001,https://okcaddie.net/course/nasu_kogen_golf_club_ko?lang=ko
s00000022946001,https://okcaddie.net/course/nasu_ogawa_golf_club_en
s00000022946001,https://okcaddie.net/course/nasu_ogawa_golf_club_en?lang=ko
s00000022946001,https://okcaddie.net/course/nasu_ogawa_golf_club_ko
s00000022946001,https://okcaddie.net/course/nasu_ogawa_golf_club_ko?lang=ko
s00000022946001,https://okcaddie.net/course/natsudomari_golf_links_en
s00000022946001,https://okcaddie.net/course/natsudomari_golf_links_en?lang=ko
s00000022946001,https://okcaddie.net/course/natsudomari_golf_links_ko
s00000022946001,https://okcaddie.net/course/natsudomari_golf_links_ko?lang=ko
s00000022946001,https://okcaddie.net/course/nemun_sato_golf_club_en
s00000022946001,https://okcaddie.net/course/nemun_sato_golf_club_en?lang=ko
s00000022946001,https://okcaddie.net/course/nemun_sato_golf_club_ko
s00000022946001,https://okcaddie.net/course/nemun_sato_golf_club_ko?lang=ko
s00000022946001,https://okcaddie.net/course/nidom_classic_course_en
s00000022946001,https://okcaddie.net/course/nidom_classic_course_en?lang=ko
s00000022946001,https://okcaddie.net/course/nidom_classic_course_ko
s00000022946001,https://okcaddie.net/course/nidom_classic_course_ko?lang=ko
s00000022946001,https://okcaddie.net/course/niigata_country_club_en
s00000022946001,https://okcaddie.net/course/niigata_country_club_en?lang=ko
s00000022946001,https://okcaddie.net/course/niigata_country_club_ko
s00000022946001,https://okcaddie.net/course/niigata_country_club_ko?lang=ko
s00000022946001,https://okcaddie.net/course/nikko_country_club_en
s00000022946001,https://okcaddie.net/course/nikko_country_club_en?lang=ko
s00000022946001,https://okcaddie.net/course/nikko_country_club_ko
s00000022946001,https://okcaddie.net/course/nikko_country_club_ko?lang=ko
s00000022946001,https://okcaddie.net/course/nishinasuno_country_club_en
s00000022946001,https://okcaddie.net/course/nishinasuno_country_club_en?lang=ko
s00000022946001,https://okcaddie.net/course/nishinasuno_country_club_ko
s00000022946001,https://okcaddie.net/course/nishinasuno_country_club_ko?lang=ko
s00000022946001,https://okcaddie.net/course/nishinippon_country_club_en
s00000022946001,https://okcaddie.net/course/nishinippon_country_club_en?lang=ko
s00000022946001,https://okcaddie.net/course/nishinippon_country_club_ko
s00000022946001,https://okcaddie.net/course/nishinippon_country_club_ko?lang=ko
s00000022946001,https://okcaddie.net/course/nishinomiya_country_club_en
s00000022946001,https://okcaddie.net/course/nishinomiya_country_club_en?lang=ko
s00000022946001,https://okcaddie.net/course/nishinomiya_country_club_ko
s00000022946001,https://okcaddie.net/course/nishinomiya_country_club_ko?lang=ko
s00000022946001,https://okcaddie.net/course/oak_village_golf_club_en
s00000022946001,https://okcaddie.net/course/oak_village_golf_club_en?lang=ko
s00000022946001,https://okcaddie.net/course/oak_village_golf_club_ko
s00000022946001,https://okcaddie.net/course/oak_village_golf_club_ko?lang=ko
s00000022946001,https://okcaddie.net/course/oarai_golf_club_en
s00000022946001,https://okcaddie.net/course/oarai_golf_club_en?lang=ko
s00000022946001,https://okcaddie.net/course/oarai_golf_club_ko
s00000022946001,https://okcaddie.net/course/oarai_golf_club_ko?lang=ko
s00000022946001,https://okcaddie.net/course/ocean_castle_golf_en
s00000022946001,https://okcaddie.net/course/ocean_castle_golf_en?lang=ko
s00000022946001,https://okcaddie.net/course/ocean_castle_golf_ko
s00000022946001,https://okcaddie.net/course/ocean_castle_golf_ko?lang=ko
s00000022946001,https://okcaddie.net/course/oita_country_club_en
s00000022946001,https://okcaddie.net/course/oita_country_club_en?lang=ko
s00000022946001,https://okcaddie.net/course/oita_country_club_ko
s00000022946001,https://okcaddie.net/course/oita_country_club_ko?lang=ko
s00000022946001,https://okcaddie.net/course/oita_tokyu_golf_en
s00000022946001,https://okcaddie.net/course/oita_tokyu_golf_en?lang=ko
s00000022946001,https://okcaddie.net/course/oita_tokyu_golf_ko
s00000022946001,https://okcaddie.net/course/oita_tokyu_golf_ko?lang=ko
s00000022946001,https://okcaddie.net/course/okayama_country_club_en
s00000022946001,https://okcaddie.net/course/okayama_country_club_en?lang=ko
s00000022946001,https://okcaddie.net/course/okayama_country_club_ko
s00000022946001,https://okcaddie.net/course/okayama_country_club_ko?lang=ko
s00000022946001,https://okcaddie.net/course/okayama_goshuin_golf_club_en
s00000022946001,https://okcaddie.net/course/okayama_goshuin_golf_club_en?lang=ko
s00000022946001,https://okcaddie.net/course/okayama_goshuin_golf_club_ko
s00000022946001,https://okcaddie.net/course/okayama_goshuin_golf_club_ko?lang=ko
s00000022946001,https://okcaddie.net/course/okayama_royal_golf_en
s00000022946001,https://okcaddie.net/course/okayama_royal_golf_en?lang=ko
s00000022946001,https://okcaddie.net/course/okayama_royal_golf_ko
s00000022946001,https://okcaddie.net/course/okayama_royal_golf_ko?lang=ko
s00000022946001,https://okcaddie.net/course/okinawa_country_club_en
s00000022946001,https://okcaddie.net/course/okinawa_country_club_en?lang=ko
s00000022946001,https://okcaddie.net/course/okinawa_country_club_ko
s00000022946001,https://okcaddie.net/course/okinawa_country_club_ko?lang=ko
s00000022946001,https://okcaddie.net/course/osaka_golf_club_en
s00000022946001,https://okcaddie.net/course/osaka_golf_club_en?lang=ko
s00000022946001,https://okcaddie.net/course/osaka_golf_club_ko
s00000022946001,https://okcaddie.net/course/osaka_golf_club_ko?lang=ko
s00000022946001,https://okcaddie.net/course/otaru_golf_club_en
s00000022946001,https://okcaddie.net/course/otaru_golf_club_en?lang=ko
s00000022946001,https://okcaddie.net/course/otaru_golf_club_ko
s00000022946001,https://okcaddie.net/course/otaru_golf_club_ko?lang=ko
s00000022946001,https://okcaddie.net/course/pacific_golf_club_en
s00000022946001,https://okcaddie.net/course/pacific_golf_club_en?lang=ko
s00000022946001,https://okcaddie.net/course/pacific_golf_club_ko
s00000022946001,https://okcaddie.net/course/pacific_golf_club_ko?lang=ko
s00000022946001,https://okcaddie.net/course/palm_hills_golf_resort_en
s00000022946001,https://okcaddie.net/course/palm_hills_golf_resort_en?lang=ko
s00000022946001,https://okcaddie.net/course/palm_hills_golf_resort_ko
s00000022946001,https://okcaddie.net/course/palm_hills_golf_resort_ko?lang=ko
s00000022946001,https://okcaddie.net/course/passage_kinkai_en
s00000022946001,https://okcaddie.net/course/passage_kinkai_en?lang=ko
s00000022946001,https://okcaddie.net/course/passage_kinkai_island_en
s00000022946001,https://okcaddie.net/course/passage_kinkai_island_en?lang=ko
s00000022946001,https://okcaddie.net/course/passage_kinkai_island_ko
s00000022946001,https://okcaddie.net/course/passage_kinkai_island_ko?lang=ko
s00000022946001,https://okcaddie.net/course/passage_kinkai_ko
s00000022946001,https://okcaddie.net/course/passage_kinkai_ko?lang=ko
s00000022946001,https://okcaddie.net/course/pgm_golf_resort_okinawa_en
s00000022946001,https://okcaddie.net/course/pgm_golf_resort_okinawa_en?lang=ko
s00000022946001,https://okcaddie.net/course/pgm_golf_resort_okinawa_ko
s00000022946001,https://okcaddie.net/course/pgm_golf_resort_okinawa_ko?lang=ko
s00000022946001,https://okcaddie.net/course/pgm_ishioka_golf_club_en
s00000022946001,https://okcaddie.net/course/pgm_ishioka_golf_club_en?lang=ko
s00000022946001,https://okcaddie.net/course/pgm_ishioka_golf_club_ko
s00000022946001,https://okcaddie.net/course/pgm_ishioka_golf_club_ko?lang=ko
s00000022946001,https://okcaddie.net/course/phoenix_country_club_en
s00000022946001,https://okcaddie.net/course/phoenix_country_club_en?lang=ko
s00000022946001,https://okcaddie.net/course/phoenix_country_club_ko
s00000022946001,https://okcaddie.net/course/phoenix_country_club_ko?lang=ko
s00000022946001,https://okcaddie.net/course/phoenix_seagaia_resort_en
s00000022946001,https://okcaddie.net/course/phoenix_seagaia_resort_en?lang=ko
s00000022946001,https://okcaddie.net/course/phoenix_seagaia_resort_ko
s00000022946001,https://okcaddie.net/course/phoenix_seagaia_resort_ko?lang=ko
s00000022946001,https://okcaddie.net/course/rokko_kokusai_golf_club_en
s00000022946001,https://okcaddie.net/course/rokko_kokusai_golf_club_en?lang=ko
s00000022946001,https://okcaddie.net/course/rokko_kokusai_golf_club_ko
s00000022946001,https://okcaddie.net/course/rokko_kokusai_golf_club_ko?lang=ko
s00000022946001,https://okcaddie.net/course/rope_club_en
s00000022946001,https://okcaddie.net/course/rope_club_en?lang=ko
s00000022946001,https://okcaddie.net/course/rope_club_ko
s00000022946001,https://okcaddie.net/course/rope_club_ko?lang=ko
s00000022946001,https://okcaddie.net/course/ryugasaki_country_club_en
s00000022946001,https://okcaddie.net/course/ryugasaki_country_club_en?lang=ko
s00000022946001,https://okcaddie.net/course/ryugasaki_country_club_ko
s00000022946001,https://okcaddie.net/course/ryugasaki_country_club_ko?lang=ko
s00000022946001,https://okcaddie.net/course/ryukyu_golf_club_en
s00000022946001,https://okcaddie.net/course/ryukyu_golf_club_en?lang=ko
s00000022946001,https://okcaddie.net/course/ryukyu_golf_club_ko
s00000022946001,https://okcaddie.net/course/ryukyu_golf_club_ko?lang=ko
s00000022946001,https://okcaddie.net/course/saga_classic_golf_club_en
s00000022946001,https://okcaddie.net/course/saga_classic_golf_club_en?lang=ko
s00000022946001,https://okcaddie.net/course/saga_classic_golf_club_ko
s00000022946001,https://okcaddie.net/course/saga_classic_golf_club_ko?lang=ko
s00000022946001,https://okcaddie.net/course/saga_country_club_en
s00000022946001,https://okcaddie.net/course/saga_country_club_en?lang=ko
s00000022946001,https://okcaddie.net/course/saga_country_club_ko
s00000022946001,https://okcaddie.net/course/saga_country_club_ko?lang=ko
s00000022946001,https://okcaddie.net/course/sagamihara_golf_club_en
s00000022946001,https://okcaddie.net/course/sagamihara_golf_club_en?lang=ko
s00000022946001,https://okcaddie.net/course/sagamihara_golf_club_ko
s00000022946001,https://okcaddie.net/course/sagamihara_golf_club_ko?lang=ko
s00000022946001,https://okcaddie.net/course/sample_golf_club_en
s00000022946001,https://okcaddie.net/course/sample_golf_club_en?lang=ko
s00000022946001,https://okcaddie.net/course/sample_golf_club_ko
s00000022946001,https://okcaddie.net/course/sample_golf_club_ko?lang=ko
s00000022946001,https://okcaddie.net/course/sanda_golf_club_en
s00000022946001,https://okcaddie.net/course/sanda_golf_club_en?lang=ko
s00000022946001,https://okcaddie.net/course/sanda_golf_club_ko
s00000022946001,https://okcaddie.net/course/sanda_golf_club_ko?lang=ko
s00000022946001,https://okcaddie.net/course/sapporo_country_club_en
s00000022946001,https://okcaddie.net/course/sapporo_country_club_en?lang=ko
s00000022946001,https://okcaddie.net/course/sapporo_country_club_ko
s00000022946001,https://okcaddie.net/course/sapporo_country_club_ko?lang=ko
s00000022946001,https://okcaddie.net/course/sapporo_golf_club_wattsu_course_en
s00000022946001,https://okcaddie.net/course/sapporo_golf_club_wattsu_course_en?lang=ko
s00000022946001,https://okcaddie.net/course/sapporo_golf_club_wattsu_course_ko
s00000022946001,https://okcaddie.net/course/sapporo_golf_club_wattsu_course_ko?lang=ko
s00000022946001,https://okcaddie.net/course/satsuma_resort_golf_club_en
s00000022946001,https://okcaddie.net/course/satsuma_resort_golf_club_en?lang=ko
s00000022946001,https://okcaddie.net/course/satsuma_resort_golf_club_ko
s00000022946001,https://okcaddie.net/course/satsuma_resort_golf_club_ko?lang=ko
s00000022946001,https://okcaddie.net/course/sayama_golf_club_en
s00000022946001,https://okcaddie.net/course/sayama_golf_club_en?lang=ko
s00000022946001,https://okcaddie.net/course/sayama_golf_club_ko
s00000022946001,https://okcaddie.net/course/sayama_golf_club_ko?lang=ko
s00000022946001,https://okcaddie.net/course/sendai_country_club_en
s00000022946001,https://okcaddie.net/course/sendai_country_club_en?lang=ko
s00000022946001,https://okcaddie.net/course/seta_golf_course_north_en
s00000022946001,https://okcaddie.net/course/seta_golf_course_north_en?lang=ko
s00000022946001,https://okcaddie.net/course/seta_golf_course_north_ko
s00000022946001,https://okcaddie.net/course/seta_golf_course_north_ko?lang=ko
s00000022946001,https://okcaddie.net/course/seto_inland_sea_golf_en
s00000022946001,https://okcaddie.net/course/seto_inland_sea_golf_en?lang=ko
s00000022946001,https://okcaddie.net/course/seto_inland_sea_golf_ko
s00000022946001,https://okcaddie.net/course/seto_inland_sea_golf_ko?lang=ko
s00000022946001,https://okcaddie.net/course/shima_country_club_en
s00000022946001,https://okcaddie.net/course/shima_country_club_en?lang=ko
s00000022946001,https://okcaddie.net/course/shima_country_club_ko
s00000022946001,https://okcaddie.net/course/shima_country_club_ko?lang=ko
s00000022946001,https://okcaddie.net/course/shimonoseki_golf_club_en
s00000022946001,https://okcaddie.net/course/shimonoseki_golf_club_en?lang=ko
s00000022946001,https://okcaddie.net/course/shimonoseki_golf_club_ko
s00000022946001,https://okcaddie.net/course/shimonoseki_golf_club_ko?lang=ko
s00000022946001,https://okcaddie.net/course/shishido_hills_country_club_en
s00000022946001,https://okcaddie.net/course/shishido_hills_country_club_en?lang=ko
s00000022946001,https://okcaddie.net/course/shishido_hills_country_club_ko
s00000022946001,https://okcaddie.net/course/shishido_hills_country_club_ko?lang=ko
s00000022946001,https://okcaddie.net/course/shizukuishi_golf_course_en
s00000022946001,https://okcaddie.net/course/shizukuishi_golf_course_en?lang=ko
s00000022946001,https://okcaddie.net/course/shizukuishi_golf_course_ko
s00000022946001,https://okcaddie.net/course/shizukuishi_golf_course_ko?lang=ko
s00000022946001,https://okcaddie.net/course/sodegaura_country_club_en
s00000022946001,https://okcaddie.net/course/sodegaura_country_club_en?lang=ko
s00000022946001,https://okcaddie.net/course/sodegaura_country_club_ko
s00000022946001,https://okcaddie.net/course/sodegaura_country_club_ko?lang=ko
s00000022946001,https://okcaddie.net/course/southern_links_en
s00000022946001,https://okcaddie.net/course/southern_links_en?lang=ko
s00000022946001,https://okcaddie.net/course/southern_links_golf_club_en
s00000022946001,https://okcaddie.net/course/southern_links_golf_club_en?lang=ko
s00000022946001,https://okcaddie.net/course/southern_links_golf_club_ko
s00000022946001,https://okcaddie.net/course/southern_links_golf_club_ko?lang=ko
s00000022946001,https://okcaddie.net/course/southern_links_ko
s00000022946001,https://okcaddie.net/course/southern_links_ko?lang=ko
s00000022946001,https://okcaddie.net/course/spa_resort_hawaiians_golf_en
s00000022946001,https://okcaddie.net/course/spa_resort_hawaiians_golf_en?lang=ko
s00000022946001,https://okcaddie.net/course/spa_resort_hawaiians_golf_ko
s00000022946001,https://okcaddie.net/course/spa_resort_hawaiians_golf_ko?lang=ko
s00000022946001,https://okcaddie.net/course/suwa_lake_view_golf_club_en
s00000022946001,https://okcaddie.net/course/suwa_lake_view_golf_club_en?lang=ko
s00000022946001,https://okcaddie.net/course/suwa_lake_view_golf_club_ko
s00000022946001,https://okcaddie.net/course/suwa_lake_view_golf_club_ko?lang=ko
s00000022946001,https://okcaddie.net/course/taiheiyo_club_gotemba_course_en
s00000022946001,https://okcaddie.net/course/taiheiyo_club_gotemba_course_en?lang=ko
s00000022946001,https://okcaddie.net/course/taiheiyo_club_gotemba_course_ko
s00000022946001,https://okcaddie.net/course/taiheiyo_club_gotemba_course_ko?lang=ko
s00000022946001,https://okcaddie.net/course/takachiho_country_club_en
s00000022946001,https://okcaddie.net/course/takachiho_country_club_en?lang=ko
s00000022946001,https://okcaddie.net/course/takachiho_country_club_ko
s00000022946001,https://okcaddie.net/course/takachiho_country_club_ko?lang=ko
s00000022946001,https://okcaddie.net/course/takamatsu_country_club_en
s00000022946001,https://okcaddie.net/course/takamatsu_country_club_en?lang=ko
s00000022946001,https://okcaddie.net/course/takamatsu_country_club_ko
s00000022946001,https://okcaddie.net/course/takamatsu_country_club_ko?lang=ko
s00000022946001,https://okcaddie.net/course/takamatsu_gold_country_club_en
s00000022946001,https://okcaddie.net/course/takamatsu_gold_country_club_en?lang=ko
s00000022946001,https://okcaddie.net/course/takamatsu_gold_country_club_ko
s00000022946001,https://okcaddie.net/course/takamatsu_gold_country_club_ko?lang=ko
s00000022946001,https://okcaddie.net/course/takanodai_country_club_en
s00000022946001,https://okcaddie.net/course/takanodai_country_club_en?lang=ko
s00000022946001,https://okcaddie.net/course/takanodai_country_club_ko
s00000022946001,https://okcaddie.net/course/takanodai_country_club_ko?lang=ko
s00000022946001,https://okcaddie.net/course/takarazuka_golf_club_en
s00000022946001,https://okcaddie.net/course/takarazuka_golf_club_en?lang=ko
s00000022946001,https://okcaddie.net/course/takarazuka_golf_club_ko
s00000022946001,https://okcaddie.net/course/takarazuka_golf_club_ko?lang=ko
s00000022946001,https://okcaddie.net/course/tateshina_highland_golf_club_en
s00000022946001,https://okcaddie.net/course/tateshina_highland_golf_club_en?lang=ko
s00000022946001,https://okcaddie.net/course/tateshina_highland_golf_club_ko
s00000022946001,https://okcaddie.net/course/tateshina_highland_golf_club_ko?lang=ko
s00000022946001,https://okcaddie.net/course/the_country_club_japan_en
s00000022946001,https://okcaddie.net/course/the_country_club_japan_en?lang=ko
s00000022946001,https://okcaddie.net/course/the_country_club_japan_ko
s00000022946001,https://okcaddie.net/course/the_country_club_japan_ko?lang=ko
s00000022946001,https://okcaddie.net/course/the_masters_amakusa_course_en
s00000022946001,https://okcaddie.net/course/the_masters_amakusa_course_en?lang=ko
s00000022946001,https://okcaddie.net/course/the_masters_amakusa_course_ko
s00000022946001,https://okcaddie.net/course/the_masters_amakusa_course_ko?lang=ko
s00000022946001,https://okcaddie.net/course/the_north_country_golf_club_en
s00000022946001,https://okcaddie.net/course/the_north_country_golf_club_en?lang=ko
s00000022946001,https://okcaddie.net/course/the_north_country_golf_club_ko
s00000022946001,https://okcaddie.net/course/the_north_country_golf_club_ko?lang=ko
s00000022946001,https://okcaddie.net/course/the_royal_golf_club_en
s00000022946001,https://okcaddie.net/course/the_royal_golf_club_en?lang=ko
s00000022946001,https://okcaddie.net/course/the_royal_golf_club_ko
s00000022946001,https://okcaddie.net/course/the_royal_golf_club_ko?lang=ko
s00000022946001,https://okcaddie.net/course/the_southern_links_resort_en
s00000022946001,https://okcaddie.net/course/the_southern_links_resort_en?lang=ko
s00000022946001,https://okcaddie.net/course/the_southern_links_resort_ko
s00000022946001,https://okcaddie.net/course/the_southern_links_resort_ko?lang=ko
s00000022946001,https://okcaddie.net/course/the_windsor_golf_course_en
s00000022946001,https://okcaddie.net/course/the_windsor_golf_course_en?lang=ko
s00000022946001,https://okcaddie.net/course/the_windsor_golf_course_ko
s00000022946001,https://okcaddie.net/course/the_windsor_golf_course_ko?lang=ko
s00000022946001,https://okcaddie.net/course/toba_country_club_en
s00000022946001,https://okcaddie.net/course/toba_country_club_en?lang=ko
s00000022946001,https://okcaddie.net/course/toba_country_club_ko
s00000022946001,https://okcaddie.net/course/toba_country_club_ko?lang=ko
s00000022946001,https://okcaddie.net/course/tokushima_golf_club_en
s00000022946001,https://okcaddie.net/course/tokushima_golf_club_en?lang=ko
s00000022946001,https://okcaddie.net/course/tokushima_golf_club_ko
s00000022946001,https://okcaddie.net/course/tokushima_golf_club_ko?lang=ko
s00000022946001,https://okcaddie.net/course/tokyo_golf_club_en
s00000022946001,https://okcaddie.net/course/tokyo_golf_club_en?lang=ko
s00000022946001,https://okcaddie.net/course/tokyo_golf_club_ko
s00000022946001,https://okcaddie.net/course/tokyo_golf_club_ko?lang=ko
s00000022946001,https://okcaddie.net/course/tom_watson_golf_course_en
s00000022946001,https://okcaddie.net/course/tom_watson_golf_course_en?lang=ko
s00000022946001,https://okcaddie.net/course/tom_watson_golf_course_ko
s00000022946001,https://okcaddie.net/course/tom_watson_golf_course_ko?lang=ko
s00000022946001,https://okcaddie.net/course/totsuka_country_club_en
s00000022946001,https://okcaddie.net/course/totsuka_country_club_en?lang=ko
s00000022946001,https://okcaddie.net/course/totsuka_country_club_ko
s00000022946001,https://okcaddie.net/course/totsuka_country_club_ko?lang=ko
s00000022946001,https://okcaddie.net/course/towada_highland_golf_club_en
s00000022946001,https://okcaddie.net/course/towada_highland_golf_club_en?lang=ko
s00000022946001,https://okcaddie.net/course/towada_highland_golf_club_ko
s00000022946001,https://okcaddie.net/course/towada_highland_golf_club_ko?lang=ko
s00000022946001,https://okcaddie.net/course/toyama_kokusai_golf_en
s00000022946001,https://okcaddie.net/course/toyama_kokusai_golf_en?lang=ko
s00000022946001,https://okcaddie.net/course/toyama_kokusai_golf_ko
s00000022946001,https://okcaddie.net/course/toyama_kokusai_golf_ko?lang=ko
s00000022946001,https://okcaddie.net/course/ube_72_country_club_en
s00000022946001,https://okcaddie.net/course/ube_72_country_club_en?lang=ko
s00000022946001,https://okcaddie.net/course/ube_72_country_club_ko
s00000022946001,https://okcaddie.net/course/ube_72_country_club_ko?lang=ko
s00000022946001,https://okcaddie.net/course/ueda_sugadaira_kogen_golf_en
s00000022946001,https://okcaddie.net/course/ueda_sugadaira_kogen_golf_en?lang=ko
s00000022946001,https://okcaddie.net/course/ueda_sugadaira_kogen_golf_ko
s00000022946001,https://okcaddie.net/course/ueda_sugadaira_kogen_golf_ko?lang=ko
s00000022946001,https://okcaddie.net/course/wakagi_golf_club_en
s00000022946001,https://okcaddie.net/course/wakagi_golf_club_en?lang=ko
s00000022946001,https://okcaddie.net/course/wakagi_golf_club_ko
s00000022946001,https://okcaddie.net/course/wakagi_golf_club_ko?lang=ko
s00000022946001,https://okcaddie.net/course/wakamatsu_golf_club_en
s00000022946001,https://okcaddie.net/course/wakamatsu_golf_club_en?lang=ko
s00000022946001,https://okcaddie.net/course/wakamatsu_golf_club_ko
s00000022946001,https://okcaddie.net/course/wakamatsu_golf_club_ko?lang=ko
s00000022946001,https://okcaddie.net/course/wakayama_golf_club_en
s00000022946001,https://okcaddie.net/course/wakayama_golf_club_en?lang=ko
s00000022946001,https://okcaddie.net/course/wakayama_golf_club_ko
s00000022946001,https://okcaddie.net/course/wakayama_golf_club_ko?lang=ko
s00000022946001,https://okcaddie.net/course/yokohama_country_club_en
s00000022946001,https://okcaddie.net/course/yokohama_country_club_en?lang=ko
s00000022946001,https://okcaddie.net/course/yokohama_country_club_ko
s00000022946001,https://okcaddie.net/course/yokohama_country_club_ko?lang=ko
s00000022946001,https://okcaddie.net/course/zao_country_club_en
s00000022946001,https://okcaddie.net/course/zao_country_club_en?lang=ko
s00000022946001,https://okcaddie.net/course/zao_country_club_ko
s00000022946001,https://okcaddie.net/course/zao_country_club_ko?lang=ko
s00000022946001,https://okcaddie.net/guide/autumn-leaves-golf_en
s00000022946001,https://okcaddie.net/guide/autumn-leaves-golf_en?lang=ko
s00000022946001,https://okcaddie.net/guide/autumn-leaves-golf_ko
s00000022946001,https://okcaddie.net/guide/autumn-leaves-golf_ko?lang=ko
s00000022946001,https://okcaddie.net/guide/beginner-friendly-courses_en
s00000022946001,https://okcaddie.net/guide/beginner-friendly-courses_en?lang=ko
s00000022946001,https://okcaddie.net/guide/beginner-friendly-courses_ko
s00000022946001,https://okcaddie.net/guide/beginner-friendly-courses_ko?lang=ko
s00000022946001,https://okcaddie.net/guide/best-golf-restaurants_en
s00000022946001,https://okcaddie.net/guide/best-golf-restaurants_en?lang=ko
s00000022946001,https://okcaddie.net/guide/best-golf-restaurants_ko
s00000022946001,https://okcaddie.net/guide/best-golf-restaurants_ko?lang=ko
s00000022946001,https://okcaddie.net/guide/best-winter-golf_en
s00000022946001,https://okcaddie.net/guide/best-winter-golf_en?lang=ko
s00000022946001,https://okcaddie.net/guide/best-winter-golf_ko
s00000022946001,https://okcaddie.net/guide/best-winter-golf_ko?lang=ko
s00000022946001,https://okcaddie.net/guide/booking-tips-japan_en
s00000022946001,https://okcaddie.net/guide/booking-tips-japan_en?lang=ko
s00000022946001,https://okcaddie.net/guide/booking-tips-japan_ko
s00000022946001,https://okcaddie.net/guide/booking-tips-japan_ko?lang=ko
s00000022946001,https://okcaddie.net/guide/caddy-tip-culture_en
s00000022946001,https://okcaddie.net/guide/caddy-tip-culture_en?lang=ko
s00000022946001,https://okcaddie.net/guide/caddy-tip-culture_ko
s00000022946001,https://okcaddie.net/guide/caddy-tip-culture_ko?lang=ko
s00000022946001,https://okcaddie.net/guide/chiba-golf-paradise_en
s00000022946001,https://okcaddie.net/guide/chiba-golf-paradise_en?lang=ko
s00000022946001,https://okcaddie.net/guide/chiba-golf-paradise_ko
s00000022946001,https://okcaddie.net/guide/chiba-golf-paradise_ko?lang=ko
s00000022946001,https://okcaddie.net/guide/dress-code-guide_en
s00000022946001,https://okcaddie.net/guide/dress-code-guide_en?lang=ko
s00000022946001,https://okcaddie.net/guide/dress-code-guide_ko
s00000022946001,https://okcaddie.net/guide/dress-code-guide_ko?lang=ko
s00000022946001,https://okcaddie.net/guide/driving-cart-rules_en
s00000022946001,https://okcaddie.net/guide/driving-cart-rules_en?lang=ko
s00000022946001,https://okcaddie.net/guide/driving-cart-rules_ko
s00000022946001,https://okcaddie.net/guide/driving-cart-rules_ko?lang=ko
s00000022946001,https://okcaddie.net/guide/driving-distance-etiquette_en
s00000022946001,https://okcaddie.net/guide/driving-distance-etiquette_en?lang=ko
s00000022946001,https://okcaddie.net/guide/driving-distance-etiquette_ko
s00000022946001,https://okcaddie.net/guide/driving-distance-etiquette_ko?lang=ko
s00000022946001,https://okcaddie.net/guide/golf-and-shopping-gotemba_en
s00000022946001,https://okcaddie.net/guide/golf-and-shopping-gotemba_en?lang=ko
s00000022946001,https://okcaddie.net/guide/golf-and-shopping-gotemba_ko
s00000022946001,https://okcaddie.net/guide/golf-and-shopping-gotemba_ko?lang=ko
s00000022946001,https://okcaddie.net/guide/golf-etiquette-japan_en
s00000022946001,https://okcaddie.net/guide/golf-etiquette-japan_en?lang=ko
s00000022946001,https://okcaddie.net/guide/golf-etiquette-japan_ko
s00000022946001,https://okcaddie.net/guide/golf-etiquette-japan_ko?lang=ko
s00000022946001,https://okcaddie.net/guide/golf-language-essentials_en
s00000022946001,https://okcaddie.net/guide/golf-language-essentials_en?lang=ko
s00000022946001,https://okcaddie.net/guide/golf-language-essentials_ko
s00000022946001,https://okcaddie.net/guide/golf-language-essentials_ko?lang=ko
s00000022946001,https://okcaddie.net/guide/golf-tax-exemption_en
s00000022946001,https://okcaddie.net/guide/golf-tax-exemption_en?lang=ko
s00000022946001,https://okcaddie.net/guide/golf-tax-exemption_ko
s00000022946001,https://okcaddie.net/guide/golf-tax-exemption_ko?lang=ko
s00000022946001,https://okcaddie.net/guide/golf-trolley-experience_en
s00000022946001,https://okcaddie.net/guide/golf-trolley-experience_en?lang=ko
s00000022946001,https://okcaddie.net/guide/golf-trolley-experience_ko
s00000022946001,https://okcaddie.net/guide/golf-trolley-experience_ko?lang=ko
s00000022946001,https://okcaddie.net/guide/golfing-with-kids_en
s00000022946001,https://okcaddie.net/guide/golfing-with-kids_en?lang=ko
s00000022946001,https://okcaddie.net/guide/golfing-with-kids_ko
s00000022946001,https://okcaddie.net/guide/golfing-with-kids_ko?lang=ko
s00000022946001,https://okcaddie.net/guide/half-time-lunch_en
s00000022946001,https://okcaddie.net/guide/half-time-lunch_en?lang=ko
s00000022946001,https://okcaddie.net/guide/half-time-lunch_ko
s00000022946001,https://okcaddie.net/guide/half-time-lunch_ko?lang=ko
s00000022946001,https://okcaddie.net/guide/high-altitude-golf_en
s00000022946001,https://okcaddie.net/guide/high-altitude-golf_en?lang=ko
s00000022946001,https://okcaddie.net/guide/high-altitude-golf_ko
s00000022946001,https://okcaddie.net/guide/high-altitude-golf_ko?lang=ko
s00000022946001,https://okcaddie.net/guide/hokkaido-summer-golf_en
s00000022946001,https://okcaddie.net/guide/hokkaido-summer-golf_en?lang=ko
s00000022946001,https://okcaddie.net/guide/hokkaido-summer-golf_ko
s00000022946001,https://okcaddie.net/guide/hokkaido-summer-golf_ko?lang=ko
s00000022946001,https://okcaddie.net/guide/hyogo-the-golf-kingdom_en
s00000022946001,https://okcaddie.net/guide/hyogo-the-golf-kingdom_en?lang=ko
s00000022946001,https://okcaddie.net/guide/hyogo-the-golf-kingdom_ko
s00000022946001,https://okcaddie.net/guide/hyogo-the-golf-kingdom_ko?lang=ko
s00000022946001,https://okcaddie.net/guide/ibaraki-hidden-gems_en
s00000022946001,https://okcaddie.net/guide/ibaraki-hidden-gems_en?lang=ko
s00000022946001,https://okcaddie.net/guide/ibaraki-hidden-gems_ko
s00000022946001,https://okcaddie.net/guide/ibaraki-hidden-gems_ko?lang=ko
s00000022946001,https://okcaddie.net/guide/kansai-golf-weekend_en
s00000022946001,https://okcaddie.net/guide/kansai-golf-weekend_en?lang=ko
s00000022946001,https://okcaddie.net/guide/kansai-golf-weekend_ko
s00000022946001,https://okcaddie.net/guide/kansai-golf-weekend_ko?lang=ko
s00000022946001,https://okcaddie.net/guide/kobe-golf-history_en
s00000022946001,https://okcaddie.net/guide/kobe-golf-history_en?lang=ko
s00000022946001,https://okcaddie.net/guide/kobe-golf-history_ko
s00000022946001,https://okcaddie.net/guide/kobe-golf-history_ko?lang=ko
s00000022946001,https://okcaddie.net/guide/korean-friendly-courses_en
s00000022946001,https://okcaddie.net/guide/korean-friendly-courses_en?lang=ko
s00000022946001,https://okcaddie.net/guide/korean-friendly-courses_ko
s00000022946001,https://okcaddie.net/guide/korean-friendly-courses_ko?lang=ko
s00000022946001,https://okcaddie.net/guide/kyushu-golf-circuit_en
s00000022946001,https://okcaddie.net/guide/kyushu-golf-circuit_en?lang=ko
s00000022946001,https://okcaddie.net/guide/kyushu-golf-circuit_ko
s00000022946001,https://okcaddie.net/guide/kyushu-golf-circuit_ko?lang=ko
s00000022946001,https://okcaddie.net/guide/luggage-delivery-service_en
s00000022946001,https://okcaddie.net/guide/luggage-delivery-service_en?lang=ko
s00000022946001,https://okcaddie.net/guide/luggage-delivery-service_ko
s00000022946001,https://okcaddie.net/guide/luggage-delivery-service_ko?lang=ko
s00000022946001,https://okcaddie.net/guide/luxury-golf-experience_en
s00000022946001,https://okcaddie.net/guide/luxury-golf-experience_en?lang=ko
s00000022946001,https://okcaddie.net/guide/luxury-golf-experience_ko
s00000022946001,https://okcaddie.net/guide/luxury-golf-experience_ko?lang=ko
s00000022946001,https://okcaddie.net/guide/miyazaki-pro-tour-courses_en
s00000022946001,https://okcaddie.net/guide/miyazaki-pro-tour-courses_en?lang=ko
s00000022946001,https://okcaddie.net/guide/miyazaki-pro-tour-courses_ko
s00000022946001,https://okcaddie.net/guide/miyazaki-pro-tour-courses_ko?lang=ko
s00000022946001,https://okcaddie.net/guide/mt-fuji-view-golf_en
s00000022946001,https://okcaddie.net/guide/mt-fuji-view-golf_en?lang=ko
s00000022946001,https://okcaddie.net/guide/mt-fuji-view-golf_ko
s00000022946001,https://okcaddie.net/guide/mt-fuji-view-golf_ko?lang=ko
s00000022946001,https://okcaddie.net/guide/narita-airport-golf_en
s00000022946001,https://okcaddie.net/guide/narita-airport-golf_en?lang=ko
s00000022946001,https://okcaddie.net/guide/narita-airport-golf_ko
s00000022946001,https://okcaddie.net/guide/narita-airport-golf_ko?lang=ko
s00000022946001,https://okcaddie.net/guide/night-golf-japan_en
s00000022946001,https://okcaddie.net/guide/night-golf-japan_en?lang=ko
s00000022946001,https://okcaddie.net/guide/night-golf-japan_ko
s00000022946001,https://okcaddie.net/guide/night-golf-japan_ko?lang=ko
s00000022946001,https://okcaddie.net/guide/okinawa-ocean-golf_en
s00000022946001,https://okcaddie.net/guide/okinawa-ocean-golf_en?lang=ko
s00000022946001,https://okcaddie.net/guide/okinawa-ocean-golf_ko
s00000022946001,https://okcaddie.net/guide/okinawa-ocean-golf_ko?lang=ko
s00000022946001,https://okcaddie.net/guide/onsen-after-golf_en
s00000022946001,https://okcaddie.net/guide/onsen-after-golf_en?lang=ko
s00000022946001,https://okcaddie.net/guide/onsen-after-golf_ko
s00000022946001,https://okcaddie.net/guide/onsen-after-golf_ko?lang=ko
s00000022946001,https://okcaddie.net/guide/pga-tour-venues-japan_en
s00000022946001,https://okcaddie.net/guide/pga-tour-venues-japan_en?lang=ko
s00000022946001,https://okcaddie.net/guide/pga-tour-venues-japan_ko
s00000022946001,https://okcaddie.net/guide/pga-tour-venues-japan_ko?lang=ko
s00000022946001,https://okcaddie.net/guide/public-vs-private-access_en
s00000022946001,https://okcaddie.net/guide/public-vs-private-access_en?lang=ko
s00000022946001,https://okcaddie.net/guide/public-vs-private-access_ko
s00000022946001,https://okcaddie.net/guide/public-vs-private-access_ko?lang=ko
s00000022946001,https://okcaddie.net/guide/seasonal-weather-tips_en
s00000022946001,https://okcaddie.net/guide/seasonal-weather-tips_en?lang=ko
s00000022946001,https://okcaddie.net/guide/seasonal-weather-tips_ko
s00000022946001,https://okcaddie.net/guide/seasonal-weather-tips_ko?lang=ko
s00000022946001,https://okcaddie.net/guide/single-golfer-booking_en
s00000022946001,https://okcaddie.net/guide/single-golfer-booking_en?lang=ko
s00000022946001,https://okcaddie.net/guide/single-golfer-booking_ko
s00000022946001,https://okcaddie.net/guide/single-golfer-booking_ko?lang=ko
s00000022946001,https://okcaddie.net/guide/snow-country-golf-onsen_en
s00000022946001,https://okcaddie.net/guide/snow-country-golf-onsen_en?lang=ko
s00000022946001,https://okcaddie.net/guide/snow-country-golf-onsen_ko
s00000022946001,https://okcaddie.net/guide/snow-country-golf-onsen_ko?lang=ko
s00000022946001,https://okcaddie.net/guide/spring-sakura-golf_en
s00000022946001,https://okcaddie.net/guide/spring-sakura-golf_en?lang=ko
s00000022946001,https://okcaddie.net/guide/spring-sakura-golf_ko
s00000022946001,https://okcaddie.net/guide/spring-sakura-golf_ko?lang=ko
s00000022946001,https://okcaddie.net/guide/tokyo-near-golf_en
s00000022946001,https://okcaddie.net/guide/tokyo-near-golf_en?lang=ko
s00000022946001,https://okcaddie.net/guide/tokyo-near-golf_ko
s00000022946001,https://okcaddie.net/guide/tokyo-near-golf_ko?lang=ko
s00000022946001,https://okcaddie.net/guide/two-ball-play-tips_en
s00000022946001,https://okcaddie.net/guide/two-ball-play-tips_en?lang=ko
s00000022946001,https://okcaddie.net/guide/two-ball-play-tips_ko
s00000022946001,https://okcaddie.net/guide/two-ball-play-tips_ko?lang=ko
s00000022946001,https://okcaddie.net/guide/understanding-scorecards_en
s00000022946001,https://okcaddie.net/guide/understanding-scorecards_en?lang=ko
s00000022946001,https://okcaddie.net/guide/understanding-scorecards_ko
s00000022946001,https://okcaddie.net/guide/understanding-scorecards_ko?lang=ko
s00000022946001,https://okcaddie.net/guide/using-gps-navigation_en
s00000022946001,https://okcaddie.net/guide/using-gps-navigation_en?lang=ko
s00000022946001,https://okcaddie.net/guide/using-gps-navigation_ko
s00000022946001,https://okcaddie.net/guide/using-gps-navigation_ko?lang=ko
s00000022946001,https://okcaddie.net/guide/using-locker-rooms_en
s00000022946001,https://okcaddie.net/guide/using-locker-rooms_en?lang=ko
s00000022946001,https://okcaddie.net/guide/using-locker-rooms_ko
s00000022946001,https://okcaddie.net/guide/using-locker-rooms_ko?lang=ko
s00000022946001,https://okcaddie.net/guide/value-for-money-golf_en
s00000022946001,https://okcaddie.net/guide/value-for-money-golf_en?lang=ko
s00000022946001,https://okcaddie.net/guide/value-for-money-golf_ko
s00000022946001,https://okcaddie.net/guide/value-for-money-golf_ko?lang=ko
s00000022946001,https://okcaddie.net/guide/women-friendly-golf_en
s00000022946001,https://okcaddie.net/guide/women-friendly-golf_en?lang=ko
s00000022946001,https://okcaddie.net/guide/women-friendly-golf_ko
s00000022946001,https://okcaddie.net/guide/women-friendly-golf_ko?lang=ko
s00000022946001,https://okonsen.net/guide/beppu_kurokawa_onsen_course_en
s00000022946001,https://okonsen.net/guide/beppu_kurokawa_onsen_course_en?lang=ko
s00000022946001,https://okonsen.net/guide/beppu_kurokawa_onsen_course_ko
s00000022946001,https://okonsen.net/guide/beppu_kurokawa_onsen_course_ko?lang=ko
s00000022946001,https://okonsen.net/guide/budget_onsen_hacks_en
s00000022946001,https://okonsen.net/guide/budget_onsen_hacks_en?lang=ko
s00000022946001,https://okonsen.net/guide/budget_onsen_hacks_ko
s00000022946001,https://okonsen.net/guide/budget_onsen_hacks_ko?lang=ko
s00000022946001,https://okonsen.net/guide/couple_romantic_ryokan_en
s00000022946001,https://okonsen.net/guide/couple_romantic_ryokan_en?lang=ko
s00000022946001,https://okonsen.net/guide/family_friendly_onsens_en
s00000022946001,https://okonsen.net/guide/family_friendly_onsens_en?lang=ko
s00000022946001,https://okonsen.net/guide/family_friendly_onsens_ko
s00000022946001,https://okonsen.net/guide/family_friendly_onsens_ko?lang=ko
s00000022946001,https://okonsen.net/guide/guide_expand_007_en
s00000022946001,https://okonsen.net/guide/guide_expand_007_en?lang=ko
s00000022946001,https://okonsen.net/guide/guide_expand_007_ko
s00000022946001,https://okonsen.net/guide/guide_expand_007_ko?lang=ko
s00000022946001,https://okonsen.net/guide/guide_expand_008_en
s00000022946001,https://okonsen.net/guide/guide_expand_008_en?lang=ko
s00000022946001,https://okonsen.net/guide/guide_expand_008_ko
s00000022946001,https://okonsen.net/guide/guide_expand_008_ko?lang=ko
s00000022946001,https://okonsen.net/guide/guide_expand_009_en
s00000022946001,https://okonsen.net/guide/guide_expand_009_en?lang=ko
s00000022946001,https://okonsen.net/guide/guide_expand_009_ko
s00000022946001,https://okonsen.net/guide/guide_expand_009_ko?lang=ko
s00000022946001,https://okonsen.net/guide/hakone_area_deep_dive_en
s00000022946001,https://okonsen.net/guide/hakone_area_deep_dive_en?lang=ko
s00000022946001,https://okonsen.net/guide/hakone_area_deep_dive_ko
s00000022946001,https://okonsen.net/guide/hakone_area_deep_dive_ko?lang=ko
s00000022946001,https://okonsen.net/guide/hakone_day_trip_guide_en
s00000022946001,https://okonsen.net/guide/hakone_day_trip_guide_en?lang=ko
s00000022946001,https://okonsen.net/guide/hakone_day_trip_guide_ko
s00000022946001,https://okonsen.net/guide/hakone_day_trip_guide_ko?lang=ko
s00000022946001,https://okonsen.net/guide/hakone_onsen_weekend_course_en
s00000022946001,https://okonsen.net/guide/hakone_onsen_weekend_course_en?lang=ko
s00000022946001,https://okonsen.net/guide/hakone_onsen_weekend_course_ko
s00000022946001,https://okonsen.net/guide/hakone_onsen_weekend_course_ko?lang=ko
s00000022946001,https://okonsen.net/guide/history_of_onsen_culture_en
s00000022946001,https://okonsen.net/guide/history_of_onsen_culture_en?lang=ko
s00000022946001,https://okonsen.net/guide/history_of_onsen_culture_ko
s00000022946001,https://okonsen.net/guide/history_of_onsen_culture_ko?lang=ko
s00000022946001,https://okonsen.net/guide/jozankei_sapporo_access_en
s00000022946001,https://okonsen.net/guide/jozankei_sapporo_access_en?lang=ko
s00000022946001,https://okonsen.net/guide/jozankei_sapporo_access_ko
s00000022946001,https://okonsen.net/guide/jozankei_sapporo_access_ko?lang=ko
s00000022946001,https://okonsen.net/guide/kinosaki_kusatsu_onsen_course_en
s00000022946001,https://okonsen.net/guide/kinosaki_kusatsu_onsen_course_en?lang=ko
s00000022946001,https://okonsen.net/guide/kinosaki_kusatsu_onsen_course_ko
s00000022946001,https://okonsen.net/guide/kinosaki_kusatsu_onsen_course_ko?lang=ko
s00000022946001,https://okonsen.net/guide/kurokawa_hidden_gems_en
s00000022946001,https://okonsen.net/guide/kurokawa_hidden_gems_en?lang=ko
s00000022946001,https://okonsen.net/guide/luxury_ryokan_stay_tips_en
s00000022946001,https://okonsen.net/guide/luxury_ryokan_stay_tips_en?lang=ko
s00000022946001,https://okonsen.net/guide/mixed_gender_bathing_konjoku_en
s00000022946001,https://okonsen.net/guide/mixed_gender_bathing_konjoku_en?lang=ko
s00000022946001,https://okonsen.net/guide/mixed_gender_bathing_konjoku_ko
s00000022946001,https://okonsen.net/guide/mixed_gender_bathing_konjoku_ko?lang=ko
s00000022946001,https://okonsen.net/guide/onsen_etiquette_basics_en
s00000022946001,https://okonsen.net/guide/onsen_etiquette_basics_en?lang=ko
s00000022946001,https://okonsen.net/guide/onsen_etiquette_basics_ko
s00000022946001,https://okonsen.net/guide/onsen_etiquette_basics_ko?lang=ko
s00000022946001,https://okonsen.net/guide/onsen_etiquette_guide_en
s00000022946001,https://okonsen.net/guide/onsen_etiquette_guide_en?lang=ko
s00000022946001,https://okonsen.net/guide/onsen_etiquette_guide_ko
s00000022946001,https://okonsen.net/guide/onsen_etiquette_guide_ko?lang=ko
s00000022946001,https://okonsen.net/guide/onsen_medical_benefits_en
s00000022946001,https://okonsen.net/guide/onsen_medical_benefits_en?lang=ko
s00000022946001,https://okonsen.net/guide/onsen_water_types_en
s00000022946001,https://okonsen.net/guide/onsen_water_types_en?lang=ko
s00000022946001,https://okonsen.net/guide/onsen_water_types_ko
s00000022946001,https://okonsen.net/guide/onsen_water_types_ko?lang=ko
s00000022946001,https://okonsen.net/guide/pregnant_onsen_safety_en
s00000022946001,https://okonsen.net/guide/pregnant_onsen_safety_en?lang=ko
s00000022946001,https://okonsen.net/guide/pregnant_onsen_safety_ko
s00000022946001,https://okonsen.net/guide/pregnant_onsen_safety_ko?lang=ko
s00000022946001,https://okonsen.net/guide/private_bath_kashikiri_en
s00000022946001,https://okonsen.net/guide/private_bath_kashikiri_en?lang=ko
s00000022946001,https://okonsen.net/guide/ryokan_kaiseki_dining_en
s00000022946001,https://okonsen.net/guide/ryokan_kaiseki_dining_en?lang=ko
s00000022946001,https://okonsen.net/guide/ryokan_kaiseki_dining_ko
s00000022946001,https://okonsen.net/guide/ryokan_kaiseki_dining_ko?lang=ko
s00000022946001,https://okonsen.net/guide/ryokan_kaiseki_experience_en
s00000022946001,https://okonsen.net/guide/ryokan_kaiseki_experience_en?lang=ko
s00000022946001,https://okonsen.net/guide/ryokan_kaiseki_experience_ko
s00000022946001,https://okonsen.net/guide/ryokan_kaiseki_experience_ko?lang=ko
s00000022946001,https://okonsen.net/guide/solo_travel_onsen_en
s00000022946001,https://okonsen.net/guide/solo_travel_onsen_en?lang=ko
s00000022946001,https://okonsen.net/guide/solo_travel_onsen_ko
s00000022946001,https://okonsen.net/guide/solo_travel_onsen_ko?lang=ko
s00000022946001,https://okonsen.net/guide/tattoo_friendly_master_list_en
s00000022946001,https://okonsen.net/guide/tattoo_friendly_master_list_en?lang=ko
s00000022946001,https://okonsen.net/guide/tattoo_friendly_master_list_ko
s00000022946001,https://okonsen.net/guide/tattoo_friendly_master_list_ko?lang=ko
s00000022946001,https://okonsen.net/guide/tattoo_friendly_onsen_list_en
s00000022946001,https://okonsen.net/guide/tattoo_friendly_onsen_list_en?lang=ko
s00000022946001,https://okonsen.net/guide/tattoo_friendly_onsen_list_ko
s00000022946001,https://okonsen.net/guide/tattoo_friendly_onsen_list_ko?lang=ko
s00000022946001,https://okonsen.net/onsen/amane_resort_seikai_en
s00000022946001,https://okonsen.net/onsen/amane_resort_seikai_en?lang=ko
s00000022946001,https://okonsen.net/onsen/arima_onsen_arima_grand_hotel_en
s00000022946001,https://okonsen.net/onsen/arima_onsen_arima_grand_hotel_en?lang=ko
s00000022946001,https://okonsen.net/onsen/arima_onsen_arima_grand_hotel_ko
s00000022946001,https://okonsen.net/onsen/arima_onsen_arima_grand_hotel_ko?lang=ko
s00000022946001,https://okonsen.net/onsen/arima_onsen_tosen_goshobo_en
s00000022946001,https://okonsen.net/onsen/arima_onsen_tosen_goshobo_en?lang=ko
s00000022946001,https://okonsen.net/onsen/arima_onsen_tosen_goshobo_ko
s00000022946001,https://okonsen.net/onsen/arima_onsen_tosen_goshobo_ko?lang=ko
s00000022946001,https://okonsen.net/onsen/beppu_daiiti_hotel_en
s00000022946001,https://okonsen.net/onsen/beppu_daiiti_hotel_en?lang=ko
s00000022946001,https://okonsen.net/onsen/beppu_showaen_en
s00000022946001,https://okonsen.net/onsen/beppu_showaen_en?lang=ko
s00000022946001,https://okonsen.net/onsen/ginzan_onsen_fujiya_en
s00000022946001,https://okonsen.net/onsen/ginzan_onsen_fujiya_en?lang=ko
s00000022946001,https://okonsen.net/onsen/ginzan_onsen_fujiya_ko
s00000022946001,https://okonsen.net/onsen/ginzan_onsen_fujiya_ko?lang=ko
s00000022946001,https://okonsen.net/onsen/ginzan_onsen_ginzanso_en
s00000022946001,https://okonsen.net/onsen/ginzan_onsen_ginzanso_en?lang=ko
s00000022946001,https://okonsen.net/onsen/ginzan_onsen_ginzanso_ko
s00000022946001,https://okonsen.net/onsen/ginzan_onsen_ginzanso_ko?lang=ko
s00000022946001,https://okonsen.net/onsen/ginzan_onsen_izu_no_hana_en
s00000022946001,https://okonsen.net/onsen/ginzan_onsen_izu_no_hana_en?lang=ko
s00000022946001,https://okonsen.net/onsen/ginzan_onsen_izu_no_hana_ko
s00000022946001,https://okonsen.net/onsen/ginzan_onsen_izu_no_hana_ko?lang=ko
s00000022946001,https://okonsen.net/onsen/ginzan_onsen_kosekiya_bekkan_en
s00000022946001,https://okonsen.net/onsen/ginzan_onsen_kosekiya_bekkan_en?lang=ko
s00000022946001,https://okonsen.net/onsen/ginzan_onsen_kosekiya_bekkan_ko
s00000022946001,https://okonsen.net/onsen/ginzan_onsen_kosekiya_bekkan_ko?lang=ko
s00000022946001,https://okonsen.net/onsen/ginzan_onsen_kozankaku_en
s00000022946001,https://okonsen.net/onsen/ginzan_onsen_kozankaku_en?lang=ko
s00000022946001,https://okonsen.net/onsen/ginzan_onsen_kozankaku_ko
s00000022946001,https://okonsen.net/onsen/ginzan_onsen_kozankaku_ko?lang=ko
s00000022946001,https://okonsen.net/onsen/ginzan_onsen_notoya_ryokan_en
s00000022946001,https://okonsen.net/onsen/ginzan_onsen_notoya_ryokan_en?lang=ko
s00000022946001,https://okonsen.net/onsen/ginzan_onsen_notoya_ryokan_ko
s00000022946001,https://okonsen.net/onsen/ginzan_onsen_notoya_ryokan_ko?lang=ko
s00000022946001,https://okonsen.net/onsen/ginzan_onsen_senninkan_en
s00000022946001,https://okonsen.net/onsen/ginzan_onsen_senninkan_en?lang=ko
s00000022946001,https://okonsen.net/onsen/ginzan_onsen_showakan_en
s00000022946001,https://okonsen.net/onsen/ginzan_onsen_showakan_en?lang=ko
s00000022946001,https://okonsen.net/onsen/ginzan_onsen_takimikan_en
s00000022946001,https://okonsen.net/onsen/ginzan_onsen_takimikan_en?lang=ko
s00000022946001,https://okonsen.net/onsen/ginzan_onsen_takimikan_ko
s00000022946001,https://okonsen.net/onsen/ginzan_onsen_takimikan_ko?lang=ko
s00000022946001,https://okonsen.net/onsen/ginzan_onsen_yanadaya_en
s00000022946001,https://okonsen.net/onsen/ginzan_onsen_yanadaya_en?lang=ko
s00000022946001,https://okonsen.net/onsen/ginzan_onsen_yanadaya_ko
s00000022946001,https://okonsen.net/onsen/ginzan_onsen_yanadaya_ko?lang=ko
s00000022946001,https://okonsen.net/onsen/hakone_gora_kadan_en
s00000022946001,https://okonsen.net/onsen/hakone_gora_kadan_en?lang=ko
s00000022946001,https://okonsen.net/onsen/hakone_gora_kadan_ko
s00000022946001,https://okonsen.net/onsen/hakone_gora_kadan_ko?lang=ko
s00000022946001,https://okonsen.net/onsen/hakone_pax_yoshino_en
s00000022946001,https://okonsen.net/onsen/hakone_pax_yoshino_en?lang=ko
s00000022946001,https://okonsen.net/onsen/hakone_pax_yoshino_ko
s00000022946001,https://okonsen.net/onsen/hakone_pax_yoshino_ko?lang=ko
s00000022946001,https://okonsen.net/onsen/hakone_suimeisou_ko
s00000022946001,https://okonsen.net/onsen/hakone_suimeisou_ko?lang=ko
s00000022946001,https://okonsen.net/onsen/hotel_indigo_hakone_gora_en
s00000022946001,https://okonsen.net/onsen/hotel_indigo_hakone_gora_en?lang=ko
s00000022946001,https://okonsen.net/onsen/jozankei_onsen_chalet_ivy_jozankei_en
s00000022946001,https://okonsen.net/onsen/jozankei_onsen_chalet_ivy_jozankei_en?lang=ko
s00000022946001,https://okonsen.net/onsen/jozankei_onsen_hatago_sakura_en
s00000022946001,https://okonsen.net/onsen/jozankei_onsen_hatago_sakura_en?lang=ko
s00000022946001,https://okonsen.net/onsen/jozankei_onsen_kasho_gyoen_en
s00000022946001,https://okonsen.net/onsen/jozankei_onsen_kasho_gyoen_en?lang=ko
s00000022946001,https://okonsen.net/onsen/jozankei_onsen_koyotei_en
s00000022946001,https://okonsen.net/onsen/jozankei_onsen_koyotei_en?lang=ko
s00000022946001,https://okonsen.net/onsen/jozankei_onsen_mori_no_uta_en
s00000022946001,https://okonsen.net/onsen/jozankei_onsen_mori_no_uta_en?lang=ko
s00000022946001,https://okonsen.net/onsen/jozankei_onsen_mori_no_uta_ko
s00000022946001,https://okonsen.net/onsen/jozankei_onsen_mori_no_uta_ko?lang=ko
s00000022946001,https://okonsen.net/onsen/kinosaki_onsen_mikuniya_en
s00000022946001,https://okonsen.net/onsen/kinosaki_onsen_mikuniya_en?lang=ko
s00000022946001,https://okonsen.net/onsen/kinosaki_onsen_shinmatsuya_en
s00000022946001,https://okonsen.net/onsen/kinosaki_onsen_shinmatsuya_en?lang=ko
s00000022946001,https://okonsen.net/onsen/kinosaki_onsen_shinmatsuya_ko
s00000022946001,https://okonsen.net/onsen/kinosaki_onsen_shinmatsuya_ko?lang=ko
s00000022946001,https://okonsen.net/onsen/kinosaki_onsen_tajimaya_en
s00000022946001,https://okonsen.net/onsen/kinosaki_onsen_tajimaya_en?lang=ko
s00000022946001,https://okonsen.net/onsen/kinosaki_onsen_tokiwa_en
s00000022946001,https://okonsen.net/onsen/kinosaki_onsen_tokiwa_en?lang=ko
s00000022946001,https://okonsen.net/onsen/kinosaki_onsen_tokiwa_ko
s00000022946001,https://okonsen.net/onsen/kinosaki_onsen_tokiwa_ko?lang=ko
s00000022946001,https://okonsen.net/onsen/kinosaki_onsen_tsubakino_ryokan_en
s00000022946001,https://okonsen.net/onsen/kinosaki_onsen_tsubakino_ryokan_en?lang=ko
s00000022946001,https://okonsen.net/onsen/kurokawa_onsen_fujiya_en
s00000022946001,https://okonsen.net/onsen/kurokawa_onsen_fujiya_en?lang=ko
s00000022946001,https://okonsen.net/onsen/kurokawa_onsen_gosho_gekkoju_en
s00000022946001,https://okonsen.net/onsen/kurokawa_onsen_gosho_gekkoju_en?lang=ko
s00000022946001,https://okonsen.net/onsen/kurokawa_onsen_hozantei_en
s00000022946001,https://okonsen.net/onsen/kurokawa_onsen_hozantei_en?lang=ko
s00000022946001,https://okonsen.net/onsen/kurokawa_onsen_ikoi_ryokan_en
s00000022946001,https://okonsen.net/onsen/kurokawa_onsen_ikoi_ryokan_en?lang=ko
s00000022946001,https://okonsen.net/onsen/kurokawa_onsen_ikoi_ryokan_ko
s00000022946001,https://okonsen.net/onsen/kurokawa_onsen_ikoi_ryokan_ko?lang=ko
s00000022946001,https://okonsen.net/onsen/kurokawa_onsen_nanjoen_en
s00000022946001,https://okonsen.net/onsen/kurokawa_onsen_nanjoen_en?lang=ko
s00000022946001,https://okonsen.net/onsen/kurokawa_onsen_noshiyu_en
s00000022946001,https://okonsen.net/onsen/kurokawa_onsen_noshiyu_en?lang=ko
s00000022946001,https://okonsen.net/onsen/kurokawa_onsen_noshiyu_ko
s00000022946001,https://okonsen.net/onsen/kurokawa_onsen_noshiyu_ko?lang=ko
s00000022946001,https://okonsen.net/onsen/kurokawa_onsen_oku_no_yu_en
s00000022946001,https://okonsen.net/onsen/kurokawa_onsen_oku_no_yu_en?lang=ko
s00000022946001,https://okonsen.net/onsen/kurokawa_onsen_oku_no_yu_ko
s00000022946001,https://okonsen.net/onsen/kurokawa_onsen_oku_no_yu_ko?lang=ko
s00000022946001,https://okonsen.net/onsen/kurokawa_onsen_okyakuya_en
s00000022946001,https://okonsen.net/onsen/kurokawa_onsen_okyakuya_en?lang=ko
s00000022946001,https://okonsen.net/onsen/kurokawa_onsen_okyakuya_ko
s00000022946001,https://okonsen.net/onsen/kurokawa_onsen_okyakuya_ko?lang=ko
s00000022946001,https://okonsen.net/onsen/kurokawa_onsen_ryokan_sanga_en
s00000022946001,https://okonsen.net/onsen/kurokawa_onsen_ryokan_sanga_en?lang=ko
s00000022946001,https://okonsen.net/onsen/kurokawa_onsen_ryokan_sanga_ko
s00000022946001,https://okonsen.net/onsen/kurokawa_onsen_ryokan_sanga_ko?lang=ko
s00000022946001,https://okonsen.net/onsen/kurokawa_onsen_yamamizuki_en
s00000022946001,https://okonsen.net/onsen/kurokawa_onsen_yamamizuki_en?lang=ko
s00000022946001,https://okonsen.net/onsen/kurokawa_onsen_yamamizuki_ko
s00000022946001,https://okonsen.net/onsen/kurokawa_onsen_yamamizuki_ko?lang=ko
s00000022946001,https://okonsen.net/onsen/kurokawa_onsen_yumerindo_en
s00000022946001,https://okonsen.net/onsen/kurokawa_onsen_yumerindo_en?lang=ko
s00000022946001,https://okonsen.net/onsen/kurokawa_onsen_yumerindo_ko
s00000022946001,https://okonsen.net/onsen/kurokawa_onsen_yumerindo_ko?lang=ko
s00000022946001,https://okonsen.net/onsen/kusatsu_onsen_daitokan_ko
s00000022946001,https://okonsen.net/onsen/kusatsu_onsen_daitokan_ko?lang=ko
s00000022946001,https://okonsen.net/onsen/kusatsu_onsen_hotel_sakurai_ko
s00000022946001,https://okonsen.net/onsen/kusatsu_onsen_hotel_sakurai_ko?lang=ko
s00000022946001,https://okonsen.net/onsen/kusatsu_onsen_hotel_village_en
s00000022946001,https://okonsen.net/onsen/kusatsu_onsen_hotel_village_en?lang=ko
s00000022946001,https://okonsen.net/onsen/kusatsu_onsen_konoha_ko
s00000022946001,https://okonsen.net/onsen/kusatsu_onsen_konoha_ko?lang=ko
s00000022946001,https://okonsen.net/onsen/kusatsu_onsen_ryokan_yoshinoya_en
s00000022946001,https://okonsen.net/onsen/kusatsu_onsen_ryokan_yoshinoya_en?lang=ko
s00000022946001,https://okonsen.net/onsen/kusatsu_onsen_tokinoniwa_en
s00000022946001,https://okonsen.net/onsen/kusatsu_onsen_tokinoniwa_en?lang=ko
s00000022946001,https://okonsen.net/onsen/matsuzakaya_honten_en
s00000022946001,https://okonsen.net/onsen/matsuzakaya_honten_en?lang=ko
s00000022946001,https://okonsen.net/onsen/matsuzakaya_honten_ko
s00000022946001,https://okonsen.net/onsen/matsuzakaya_honten_ko?lang=ko
s00000022946001,https://okonsen.net/onsen/nyuto_onsen_ganiba_en
s00000022946001,https://okonsen.net/onsen/nyuto_onsen_ganiba_en?lang=ko
s00000022946001,https://okonsen.net/onsen/nyuto_onsen_kuroyu_en
s00000022946001,https://okonsen.net/onsen/nyuto_onsen_kuroyu_en?lang=ko
s00000022946001,https://okonsen.net/onsen/nyuto_onsen_magoroku_en
s00000022946001,https://okonsen.net/onsen/nyuto_onsen_magoroku_en?lang=ko
s00000022946001,https://okonsen.net/onsen/nyuto_onsen_tae-no-yu_en
s00000022946001,https://okonsen.net/onsen/nyuto_onsen_tae-no-yu_en?lang=ko
s00000022946001,https://okonsen.net/onsen/nyuto_onsen_tae-no-yu_ko
s00000022946001,https://okonsen.net/onsen/nyuto_onsen_tae-no-yu_ko?lang=ko
s00000022946001,https://okonsen.net/onsen/nyuto_onsen_tsurunoyu_en
s00000022946001,https://okonsen.net/onsen/nyuto_onsen_tsurunoyu_en?lang=ko
s00000022946001,https://okonsen.net/onsen/nyuto_onsen_tsurunoyu_ko
s00000022946001,https://okonsen.net/onsen/nyuto_onsen_tsurunoyu_ko?lang=ko
s00000022946001,https://okonsen.net/onsen/takaragawa_onsen_ousenkaku_en
s00000022946001,https://okonsen.net/onsen/takaragawa_onsen_ousenkaku_en?lang=ko
s00000022946001,https://okonsen.net/onsen/takaragawa_onsen_ousenkaku_ko
s00000022946001,https://okonsen.net/onsen/takaragawa_onsen_ousenkaku_ko?lang=ko
s00000022946001,https://okonsen.net/onsen/the_prince_hakone_lake_ashinoko_en
s00000022946001,https://okonsen.net/onsen/the_prince_hakone_lake_ashinoko_en?lang=ko
s00000022946001,https://okonsen.net/onsen/yubatake_souan_en
s00000022946001,https://okonsen.net/onsen/yubatake_souan_en?lang=ko
s00000022946001,https://okonsen.net/onsen/yufuin_baien_ko
s00000022946001,https://okonsen.net/onsen/yufuin_baien_ko?lang=ko
s00000022946001,https://okonsen.net/onsen/yufuin_bettei_itsuki_en
s00000022946001,https://okonsen.net/onsen/yufuin_bettei_itsuki_en?lang=ko
s00000022946001,https://okonsen.net/onsen/yufuin_bettei_itsuki_ko
s00000022946001,https://okonsen.net/onsen/yufuin_bettei_itsuki_ko?lang=ko
s00000022946001,https://okonsen.net/onsen/yufuin_hotel_shumeikan_en
s00000022946001,https://okonsen.net/onsen/yufuin_hotel_shumeikan_en?lang=ko
s00000022946001,https://okonsen.net/onsen/yufuin_onsen_yufuin-so_en
s00000022946001,https://okonsen.net/onsen/yufuin_onsen_yufuin-so_en?lang=ko
s00000022946001,https://okonsen.net/onsen/yufuin_onsen_yufuin-so_ko
s00000022946001,https://okonsen.net/onsen/yufuin_onsen_yufuin-so_ko?lang=ko
s00000022946001,https://okonsen.net/onsen/yufuin_ryokan_seikoen_en
s00000022946001,https://okonsen.net/onsen/yufuin_ryokan_seikoen_en?lang=ko
s00000022946001,https://okonsen.net/onsen/yufuin_ryokan_seikoen_ko
s00000022946001,https://okonsen.net/onsen/yufuin_ryokan_seikoen_ko?lang=ko
s00000022946001,https://okonsen.net/onsen/yufuin_sansou_waremokou_ko
s00000022946001,https://okonsen.net/onsen/yufuin_sansou_waremokou_ko?lang=ko
s00000022946001,https://okramen.net/guide/Michelin_ramen_tokyo_en
s00000022946001,https://okramen.net/guide/Michelin_ramen_tokyo_en?lang=ko
s00000022946001,https://okramen.net/guide/Michelin_ramen_tokyo_ko
s00000022946001,https://okramen.net/guide/Michelin_ramen_tokyo_ko?lang=ko
s00000022946001,https://okramen.net/guide/abura_soba_guide_en
s00000022946001,https://okramen.net/guide/abura_soba_guide_en?lang=ko
s00000022946001,https://okramen.net/guide/abura_soba_guide_ko
s00000022946001,https://okramen.net/guide/abura_soba_guide_ko?lang=ko
s00000022946001,https://okramen.net/guide/asahikawa_oily_layer_en
s00000022946001,https://okramen.net/guide/asahikawa_oily_layer_en?lang=ko
s00000022946001,https://okramen.net/guide/asahikawa_oily_layer_ko
s00000022946001,https://okramen.net/guide/asahikawa_oily_layer_ko?lang=ko
s00000022946001,https://okramen.net/guide/best-instant-ramen-japan_en
s00000022946001,https://okramen.net/guide/best-instant-ramen-japan_en?lang=ko
s00000022946001,https://okramen.net/guide/best-instant-ramen-japan_ko
s00000022946001,https://okramen.net/guide/best-instant-ramen-japan_ko?lang=ko
s00000022946001,https://okramen.net/guide/chashu_styles_en
s00000022946001,https://okramen.net/guide/chashu_styles_en?lang=ko
s00000022946001,https://okramen.net/guide/chashu_styles_ko
s00000022946001,https://okramen.net/guide/chashu_styles_ko?lang=ko
s00000022946001,https://okramen.net/guide/cold_ramen_summer_en
s00000022946001,https://okramen.net/guide/cold_ramen_summer_en?lang=ko
s00000022946001,https://okramen.net/guide/cold_ramen_summer_ko
s00000022946001,https://okramen.net/guide/cold_ramen_summer_ko?lang=ko
s00000022946001,https://okramen.net/guide/essential_toppings_en
s00000022946001,https://okramen.net/guide/essential_toppings_en?lang=ko
s00000022946001,https://okramen.net/guide/essential_toppings_ko
s00000022946001,https://okramen.net/guide/essential_toppings_ko?lang=ko
s00000022946001,https://okramen.net/guide/guide_expand_001_en
s00000022946001,https://okramen.net/guide/guide_expand_001_en?lang=ko
s00000022946001,https://okramen.net/guide/guide_expand_001_ko
s00000022946001,https://okramen.net/guide/guide_expand_001_ko?lang=ko
s00000022946001,https://okramen.net/guide/guide_expand_003_en
s00000022946001,https://okramen.net/guide/guide_expand_003_en?lang=ko
s00000022946001,https://okramen.net/guide/guide_expand_003_ko
s00000022946001,https://okramen.net/guide/guide_expand_003_ko?lang=ko
s00000022946001,https://okramen.net/guide/guide_expand_004_en
s00000022946001,https://okramen.net/guide/guide_expand_004_en?lang=ko
s00000022946001,https://okramen.net/guide/guide_expand_004_ko
s00000022946001,https://okramen.net/guide/guide_expand_004_ko?lang=ko
s00000022946001,https://okramen.net/guide/guide_expand_005_en
s00000022946001,https://okramen.net/guide/guide_expand_005_en?lang=ko
s00000022946001,https://okramen.net/guide/guide_expand_005_ko
s00000022946001,https://okramen.net/guide/guide_expand_005_ko?lang=ko
s00000022946001,https://okramen.net/guide/guide_expand_006_en
s00000022946001,https://okramen.net/guide/guide_expand_006_en?lang=ko
s00000022946001,https://okramen.net/guide/guide_expand_006_ko
s00000022946001,https://okramen.net/guide/guide_expand_006_ko?lang=ko
s00000022946001,https://okramen.net/guide/guide_expand_007_en
s00000022946001,https://okramen.net/guide/guide_expand_007_en?lang=ko
s00000022946001,https://okramen.net/guide/guide_expand_007_ko
s00000022946001,https://okramen.net/guide/guide_expand_007_ko?lang=ko
s00000022946001,https://okramen.net/guide/guide_expand_008_en
s00000022946001,https://okramen.net/guide/guide_expand_008_en?lang=ko
s00000022946001,https://okramen.net/guide/guide_expand_008_ko
s00000022946001,https://okramen.net/guide/guide_expand_008_ko?lang=ko
s00000022946001,https://okramen.net/guide/guide_expand_009_en
s00000022946001,https://okramen.net/guide/guide_expand_009_en?lang=ko
s00000022946001,https://okramen.net/guide/guide_expand_009_ko
s00000022946001,https://okramen.net/guide/guide_expand_009_ko?lang=ko
s00000022946001,https://okramen.net/guide/guide_seed_001_en
s00000022946001,https://okramen.net/guide/guide_seed_001_en?lang=ko
s00000022946001,https://okramen.net/guide/guide_seed_001_ko
s00000022946001,https://okramen.net/guide/guide_seed_001_ko?lang=ko
s00000022946001,https://okramen.net/guide/guide_seed_003_en
s00000022946001,https://okramen.net/guide/guide_seed_003_en?lang=ko
s00000022946001,https://okramen.net/guide/guide_seed_003_ko
s00000022946001,https://okramen.net/guide/guide_seed_003_ko?lang=ko
s00000022946001,https://okramen.net/guide/hakata_thin_noodles_en
s00000022946001,https://okramen.net/guide/hakata_thin_noodles_en?lang=ko
s00000022946001,https://okramen.net/guide/hakata_thin_noodles_ko
s00000022946001,https://okramen.net/guide/hakata_thin_noodles_ko?lang=ko
s00000022946001,https://okramen.net/guide/hakodate_clear_shio_en
s00000022946001,https://okramen.net/guide/hakodate_clear_shio_en?lang=ko
s00000022946001,https://okramen.net/guide/hakodate_clear_shio_ko
s00000022946001,https://okramen.net/guide/hakodate_clear_shio_ko?lang=ko
s00000022946001,https://okramen.net/guide/halal-gluten-free-ramen_en
s00000022946001,https://okramen.net/guide/halal-gluten-free-ramen_en?lang=ko
s00000022946001,https://okramen.net/guide/halal-gluten-free-ramen_ko
s00000022946001,https://okramen.net/guide/halal-gluten-free-ramen_ko?lang=ko
s00000022946001,https://okramen.net/guide/healthy_ramen_tips_en
s00000022946001,https://okramen.net/guide/healthy_ramen_tips_en?lang=ko
s00000022946001,https://okramen.net/guide/healthy_ramen_tips_ko
s00000022946001,https://okramen.net/guide/healthy_ramen_tips_ko?lang=ko
s00000022946001,https://okramen.net/guide/history_of_ramen_en
s00000022946001,https://okramen.net/guide/history_of_ramen_en?lang=ko
s00000022946001,https://okramen.net/guide/history_of_ramen_ko
s00000022946001,https://okramen.net/guide/history_of_ramen_ko?lang=ko
s00000022946001,https://okramen.net/guide/hokkaido_miso_ramen_course_en
s00000022946001,https://okramen.net/guide/hokkaido_miso_ramen_course_en?lang=ko
s00000022946001,https://okramen.net/guide/hokkaido_miso_ramen_course_ko
s00000022946001,https://okramen.net/guide/hokkaido_miso_ramen_course_ko?lang=ko
s00000022946001,https://okramen.net/guide/how_to_order_en
s00000022946001,https://okramen.net/guide/how_to_order_en?lang=ko
s00000022946001,https://okramen.net/guide/how_to_order_ko
s00000022946001,https://okramen.net/guide/how_to_order_ko?lang=ko
s00000022946001,https://okramen.net/guide/instant_vs_shop_en
s00000022946001,https://okramen.net/guide/instant_vs_shop_en?lang=ko
s00000022946001,https://okramen.net/guide/instant_vs_shop_ko
s00000022946001,https://okramen.net/guide/instant_vs_shop_ko?lang=ko
s00000022946001,https://okramen.net/guide/jiro-style-customization-guide_en
s00000022946001,https://okramen.net/guide/jiro-style-customization-guide_en?lang=ko
s00000022946001,https://okramen.net/guide/jiro-style-customization-guide_ko
s00000022946001,https://okramen.net/guide/jiro-style-customization-guide_ko?lang=ko
s00000022946001,https://okramen.net/guide/kyoto_ramen_culture_en
s00000022946001,https://okramen.net/guide/kyoto_ramen_culture_en?lang=ko
s00000022946001,https://okramen.net/guide/kyoto_ramen_culture_ko
s00000022946001,https://okramen.net/guide/kyoto_ramen_culture_ko?lang=ko
s00000022946001,https://okramen.net/guide/late_night_culture_en
s00000022946001,https://okramen.net/guide/late_night_culture_en?lang=ko
s00000022946001,https://okramen.net/guide/late_night_culture_ko
s00000022946001,https://okramen.net/guide/late_night_culture_ko?lang=ko
s00000022946001,https://okramen.net/guide/mazesoba_trend_en
s00000022946001,https://okramen.net/guide/mazesoba_trend_en?lang=ko
s00000022946001,https://okramen.net/guide/mazesoba_trend_ko
s00000022946001,https://okramen.net/guide/mazesoba_trend_ko?lang=ko
s00000022946001,https://okramen.net/guide/miso_deep_dive_en
s00000022946001,https://okramen.net/guide/miso_deep_dive_en?lang=ko
s00000022946001,https://okramen.net/guide/miso_deep_dive_ko
s00000022946001,https://okramen.net/guide/miso_deep_dive_ko?lang=ko
s00000022946001,https://okramen.net/guide/nagasaki_champon_vs_ramen_en
s00000022946001,https://okramen.net/guide/nagasaki_champon_vs_ramen_en?lang=ko
s00000022946001,https://okramen.net/guide/nagasaki_champon_vs_ramen_ko
s00000022946001,https://okramen.net/guide/nagasaki_champon_vs_ramen_ko?lang=ko
s00000022946001,https://okramen.net/guide/osaka_kyoto_ramen_weekend_en
s00000022946001,https://okramen.net/guide/osaka_kyoto_ramen_weekend_en?lang=ko
s00000022946001,https://okramen.net/guide/osaka_kyoto_ramen_weekend_ko
s00000022946001,https://okramen.net/guide/osaka_kyoto_ramen_weekend_ko?lang=ko
s00000022946001,https://okramen.net/guide/ramen-queue-waiting-systems_en
s00000022946001,https://okramen.net/guide/ramen-queue-waiting-systems_en?lang=ko
s00000022946001,https://okramen.net/guide/ramen-queue-waiting-systems_ko
s00000022946001,https://okramen.net/guide/ramen-queue-waiting-systems_ko?lang=ko
s00000022946001,https://okramen.net/guide/ramen_after_drinking_en
s00000022946001,https://okramen.net/guide/ramen_after_drinking_en?lang=ko
s00000022946001,https://okramen.net/guide/ramen_after_drinking_ko
s00000022946001,https://okramen.net/guide/ramen_after_drinking_ko?lang=ko
s00000022946001,https://okramen.net/guide/ramen_and_drink_en
s00000022946001,https://okramen.net/guide/ramen_and_drink_en?lang=ko
s00000022946001,https://okramen.net/guide/ramen_and_drink_ko
s00000022946001,https://okramen.net/guide/ramen_and_drink_ko?lang=ko
s00000022946001,https://okramen.net/guide/ramen_and_green_tea_en
s00000022946001,https://okramen.net/guide/ramen_and_green_tea_en?lang=ko
s00000022946001,https://okramen.net/guide/ramen_and_green_tea_ko
s00000022946001,https://okramen.net/guide/ramen_and_green_tea_ko?lang=ko
s00000022946001,https://okramen.net/guide/ramen_and_ramyeon_difference_en
s00000022946001,https://okramen.net/guide/ramen_and_ramyeon_difference_en?lang=ko
s00000022946001,https://okramen.net/guide/ramen_and_ramyeon_difference_ko
s00000022946001,https://okramen.net/guide/ramen_and_ramyeon_difference_ko?lang=ko
s00000022946001,https://okramen.net/guide/ramen_and_rice_sets_en
s00000022946001,https://okramen.net/guide/ramen_and_rice_sets_en?lang=ko
s00000022946001,https://okramen.net/guide/ramen_and_rice_sets_ko
s00000022946001,https://okramen.net/guide/ramen_and_rice_sets_ko?lang=ko
s00000022946001,https://okramen.net/guide/ramen_and_sake_tasting_en
s00000022946001,https://okramen.net/guide/ramen_and_sake_tasting_en?lang=ko
s00000022946001,https://okramen.net/guide/ramen_and_sake_tasting_ko
s00000022946001,https://okramen.net/guide/ramen_and_sake_tasting_ko?lang=ko
s00000022946001,https://okramen.net/guide/ramen_and_umami_science_en
s00000022946001,https://okramen.net/guide/ramen_and_umami_science_en?lang=ko
s00000022946001,https://okramen.net/guide/ramen_and_umami_science_ko
s00000022946001,https://okramen.net/guide/ramen_and_umami_science_ko?lang=ko
s00000022946001,https://okramen.net/guide/ramen_art_photography_en
s00000022946001,https://okramen.net/guide/ramen_art_photography_en?lang=ko
s00000022946001,https://okramen.net/guide/ramen_art_photography_ko
s00000022946001,https://okramen.net/guide/ramen_art_photography_ko?lang=ko
s00000022946001,https://okramen.net/guide/ramen_broth_concentration_en
s00000022946001,https://okramen.net/guide/ramen_broth_concentration_en?lang=ko
s00000022946001,https://okramen.net/guide/ramen_broth_concentration_ko
s00000022946001,https://okramen.net/guide/ramen_broth_concentration_ko?lang=ko
s00000022946001,https://okramen.net/guide/ramen_chain_vs_independent_en
s00000022946001,https://okramen.net/guide/ramen_chain_vs_independent_en?lang=ko
s00000022946001,https://okramen.net/guide/ramen_chain_vs_independent_ko
s00000022946001,https://okramen.net/guide/ramen_chain_vs_independent_ko?lang=ko
s00000022946001,https://okramen.net/guide/ramen_chef_training_en
s00000022946001,https://okramen.net/guide/ramen_chef_training_en?lang=ko
s00000022946001,https://okramen.net/guide/ramen_chef_training_ko
s00000022946001,https://okramen.net/guide/ramen_chef_training_ko?lang=ko
s00000022946001,https://okramen.net/guide/ramen_etiquette_en
s00000022946001,https://okramen.net/guide/ramen_etiquette_en?lang=ko
s00000022946001,https://okramen.net/guide/ramen_etiquette_ko
s00000022946001,https://okramen.net/guide/ramen_etiquette_ko?lang=ko
s00000022946001,https://okramen.net/guide/ramen_for_athletes_en
s00000022946001,https://okramen.net/guide/ramen_for_athletes_en?lang=ko
s00000022946001,https://okramen.net/guide/ramen_for_athletes_ko
s00000022946001,https://okramen.net/guide/ramen_for_athletes_ko?lang=ko
s00000022946001,https://okramen.net/guide/ramen_for_breakfast_en
s00000022946001,https://okramen.net/guide/ramen_for_breakfast_en?lang=ko
s00000022946001,https://okramen.net/guide/ramen_for_breakfast_ko
s00000022946001,https://okramen.net/guide/ramen_for_breakfast_ko?lang=ko
s00000022946001,https://okramen.net/guide/ramen_jargon_en
s00000022946001,https://okramen.net/guide/ramen_jargon_en?lang=ko
s00000022946001,https://okramen.net/guide/ramen_jargon_ko
s00000022946001,https://okramen.net/guide/ramen_jargon_ko?lang=ko
s00000022946001,https://okramen.net/guide/ramen_noodle_disposal_manners_en
s00000022946001,https://okramen.net/guide/ramen_noodle_disposal_manners_en?lang=ko
s00000022946001,https://okramen.net/guide/ramen_noodle_disposal_manners_ko
s00000022946001,https://okramen.net/guide/ramen_noodle_disposal_manners_ko?lang=ko
s00000022946001,https://okramen.net/guide/ramen_noodle_firmness_en
s00000022946001,https://okramen.net/guide/ramen_noodle_firmness_en?lang=ko
s00000022946001,https://okramen.net/guide/ramen_noodle_firmness_ko
s00000022946001,https://okramen.net/guide/ramen_noodle_firmness_ko?lang=ko
s00000022946001,https://okramen.net/guide/ramen_noodle_length_en
s00000022946001,https://okramen.net/guide/ramen_noodle_length_en?lang=ko
s00000022946001,https://okramen.net/guide/ramen_noodle_length_ko
s00000022946001,https://okramen.net/guide/ramen_noodle_length_ko?lang=ko
s00000022946001,https://okramen.net/guide/ramen_noodle_science_en
s00000022946001,https://okramen.net/guide/ramen_noodle_science_en?lang=ko
s00000022946001,https://okramen.net/guide/ramen_noodle_science_ko
s00000022946001,https://okramen.net/guide/ramen_noodle_science_ko?lang=ko
s00000022946001,https://okramen.net/guide/ramen_noodle_yellow_color_en
s00000022946001,https://okramen.net/guide/ramen_noodle_yellow_color_en?lang=ko
s00000022946001,https://okramen.net/guide/ramen_noodle_yellow_color_ko
s00000022946001,https://okramen.net/guide/ramen_noodle_yellow_color_ko?lang=ko
s00000022946001,https://okramen.net/guide/ramen_prices_en
s00000022946001,https://okramen.net/guide/ramen_prices_en?lang=ko
s00000022946001,https://okramen.net/guide/ramen_prices_ko
s00000022946001,https://okramen.net/guide/ramen_prices_ko?lang=ko
s00000022946001,https://okramen.net/guide/ramen_ranking_sites_en
s00000022946001,https://okramen.net/guide/ramen_ranking_sites_en?lang=ko
s00000022946001,https://okramen.net/guide/ramen_ranking_sites_ko
s00000022946001,https://okramen.net/guide/ramen_ranking_sites_ko?lang=ko
s00000022946001,https://okramen.net/guide/ramen_shop_interior_styles_en
s00000022946001,https://okramen.net/guide/ramen_shop_interior_styles_en?lang=ko
s00000022946001,https://okramen.net/guide/ramen_shop_interior_styles_ko
s00000022946001,https://okramen.net/guide/ramen_shop_interior_styles_ko?lang=ko
s00000022946001,https://okramen.net/guide/ramen_shop_opening_hours_en
s00000022946001,https://okramen.net/guide/ramen_shop_opening_hours_en?lang=ko
s00000022946001,https://okramen.net/guide/ramen_shop_opening_hours_ko
s00000022946001,https://okramen.net/guide/ramen_shop_opening_hours_ko?lang=ko
s00000022946001,https://okramen.net/guide/ramen_soup_drinking_debate_en
s00000022946001,https://okramen.net/guide/ramen_soup_drinking_debate_en?lang=ko
s00000022946001,https://okramen.net/guide/ramen_soup_drinking_debate_ko
s00000022946001,https://okramen.net/guide/ramen_soup_drinking_debate_ko?lang=ko
s00000022946001,https://okramen.net/guide/ramen_souvenir_en
s00000022946001,https://okramen.net/guide/ramen_souvenir_en?lang=ko
s00000022946001,https://okramen.net/guide/ramen_souvenir_ko
s00000022946001,https://okramen.net/guide/ramen_souvenir_ko?lang=ko
s00000022946001,https://okramen.net/guide/ramen_spoons_and_utensils_en
s00000022946001,https://okramen.net/guide/ramen_spoons_and_utensils_en?lang=ko
s00000022946001,https://okramen.net/guide/ramen_spoons_and_utensils_ko
s00000022946001,https://okramen.net/guide/ramen_spoons_and_utensils_ko?lang=ko
s00000022946001,https://okramen.net/guide/ramen_toppings_en
s00000022946001,https://okramen.net/guide/ramen_toppings_en?lang=ko
s00000022946001,https://okramen.net/guide/ramen_toppings_ko
s00000022946001,https://okramen.net/guide/ramen_toppings_ko?lang=ko
s00000022946001,https://okramen.net/guide/ramen_vending_machine_culture_en
s00000022946001,https://okramen.net/guide/ramen_vending_machine_culture_en?lang=ko
s00000022946001,https://okramen.net/guide/ramen_vending_machine_culture_ko
s00000022946001,https://okramen.net/guide/ramen_vending_machine_culture_ko?lang=ko
s00000022946001,https://okramen.net/guide/ramen_vending_machine_restaurants_en
s00000022946001,https://okramen.net/guide/ramen_vending_machine_restaurants_en?lang=ko
s00000022946001,https://okramen.net/guide/ramen_vending_machine_restaurants_ko
s00000022946001,https://okramen.net/guide/ramen_vending_machine_restaurants_ko?lang=ko
s00000022946001,https://okramen.net/guide/ramen_water_quality_en
s00000022946001,https://okramen.net/guide/ramen_water_quality_en?lang=ko
s00000022946001,https://okramen.net/guide/ramen_water_quality_ko
s00000022946001,https://okramen.net/guide/ramen_water_quality_ko?lang=ko
s00000022946001,https://okramen.net/guide/regional_best_5_en
s00000022946001,https://okramen.net/guide/regional_best_5_en?lang=ko
s00000022946001,https://okramen.net/guide/regional_best_5_ko
s00000022946001,https://okramen.net/guide/regional_best_5_ko?lang=ko
s00000022946001,https://okramen.net/guide/regional_ramen_en
s00000022946001,https://okramen.net/guide/regional_ramen_en?lang=ko
s00000022946001,https://okramen.net/guide/regional_ramen_ko
s00000022946001,https://okramen.net/guide/regional_ramen_ko?lang=ko
s00000022946001,https://okramen.net/guide/sapporo_miso_legend_en
s00000022946001,https://okramen.net/guide/sapporo_miso_legend_en?lang=ko
s00000022946001,https://okramen.net/guide/sapporo_miso_legend_ko
s00000022946001,https://okramen.net/guide/sapporo_miso_legend_ko?lang=ko
s00000022946001,https://okramen.net/guide/seasonal_ramen_en
s00000022946001,https://okramen.net/guide/seasonal_ramen_en?lang=ko
s00000022946001,https://okramen.net/guide/seasonal_ramen_ko
s00000022946001,https://okramen.net/guide/seasonal_ramen_ko?lang=ko
s00000022946001,https://okramen.net/guide/shio_refinement_en
s00000022946001,https://okramen.net/guide/shio_refinement_en?lang=ko
s00000022946001,https://okramen.net/guide/shio_refinement_ko
s00000022946001,https://okramen.net/guide/shio_refinement_ko?lang=ko
s00000022946001,https://okramen.net/guide/shoyu_origins_en
s00000022946001,https://okramen.net/guide/shoyu_origins_en?lang=ko
s00000022946001,https://okramen.net/guide/shoyu_origins_ko
s00000022946001,https://okramen.net/guide/shoyu_origins_ko?lang=ko
s00000022946001,https://okramen.net/guide/solo_traveler_ramen_en
s00000022946001,https://okramen.net/guide/solo_traveler_ramen_en?lang=ko
s00000022946001,https://okramen.net/guide/solo_traveler_ramen_ko
s00000022946001,https://okramen.net/guide/solo_traveler_ramen_ko?lang=ko
s00000022946001,https://okramen.net/guide/tokushima_raw_egg_en
s00000022946001,https://okramen.net/guide/tokushima_raw_egg_en?lang=ko
s00000022946001,https://okramen.net/guide/tokushima_raw_egg_ko
s00000022946001,https://okramen.net/guide/tokushima_raw_egg_ko?lang=ko
s00000022946001,https://okramen.net/guide/tokyo_ramen_day_course_en
s00000022946001,https://okramen.net/guide/tokyo_ramen_day_course_en?lang=ko
s00000022946001,https://okramen.net/guide/tokyo_ramen_day_course_ko
s00000022946001,https://okramen.net/guide/tokyo_ramen_day_course_ko?lang=ko
s00000022946001,https://okramen.net/guide/tokyo_ramen_street_en
s00000022946001,https://okramen.net/guide/tokyo_ramen_street_en?lang=ko
s00000022946001,https://okramen.net/guide/tokyo_ramen_street_ko
s00000022946001,https://okramen.net/guide/tokyo_ramen_street_ko?lang=ko
s00000022946001,https://okramen.net/guide/tonkotsu_intensity_en
s00000022946001,https://okramen.net/guide/tonkotsu_intensity_en?lang=ko
s00000022946001,https://okramen.net/guide/tonkotsu_intensity_ko
s00000022946001,https://okramen.net/guide/tonkotsu_intensity_ko?lang=ko
s00000022946001,https://okramen.net/guide/top_5_convenience_store_ramen_en
s00000022946001,https://okramen.net/guide/top_5_convenience_store_ramen_en?lang=ko
s00000022946001,https://okramen.net/guide/top_5_convenience_store_ramen_ko
s00000022946001,https://okramen.net/guide/top_5_convenience_store_ramen_ko?lang=ko
s00000022946001,https://okramen.net/guide/tori_paitan_craze_en
s00000022946001,https://okramen.net/guide/tori_paitan_craze_en?lang=ko
s00000022946001,https://okramen.net/guide/tori_paitan_craze_ko
s00000022946001,https://okramen.net/guide/tori_paitan_craze_ko?lang=ko
s00000022946001,https://okramen.net/guide/tsukemen_art_en
s00000022946001,https://okramen.net/guide/tsukemen_art_en?lang=ko
s00000022946001,https://okramen.net/guide/tsukemen_art_ko
s00000022946001,https://okramen.net/guide/tsukemen_art_ko?lang=ko
s00000022946001,https://okramen.net/guide/types_of_ramen_en
s00000022946001,https://okramen.net/guide/types_of_ramen_en?lang=ko
s00000022946001,https://okramen.net/guide/types_of_ramen_ko
s00000022946001,https://okramen.net/guide/types_of_ramen_ko?lang=ko
s00000022946001,https://okramen.net/guide/vegan_ramen_japan_en
s00000022946001,https://okramen.net/guide/vegan_ramen_japan_en?lang=ko
s00000022946001,https://okramen.net/guide/vegan_ramen_japan_ko
s00000022946001,https://okramen.net/guide/vegan_ramen_japan_ko?lang=ko
s00000022946001,https://okramen.net/guide/yokohama_iekei_en
s00000022946001,https://okramen.net/guide/yokohama_iekei_en?lang=ko
s00000022946001,https://okramen.net/guide/yokohama_iekei_ko
s00000022946001,https://okramen.net/guide/yokohama_iekei_ko?lang=ko
s00000022946001,https://okramen.net/guide/yokohama_sanmamen_en
s00000022946001,https://okramen.net/guide/yokohama_sanmamen_en?lang=ko
s00000022946001,https://okramen.net/guide/yokohama_sanmamen_ko
s00000022946001,https://okramen.net/guide/yokohama_sanmamen_ko?lang=ko
s00000022946001,https://okramen.net/ramen/afuri_harajuku_en
s00000022946001,https://okramen.net/ramen/afuri_harajuku_en?lang=ko
s00000022946001,https://okramen.net/ramen/afuri_harajuku_ko
s00000022946001,https://okramen.net/ramen/afuri_harajuku_ko?lang=ko
s00000022946001,https://okramen.net/ramen/afuri_roppongi_en
s00000022946001,https://okramen.net/ramen/afuri_roppongi_en?lang=ko
s00000022946001,https://okramen.net/ramen/afuri_roppongi_ko
s00000022946001,https://okramen.net/ramen/afuri_roppongi_ko?lang=ko
s00000022946001,https://okramen.net/ramen/ago-dashi_shoyu_ramen_takahashi_shinjuku_en
s00000022946001,https://okramen.net/ramen/ago-dashi_shoyu_ramen_takahashi_shinjuku_en?lang=ko
s00000022946001,https://okramen.net/ramen/ago-dashi_shoyu_ramen_takahashi_shinjuku_ko
s00000022946001,https://okramen.net/ramen/ago-dashi_shoyu_ramen_takahashi_shinjuku_ko?lang=ko
s00000022946001,https://okramen.net/ramen/aji_no_sanpei_en
s00000022946001,https://okramen.net/ramen/aji_no_sanpei_en?lang=ko
s00000022946001,https://okramen.net/ramen/aji_no_sanpei_ko
s00000022946001,https://okramen.net/ramen/aji_no_sanpei_ko?lang=ko
s00000022946001,https://okramen.net/ramen/asahikawa_ramen_aoba_en
s00000022946001,https://okramen.net/ramen/asahikawa_ramen_aoba_en?lang=ko
s00000022946001,https://okramen.net/ramen/asahikawa_ramen_aoba_ko
s00000022946001,https://okramen.net/ramen/asahikawa_ramen_aoba_ko?lang=ko
s00000022946001,https://okramen.net/ramen/bankara_ramen_en
s00000022946001,https://okramen.net/ramen/bankara_ramen_en?lang=ko
s00000022946001,https://okramen.net/ramen/bankara_ramen_ko
s00000022946001,https://okramen.net/ramen/bankara_ramen_ko?lang=ko
s00000022946001,https://okramen.net/ramen/butayama_en
s00000022946001,https://okramen.net/ramen/butayama_en?lang=ko
s00000022946001,https://okramen.net/ramen/butayama_ko
s00000022946001,https://okramen.net/ramen/butayama_ko?lang=ko
s00000022946001,https://okramen.net/ramen/chuka_soba_ginza_hachigou_en
s00000022946001,https://okramen.net/ramen/chuka_soba_ginza_hachigou_en?lang=ko
s00000022946001,https://okramen.net/ramen/chuka_soba_ginza_hachigou_ko
s00000022946001,https://okramen.net/ramen/chuka_soba_ginza_hachigou_ko?lang=ko
s00000022946001,https://okramen.net/ramen/chuka_soba_tomita_en
s00000022946001,https://okramen.net/ramen/chuka_soba_tomita_en?lang=ko
s00000022946001,https://okramen.net/ramen/chuka_soba_tomita_ko
s00000022946001,https://okramen.net/ramen/chuka_soba_tomita_ko?lang=ko
s00000022946001,https://okramen.net/ramen/ebisoba_ichigen_en
s00000022946001,https://okramen.net/ramen/ebisoba_ichigen_en?lang=ko
s00000022946001,https://okramen.net/ramen/ebisoba_ichigen_ko
s00000022946001,https://okramen.net/ramen/ebisoba_ichigen_ko?lang=ko
s00000022946001,https://okramen.net/ramen/ebisoba_ichigen_shinjuku_en
s00000022946001,https://okramen.net/ramen/ebisoba_ichigen_shinjuku_en?lang=ko
s00000022946001,https://okramen.net/ramen/ebisoba_ichigen_shinjuku_ko
s00000022946001,https://okramen.net/ramen/ebisoba_ichigen_shinjuku_ko?lang=ko
s00000022946001,https://okramen.net/ramen/enishi_kyoto_en
s00000022946001,https://okramen.net/ramen/enishi_kyoto_en?lang=ko
s00000022946001,https://okramen.net/ramen/enishi_kyoto_ko
s00000022946001,https://okramen.net/ramen/enishi_kyoto_ko?lang=ko
s00000022946001,https://okramen.net/ramen/fuunji_shinjuku_en
s00000022946001,https://okramen.net/ramen/fuunji_shinjuku_en?lang=ko
s00000022946001,https://okramen.net/ramen/fuunji_shinjuku_ko
s00000022946001,https://okramen.net/ramen/fuunji_shinjuku_ko?lang=ko
s00000022946001,https://okramen.net/ramen/ganso_nagahamaya_en
s00000022946001,https://okramen.net/ramen/ganso_nagahamaya_en?lang=ko
s00000022946001,https://okramen.net/ramen/ganso_nagahamaya_ko
s00000022946001,https://okramen.net/ramen/ganso_nagahamaya_ko?lang=ko
s00000022946001,https://okramen.net/ramen/ganso_ramen_nagahama-ya_en
s00000022946001,https://okramen.net/ramen/ganso_ramen_nagahama-ya_en?lang=ko
s00000022946001,https://okramen.net/ramen/ganso_ramen_nagahama-ya_ko
s00000022946001,https://okramen.net/ramen/ganso_ramen_nagahama-ya_ko?lang=ko
s00000022946001,https://okramen.net/ramen/ganso_sapporo_ramen_yokocho_en
s00000022946001,https://okramen.net/ramen/ganso_sapporo_ramen_yokocho_en?lang=ko
s00000022946001,https://okramen.net/ramen/ganso_sapporo_ramen_yokocho_ko
s00000022946001,https://okramen.net/ramen/ganso_sapporo_ramen_yokocho_ko?lang=ko
s00000022946001,https://okramen.net/ramen/ginza_kagari_en
s00000022946001,https://okramen.net/ramen/ginza_kagari_en?lang=ko
s00000022946001,https://okramen.net/ramen/ginza_kagari_ko
s00000022946001,https://okramen.net/ramen/ginza_kagari_ko?lang=ko
s00000022946001,https://okramen.net/ramen/goryo_ramen_en
s00000022946001,https://okramen.net/ramen/goryo_ramen_en?lang=ko
s00000022946001,https://okramen.net/ramen/goryo_ramen_ko
s00000022946001,https://okramen.net/ramen/goryo_ramen_ko?lang=ko
s00000022946001,https://okramen.net/ramen/hakata_daruma_en
s00000022946001,https://okramen.net/ramen/hakata_daruma_en?lang=ko
s00000022946001,https://okramen.net/ramen/hakata_daruma_ko
s00000022946001,https://okramen.net/ramen/hakata_daruma_ko?lang=ko
s00000022946001,https://okramen.net/ramen/hakata_ikkousha_en
s00000022946001,https://okramen.net/ramen/hakata_ikkousha_en?lang=ko
s00000022946001,https://okramen.net/ramen/hakata_ikkousha_ko
s00000022946001,https://okramen.net/ramen/hakata_ikkousha_ko?lang=ko
s00000022946001,https://okramen.net/ramen/hakata_isshou_en
s00000022946001,https://okramen.net/ramen/hakata_isshou_en?lang=ko
s00000022946001,https://okramen.net/ramen/hakata_isshou_ko
s00000022946001,https://okramen.net/ramen/hakata_isshou_ko?lang=ko
s00000022946001,https://okramen.net/ramen/hakata_shinshin_tenjin_en
s00000022946001,https://okramen.net/ramen/hakata_shinshin_tenjin_en?lang=ko
s00000022946001,https://okramen.net/ramen/hakata_shinshin_tenjin_ko
s00000022946001,https://okramen.net/ramen/hakata_shinshin_tenjin_ko?lang=ko
s00000022946001,https://okramen.net/ramen/hakodate_ramen_ajisai_en
s00000022946001,https://okramen.net/ramen/hakodate_ramen_ajisai_en?lang=ko
s00000022946001,https://okramen.net/ramen/hakodate_ramen_ajisai_ko
s00000022946001,https://okramen.net/ramen/hakodate_ramen_ajisai_ko?lang=ko
s00000022946001,https://okramen.net/ramen/halal_ramen_honolu_ebisu_en
s00000022946001,https://okramen.net/ramen/halal_ramen_honolu_ebisu_en?lang=ko
s00000022946001,https://okramen.net/ramen/halal_ramen_honolu_ebisu_ko
s00000022946001,https://okramen.net/ramen/halal_ramen_honolu_ebisu_ko?lang=ko
s00000022946001,https://okramen.net/ramen/hanamaruken_en
s00000022946001,https://okramen.net/ramen/hanamaruken_en?lang=ko
s00000022946001,https://okramen.net/ramen/hanamaruken_ko
s00000022946001,https://okramen.net/ramen/hanamaruken_ko?lang=ko
s00000022946001,https://okramen.net/ramen/hirugao_tokyo_en
s00000022946001,https://okramen.net/ramen/hirugao_tokyo_en?lang=ko
s00000022946001,https://okramen.net/ramen/hirugao_tokyo_ko
s00000022946001,https://okramen.net/ramen/hirugao_tokyo_ko?lang=ko
s00000022946001,https://okramen.net/ramen/hokkai_ramen_en
s00000022946001,https://okramen.net/ramen/hokkai_ramen_en?lang=ko
s00000022946001,https://okramen.net/ramen/hokkai_ramen_ko
s00000022946001,https://okramen.net/ramen/hokkai_ramen_ko?lang=ko
s00000022946001,https://okramen.net/ramen/hokkaido_ramen_santouka_en
s00000022946001,https://okramen.net/ramen/hokkaido_ramen_santouka_en?lang=ko
s00000022946001,https://okramen.net/ramen/hokkaido_ramen_santouka_ko
s00000022946001,https://okramen.net/ramen/hokkaido_ramen_santouka_ko?lang=ko
s00000022946001,https://okramen.net/ramen/ichiraku_ramen_en
s00000022946001,https://okramen.net/ramen/ichiraku_ramen_en?lang=ko
s00000022946001,https://okramen.net/ramen/ichiraku_ramen_ko
s00000022946001,https://okramen.net/ramen/ichiraku_ramen_ko?lang=ko
s00000022946001,https://okramen.net/ramen/ichiran_shinjuku_en
s00000022946001,https://okramen.net/ramen/ichiran_shinjuku_en?lang=ko
s00000022946001,https://okramen.net/ramen/ichiran_shinjuku_ko
s00000022946001,https://okramen.net/ramen/ichiran_shinjuku_ko?lang=ko
s00000022946001,https://okramen.net/ramen/ide_shoten_en
s00000022946001,https://okramen.net/ramen/ide_shoten_en?lang=ko
s00000022946001,https://okramen.net/ramen/ide_shoten_ko
s00000022946001,https://okramen.net/ramen/ide_shoten_ko?lang=ko
s00000022946001,https://okramen.net/ramen/ikaruga_tokyo_en
s00000022946001,https://okramen.net/ramen/ikaruga_tokyo_en?lang=ko
s00000022946001,https://okramen.net/ramen/ikaruga_tokyo_ko
s00000022946001,https://okramen.net/ramen/ikaruga_tokyo_ko?lang=ko
s00000022946001,https://okramen.net/ramen/inoichi_hanare_en
s00000022946001,https://okramen.net/ramen/inoichi_hanare_en?lang=ko
s00000022946001,https://okramen.net/ramen/inoichi_hanare_ko
s00000022946001,https://okramen.net/ramen/inoichi_hanare_ko?lang=ko
s00000022946001,https://okramen.net/ramen/ippudo_daimyo_en
s00000022946001,https://okramen.net/ramen/ippudo_daimyo_en?lang=ko
s00000022946001,https://okramen.net/ramen/ippudo_daimyo_ko
s00000022946001,https://okramen.net/ramen/ippudo_daimyo_ko?lang=ko
s00000022946001,https://okramen.net/ramen/ippudo_ginza_en
s00000022946001,https://okramen.net/ramen/ippudo_ginza_en?lang=ko
s00000022946001,https://okramen.net/ramen/ippudo_ginza_ko
s00000022946001,https://okramen.net/ramen/ippudo_ginza_ko?lang=ko
s00000022946001,https://okramen.net/ramen/jinrui_mina_menrui_en
s00000022946001,https://okramen.net/ramen/jinrui_mina_menrui_en?lang=ko
s00000022946001,https://okramen.net/ramen/jinrui_mina_menrui_ko
s00000022946001,https://okramen.net/ramen/jinrui_mina_menrui_ko?lang=ko
s00000022946001,https://okramen.net/ramen/kadoya_shokudo_en
s00000022946001,https://okramen.net/ramen/kadoya_shokudo_en?lang=ko
s00000022946001,https://okramen.net/ramen/kadoya_shokudo_ko
s00000022946001,https://okramen.net/ramen/kadoya_shokudo_ko?lang=ko
s00000022946001,https://okramen.net/ramen/kikanbo_shinjuku_en
s00000022946001,https://okramen.net/ramen/kikanbo_shinjuku_en?lang=ko
s00000022946001,https://okramen.net/ramen/kikanbo_shinjuku_ko
s00000022946001,https://okramen.net/ramen/kikanbo_shinjuku_ko?lang=ko
s00000022946001,https://okramen.net/ramen/kitakata_ramen_bannai_en
s00000022946001,https://okramen.net/ramen/kitakata_ramen_bannai_en?lang=ko
s00000022946001,https://okramen.net/ramen/kitakata_ramen_bannai_ko
s00000022946001,https://okramen.net/ramen/kitakata_ramen_bannai_ko?lang=ko
s00000022946001,https://okramen.net/ramen/konjiki_hototogisu_en
s00000022946001,https://okramen.net/ramen/konjiki_hototogisu_en?lang=ko
s00000022946001,https://okramen.net/ramen/konjiki_hototogisu_ko
s00000022946001,https://okramen.net/ramen/konjiki_hototogisu_ko?lang=ko
s00000022946001,https://okramen.net/ramen/kumamoto_ramen_keika_en
s00000022946001,https://okramen.net/ramen/kumamoto_ramen_keika_en?lang=ko
s00000022946001,https://okramen.net/ramen/kumamoto_ramen_keika_ko
s00000022946001,https://okramen.net/ramen/kumamoto_ramen_keika_ko?lang=ko
s00000022946001,https://okramen.net/ramen/kurume_ramen_honda-shoten_en
s00000022946001,https://okramen.net/ramen/kurume_ramen_honda-shoten_en?lang=ko
s00000022946001,https://okramen.net/ramen/kurume_taiho_ramen_en
s00000022946001,https://okramen.net/ramen/kurume_taiho_ramen_en?lang=ko
s00000022946001,https://okramen.net/ramen/kurume_taiho_ramen_ko
s00000022946001,https://okramen.net/ramen/kurume_taiho_ramen_ko?lang=ko
s00000022946001,https://okramen.net/ramen/kyoto_gogyo_en
s00000022946001,https://okramen.net/ramen/kyoto_gogyo_en?lang=ko
s00000022946001,https://okramen.net/ramen/kyoto_gogyo_ko
s00000022946001,https://okramen.net/ramen/kyoto_gogyo_ko?lang=ko
s00000022946001,https://okramen.net/ramen/kyushu_jangara_akihabara_en
s00000022946001,https://okramen.net/ramen/kyushu_jangara_akihabara_en?lang=ko
s00000022946001,https://okramen.net/ramen/kyushu_jangara_akihabara_ko
s00000022946001,https://okramen.net/ramen/kyushu_jangara_akihabara_ko?lang=ko
s00000022946001,https://okramen.net/ramen/mennoya_en
s00000022946001,https://okramen.net/ramen/mennoya_en?lang=ko
s00000022946001,https://okramen.net/ramen/mennoya_ko
s00000022946001,https://okramen.net/ramen/mennoya_ko?lang=ko
s00000022946001,https://okramen.net/ramen/menya_7.5hz_umeda_en
s00000022946001,https://okramen.net/ramen/menya_7.5hz_umeda_en?lang=ko
s00000022946001,https://okramen.net/ramen/menya_7.5hz_umeda_ko
s00000022946001,https://okramen.net/ramen/menya_7.5hz_umeda_ko?lang=ko
s00000022946001,https://okramen.net/ramen/menya_inoichi_en
s00000022946001,https://okramen.net/ramen/menya_inoichi_en?lang=ko
s00000022946001,https://okramen.net/ramen/menya_inoichi_ko
s00000022946001,https://okramen.net/ramen/menya_inoichi_ko?lang=ko
s00000022946001,https://okramen.net/ramen/menya_itto_en
s00000022946001,https://okramen.net/ramen/menya_itto_en?lang=ko
s00000022946001,https://okramen.net/ramen/menya_itto_ko
s00000022946001,https://okramen.net/ramen/menya_itto_ko?lang=ko
s00000022946001,https://okramen.net/ramen/menya_musashi_bukotsu_en
s00000022946001,https://okramen.net/ramen/menya_musashi_bukotsu_en?lang=ko
s00000022946001,https://okramen.net/ramen/menya_musashi_bukotsu_ko
s00000022946001,https://okramen.net/ramen/menya_musashi_bukotsu_ko?lang=ko
s00000022946001,https://okramen.net/ramen/menya_musashi_shinjuku_en
s00000022946001,https://okramen.net/ramen/menya_musashi_shinjuku_en?lang=ko
s00000022946001,https://okramen.net/ramen/menya_musashi_shinjuku_ko
s00000022946001,https://okramen.net/ramen/menya_musashi_shinjuku_ko?lang=ko
s00000022946001,https://okramen.net/ramen/menya_saimi_en
s00000022946001,https://okramen.net/ramen/menya_saimi_en?lang=ko
s00000022946001,https://okramen.net/ramen/menya_saimi_ko
s00000022946001,https://okramen.net/ramen/menya_saimi_ko?lang=ko
s00000022946001,https://okramen.net/ramen/menya_shono_ichigaya_en
s00000022946001,https://okramen.net/ramen/menya_shono_ichigaya_en?lang=ko
s00000022946001,https://okramen.net/ramen/menya_shono_ichigaya_ko
s00000022946001,https://okramen.net/ramen/menya_shono_ichigaya_ko?lang=ko
s00000022946001,https://okramen.net/ramen/menya_takeichi_shinbashi_en
s00000022946001,https://okramen.net/ramen/menya_takeichi_shinbashi_en?lang=ko
s00000022946001,https://okramen.net/ramen/menya_takeichi_shinbashi_ko
s00000022946001,https://okramen.net/ramen/menya_takeichi_shinbashi_ko?lang=ko
s00000022946001,https://okramen.net/ramen/mouko_tanmen_nakamoto_en
s00000022946001,https://okramen.net/ramen/mouko_tanmen_nakamoto_en?lang=ko
s00000022946001,https://okramen.net/ramen/mouko_tanmen_nakamoto_ko
s00000022946001,https://okramen.net/ramen/mouko_tanmen_nakamoto_ko?lang=ko
s00000022946001,https://okramen.net/ramen/mutekiya_ikebukuro_en
s00000022946001,https://okramen.net/ramen/mutekiya_ikebukuro_en?lang=ko
s00000022946001,https://okramen.net/ramen/mutekiya_ikebukuro_ko
s00000022946001,https://okramen.net/ramen/mutekiya_ikebukuro_ko?lang=ko
s00000022946001,https://okramen.net/ramen/muteppou_kyoto_en
s00000022946001,https://okramen.net/ramen/muteppou_kyoto_en?lang=ko
s00000022946001,https://okramen.net/ramen/muteppou_kyoto_ko
s00000022946001,https://okramen.net/ramen/muteppou_kyoto_ko?lang=ko
s00000022946001,https://okramen.net/ramen/nagahama_no.1_en
s00000022946001,https://okramen.net/ramen/nagahama_no.1_en?lang=ko
s00000022946001,https://okramen.net/ramen/nagahama_no.1_ko
s00000022946001,https://okramen.net/ramen/nagahama_no.1_ko?lang=ko
s00000022946001,https://okramen.net/ramen/nakiryu_en
s00000022946001,https://okramen.net/ramen/nakiryu_en?lang=ko
s00000022946001,https://okramen.net/ramen/nakiryu_ko
s00000022946001,https://okramen.net/ramen/nakiryu_ko?lang=ko
s00000022946001,https://okramen.net/ramen/onomichi_ramen_shuyu_en
s00000022946001,https://okramen.net/ramen/onomichi_ramen_shuyu_en?lang=ko
s00000022946001,https://okramen.net/ramen/onomichi_ramen_shuyu_ko
s00000022946001,https://okramen.net/ramen/onomichi_ramen_shuyu_ko?lang=ko
s00000022946001,https://okramen.net/ramen/oreshiki_jun_en
s00000022946001,https://okramen.net/ramen/oreshiki_jun_en?lang=ko
s00000022946001,https://okramen.net/ramen/oreshiki_jun_ko
s00000022946001,https://okramen.net/ramen/oreshiki_jun_ko?lang=ko
s00000022946001,https://okramen.net/ramen/ramen_danbo_fukuoka_en
s00000022946001,https://okramen.net/ramen/ramen_danbo_fukuoka_en?lang=ko
s00000022946001,https://okramen.net/ramen/ramen_danbo_fukuoka_ko
s00000022946001,https://okramen.net/ramen/ramen_danbo_fukuoka_ko?lang=ko
s00000022946001,https://okramen.net/ramen/ramen_gantetsu_en
s00000022946001,https://okramen.net/ramen/ramen_gantetsu_en?lang=ko
s00000022946001,https://okramen.net/ramen/ramen_gantetsu_ko
s00000022946001,https://okramen.net/ramen/ramen_gantetsu_ko?lang=ko
s00000022946001,https://okramen.net/ramen/ramen_hayashida_shinjuku_en
s00000022946001,https://okramen.net/ramen/ramen_hayashida_shinjuku_en?lang=ko
s00000022946001,https://okramen.net/ramen/ramen_hayashida_shinjuku_ko
s00000022946001,https://okramen.net/ramen/ramen_hayashida_shinjuku_ko?lang=ko
s00000022946001,https://okramen.net/ramen/ramen_higuma_en
s00000022946001,https://okramen.net/ramen/ramen_higuma_en?lang=ko
s00000022946001,https://okramen.net/ramen/ramen_higuma_ko
s00000022946001,https://okramen.net/ramen/ramen_higuma_ko?lang=ko
s00000022946001,https://okramen.net/ramen/ramen_jiro_mita_en
s00000022946001,https://okramen.net/ramen/ramen_jiro_mita_en?lang=ko
s00000022946001,https://okramen.net/ramen/ramen_jiro_mita_ko
s00000022946001,https://okramen.net/ramen/ramen_jiro_mita_ko?lang=ko
s00000022946001,https://okramen.net/ramen/ramen_junk_story_tanimachi_en
s00000022946001,https://okramen.net/ramen/ramen_junk_story_tanimachi_en?lang=ko
s00000022946001,https://okramen.net/ramen/ramen_junk_story_tanimachi_ko
s00000022946001,https://okramen.net/ramen/ramen_junk_story_tanimachi_ko?lang=ko
s00000022946001,https://okramen.net/ramen/ramen_kairikiya_en
s00000022946001,https://okramen.net/ramen/ramen_kairikiya_en?lang=ko
s00000022946001,https://okramen.net/ramen/ramen_kairikiya_ko
s00000022946001,https://okramen.net/ramen/ramen_kairikiya_ko?lang=ko
s00000022946001,https://okramen.net/ramen/ramen_kuryu_en
s00000022946001,https://okramen.net/ramen/ramen_kuryu_en?lang=ko
s00000022946001,https://okramen.net/ramen/ramen_kuryu_ko
s00000022946001,https://okramen.net/ramen/ramen_kuryu_ko?lang=ko
s00000022946001,https://okramen.net/ramen/ramen_miyako_en
s00000022946001,https://okramen.net/ramen/ramen_miyako_en?lang=ko
s00000022946001,https://okramen.net/ramen/ramen_miyako_ko
s00000022946001,https://okramen.net/ramen/ramen_miyako_ko?lang=ko
s00000022946001,https://okramen.net/ramen/ramen_mugyu_karasuma_en
s00000022946001,https://okramen.net/ramen/ramen_mugyu_karasuma_en?lang=ko
s00000022946001,https://okramen.net/ramen/ramen_mugyu_karasuma_ko
s00000022946001,https://okramen.net/ramen/ramen_mugyu_karasuma_ko?lang=ko
s00000022946001,https://okramen.net/ramen/ramen_mutsumiya_en
s00000022946001,https://okramen.net/ramen/ramen_mutsumiya_en?lang=ko
s00000022946001,https://okramen.net/ramen/ramen_mutsumiya_ko
s00000022946001,https://okramen.net/ramen/ramen_mutsumiya_ko?lang=ko
s00000022946001,https://okramen.net/ramen/ramen_santouka_harajuku_en
s00000022946001,https://okramen.net/ramen/ramen_santouka_harajuku_en?lang=ko
s00000022946001,https://okramen.net/ramen/ramen_santouka_harajuku_ko
s00000022946001,https://okramen.net/ramen/ramen_santouka_harajuku_ko?lang=ko
s00000022946001,https://okramen.net/ramen/ramen_sapporo_akaboshi_en
s00000022946001,https://okramen.net/ramen/ramen_sapporo_akaboshi_en?lang=ko
s00000022946001,https://okramen.net/ramen/ramen_sapporo_akaboshi_ko
s00000022946001,https://okramen.net/ramen/ramen_sapporo_akaboshi_ko?lang=ko
s00000022946001,https://okramen.net/ramen/ramen_sapporo_ichiryu_en
s00000022946001,https://okramen.net/ramen/ramen_sapporo_ichiryu_en?lang=ko
s00000022946001,https://okramen.net/ramen/ramen_sapporo_ichiryu_ko
s00000022946001,https://okramen.net/ramen/ramen_sapporo_ichiryu_ko?lang=ko
s00000022946001,https://okramen.net/ramen/ramen_setagaya_en
s00000022946001,https://okramen.net/ramen/ramen_setagaya_en?lang=ko
s00000022946001,https://okramen.net/ramen/ramen_setagaya_ko
s00000022946001,https://okramen.net/ramen/ramen_setagaya_ko?lang=ko
s00000022946001,https://okramen.net/ramen/ramen_sharin_en
s00000022946001,https://okramen.net/ramen/ramen_sharin_en?lang=ko
s00000022946001,https://okramen.net/ramen/ramen_sharin_ko
s00000022946001,https://okramen.net/ramen/ramen_sharin_ko?lang=ko
s00000022946001,https://okramen.net/ramen/ramen_shingen_minami_6-jo_en
s00000022946001,https://okramen.net/ramen/ramen_shingen_minami_6-jo_en?lang=ko
s00000022946001,https://okramen.net/ramen/ramen_shingen_minami_6-jo_ko
s00000022946001,https://okramen.net/ramen/ramen_shingen_minami_6-jo_ko?lang=ko
s00000022946001,https://okramen.net/ramen/ramen_sora_en
s00000022946001,https://okramen.net/ramen/ramen_sora_en?lang=ko
s00000022946001,https://okramen.net/ramen/ramen_sora_ko
s00000022946001,https://okramen.net/ramen/ramen_sora_ko?lang=ko
s00000022946001,https://okramen.net/ramen/ramen_sora_sapporo_en
s00000022946001,https://okramen.net/ramen/ramen_sora_sapporo_en?lang=ko
s00000022946001,https://okramen.net/ramen/ramen_sora_sapporo_ko
s00000022946001,https://okramen.net/ramen/ramen_sora_sapporo_ko?lang=ko
s00000022946001,https://okramen.net/ramen/ramen_sugimoto_en
s00000022946001,https://okramen.net/ramen/ramen_sugimoto_en?lang=ko
s00000022946001,https://okramen.net/ramen/ramen_sugimoto_ko
s00000022946001,https://okramen.net/ramen/ramen_sugimoto_ko?lang=ko
s00000022946001,https://okramen.net/ramen/ramen_takahashi_ginza_en
s00000022946001,https://okramen.net/ramen/ramen_takahashi_ginza_en?lang=ko
s00000022946001,https://okramen.net/ramen/ramen_takahashi_ginza_ko
s00000022946001,https://okramen.net/ramen/ramen_takahashi_ginza_ko?lang=ko
s00000022946001,https://okramen.net/ramen/ramen_takahashi_shinjuku_en
s00000022946001,https://okramen.net/ramen/ramen_takahashi_shinjuku_en?lang=ko
s00000022946001,https://okramen.net/ramen/ramen_tatsunoya_en
s00000022946001,https://okramen.net/ramen/ramen_tatsunoya_en?lang=ko
s00000022946001,https://okramen.net/ramen/ramen_tatsunoya_ko
s00000022946001,https://okramen.net/ramen/ramen_tatsunoya_ko?lang=ko
s00000022946001,https://okramen.net/ramen/ramen_touhichi_en
s00000022946001,https://okramen.net/ramen/ramen_touhichi_en?lang=ko
s00000022946001,https://okramen.net/ramen/ramen_touhichi_ko
s00000022946001,https://okramen.net/ramen/ramen_touhichi_ko?lang=ko
s00000022946001,https://okramen.net/ramen/ramen_yashichi_en
s00000022946001,https://okramen.net/ramen/ramen_yashichi_en?lang=ko
s00000022946001,https://okramen.net/ramen/ramen_yashichi_ko
s00000022946001,https://okramen.net/ramen/ramen_yashichi_ko?lang=ko
s00000022946001,https://okramen.net/ramen/ramen_yoshiyama_shoten_en
s00000022946001,https://okramen.net/ramen/ramen_yoshiyama_shoten_en?lang=ko
s00000022946001,https://okramen.net/ramen/ramen_yoshiyama_shoten_ko
s00000022946001,https://okramen.net/ramen/ramen_yoshiyama_shoten_ko?lang=ko
s00000022946001,https://okramen.net/ramen/ramen_zen_fukuoka_en
s00000022946001,https://okramen.net/ramen/ramen_zen_fukuoka_en?lang=ko
s00000022946001,https://okramen.net/ramen/ramen_zen_fukuoka_ko
s00000022946001,https://okramen.net/ramen/ramen_zen_fukuoka_ko?lang=ko
s00000022946001,https://okramen.net/ramen/rokurinsha_haneda_en
s00000022946001,https://okramen.net/ramen/rokurinsha_haneda_en?lang=ko
s00000022946001,https://okramen.net/ramen/rokurinsha_haneda_ko
s00000022946001,https://okramen.net/ramen/rokurinsha_haneda_ko?lang=ko
s00000022946001,https://okramen.net/ramen/rokurinsha_tokyo_station_en
s00000022946001,https://okramen.net/ramen/rokurinsha_tokyo_station_en?lang=ko
s00000022946001,https://okramen.net/ramen/rokurinsha_tokyo_station_ko
s00000022946001,https://okramen.net/ramen/rokurinsha_tokyo_station_ko?lang=ko
s00000022946001,https://okramen.net/ramen/ryukishin_rize_en
s00000022946001,https://okramen.net/ramen/ryukishin_rize_en?lang=ko
s00000022946001,https://okramen.net/ramen/ryukishin_rize_ko
s00000022946001,https://okramen.net/ramen/ryukishin_rize_ko?lang=ko
s00000022946001,https://okramen.net/ramen/soranoiro_tokyo_en
s00000022946001,https://okramen.net/ramen/soranoiro_tokyo_en?lang=ko
s00000022946001,https://okramen.net/ramen/soranoiro_tokyo_ko
s00000022946001,https://okramen.net/ramen/soranoiro_tokyo_ko?lang=ko
s00000022946001,https://okramen.net/ramen/sumire_sapporo_en
s00000022946001,https://okramen.net/ramen/sumire_sapporo_en?lang=ko
s00000022946001,https://okramen.net/ramen/sumire_sapporo_ko
s00000022946001,https://okramen.net/ramen/sumire_sapporo_ko?lang=ko
s00000022946001,https://okramen.net/ramen/taiyou_no_tomatomen_en
s00000022946001,https://okramen.net/ramen/taiyou_no_tomatomen_en?lang=ko
s00000022946001,https://okramen.net/ramen/taiyou_no_tomatomen_ko
s00000022946001,https://okramen.net/ramen/taiyou_no_tomatomen_ko?lang=ko
s00000022946001,https://okramen.net/ramen/tenkaippin_main_shop_en
s00000022946001,https://okramen.net/ramen/tenkaippin_main_shop_en?lang=ko
s00000022946001,https://okramen.net/ramen/tenkaippin_main_shop_ko
s00000022946001,https://okramen.net/ramen/tenkaippin_main_shop_ko?lang=ko
s00000022946001,https://okramen.net/ramen/teshikaga_ramen_en
s00000022946001,https://okramen.net/ramen/teshikaga_ramen_en?lang=ko
s00000022946001,https://okramen.net/ramen/teshikaga_ramen_ko
s00000022946001,https://okramen.net/ramen/teshikaga_ramen_ko?lang=ko
s00000022946001,https://okramen.net/ramen/tsujita_tokyo_en
s00000022946001,https://okramen.net/ramen/tsujita_tokyo_en?lang=ko
s00000022946001,https://okramen.net/ramen/tsujita_tokyo_ko
s00000022946001,https://okramen.net/ramen/tsujita_tokyo_ko?lang=ko
s00000022946001,https://okramen.net/ramen/tsuta_en
s00000022946001,https://okramen.net/ramen/tsuta_en?lang=ko
s00000022946001,https://okramen.net/ramen/tsuta_ko
s00000022946001,https://okramen.net/ramen/tsuta_ko?lang=ko
s00000022946001,https://okramen.net/ramen/yoshimuraya_en
s00000022946001,https://okramen.net/ramen/yoshimuraya_en?lang=ko
s00000022946001,https://okramen.net/ramen/yoshimuraya_ko
s00000022946001,https://okramen.net/ramen/yoshimuraya_ko?lang=ko
s00000022946001,https://okramen.net/ramen/zundoya_osaka_en
s00000022946001,https://okramen.net/ramen/zundoya_osaka_en?lang=ko
s00000022946001,https://okramen.net/ramen/zundoya_osaka_ko
s00000022946001,https://okramen.net/ramen/zundoya_osaka_ko?lang=ko
