s00000026367001,https://jpcampus.net/guide/cheap-phone-accessories
s00000026367001,https://jpcampus.net/guide/cheap-phone-accessories?lang=en
s00000026367001,https://jpcampus.net/guide/cheap-phone-accessories?lang=kr
s00000026367001,https://jpcampus.net/guide/internet-setup
s00000026367001,https://jpcampus.net/guide/internet-setup?lang=en
s00000026367001,https://jpcampus.net/guide/internet-setup?lang=kr
s00000026367001,https://jpcampus.net/guide/sim-card-guide
s00000026367001,https://jpcampus.net/guide/sim-card-guide?lang=en
s00000026367001,https://jpcampus.net/guide/sim-card-guide?lang=kr
s00000026367001,https://jpcampus.net/guide/soft-bank-air-vs-fiber
s00000026367001,https://jpcampus.net/guide/soft-bank-air-vs-fiber?lang=en
s00000026367001,https://jpcampus.net/guide/soft-bank-air-vs-fiber?lang=kr
s00000026367001,https://jpcampus.net/school/school_a-c-c-international-exchange-academy-fujinomiya
s00000026367001,https://jpcampus.net/school/school_a-c-c-international-exchange-academy-fujinomiya?lang=en
s00000026367001,https://jpcampus.net/school/school_abenonihongogakuin
s00000026367001,https://jpcampus.net/school/school_abenonihongogakuin?lang=en
s00000026367001,https://jpcampus.net/school/school_aichi-kokusai-gakuin-nagoya-japanese-school
s00000026367001,https://jpcampus.net/school/school_aichi-kokusai-gakuin-nagoya-japanese-school?lang=en
s00000026367001,https://jpcampus.net/school/school_aichi-kotonoha-academy
s00000026367001,https://jpcampus.net/school/school_aichi-kotonoha-academy?lang=en
s00000026367001,https://jpcampus.net/school/school_aishin-international-academy-yokohama
s00000026367001,https://jpcampus.net/school/school_aishin-international-academy-yokohama?lang=en
s00000026367001,https://jpcampus.net/school/school_alice-gakuen-professional-training-college-kanazawa
s00000026367001,https://jpcampus.net/school/school_alice-gakuen-professional-training-college-kanazawa?lang=en
s00000026367001,https://jpcampus.net/school/school_an-language-school-narimasu
s00000026367001,https://jpcampus.net/school/school_an-language-school-narimasu?lang=en
s00000026367001,https://jpcampus.net/school/school_aomori-nihongo-gakuen
s00000026367001,https://jpcampus.net/school/school_aomori-nihongo-gakuen?lang=en
s00000026367001,https://jpcampus.net/school/school_aoyama-international-education-institute
s00000026367001,https://jpcampus.net/school/school_aoyama-international-education-institute?lang=en
s00000026367001,https://jpcampus.net/school/school_aoyama-school-of-japanese
s00000026367001,https://jpcampus.net/school/school_aoyama-school-of-japanese?lang=en
s00000026367001,https://jpcampus.net/school/school_arms-japanese-language-school-nagoya-analysis
s00000026367001,https://jpcampus.net/school/school_arms-japanese-language-school-nagoya-analysis?lang=en
s00000026367001,https://jpcampus.net/school/school_asahi-bunka-gakuin
s00000026367001,https://jpcampus.net/school/school_asahi-bunka-gakuin?lang=en
s00000026367001,https://jpcampus.net/school/school_ashiya-kokusai-gakuin-kobe-school
s00000026367001,https://jpcampus.net/school/school_ashiya-kokusai-gakuin-kobe-school?lang=en
s00000026367001,https://jpcampus.net/school/school_ashiya-kokusai-gakuin-osaka-school
s00000026367001,https://jpcampus.net/school/school_ashiya-kokusai-gakuin-osaka-school?lang=en
s00000026367001,https://jpcampus.net/school/school_asia-house-umikaze-japanese-language-academy-osaka
s00000026367001,https://jpcampus.net/school/school_asia-house-umikaze-japanese-language-academy-osaka?lang=en
s00000026367001,https://jpcampus.net/school/school_asia-japanese-academy
s00000026367001,https://jpcampus.net/school/school_asia-japanese-academy?lang=en
s00000026367001,https://jpcampus.net/school/school_asia-tomonokai-foreign-language-academy
s00000026367001,https://jpcampus.net/school/school_asia-tomonokai-foreign-language-academy?lang=en
s00000026367001,https://jpcampus.net/school/school_asian-international-center-amagasaki
s00000026367001,https://jpcampus.net/school/school_asian-international-center-amagasaki?lang=en
s00000026367001,https://jpcampus.net/school/school_aso-foreign-language-tourism-bridal-college
s00000026367001,https://jpcampus.net/school/school_aso-foreign-language-tourism-bridal-college?lang=en
s00000026367001,https://jpcampus.net/school/school_asuka-gakuin
s00000026367001,https://jpcampus.net/school/school_asuka-gakuin?lang=en
s00000026367001,https://jpcampus.net/school/school_bunka-foreign-language-college
s00000026367001,https://jpcampus.net/school/school_bunka-foreign-language-college?lang=en
s00000026367001,https://jpcampus.net/school/school_chiba-kokusai-gakuin
s00000026367001,https://jpcampus.net/school/school_chiba-kokusai-gakuin?lang=en
s00000026367001,https://jpcampus.net/school/school_chuo-information-college
s00000026367001,https://jpcampus.net/school/school_chuo-information-college?lang=en
s00000026367001,https://jpcampus.net/school/school_chuogakuen-japanese-language-school
s00000026367001,https://jpcampus.net/school/school_chuogakuen-japanese-language-school?lang=en
s00000026367001,https://jpcampus.net/school/school_clover-academy-osaka
s00000026367001,https://jpcampus.net/school/school_clover-academy-osaka?lang=en
s00000026367001,https://jpcampus.net/school/school_communica-institute
s00000026367001,https://jpcampus.net/school/school_communica-institute?lang=en
s00000026367001,https://jpcampus.net/school/school_daiwa-academy-osaka
s00000026367001,https://jpcampus.net/school/school_daiwa-academy-osaka?lang=en
s00000026367001,https://jpcampus.net/school/school_ecc-japanese-institute-kobe
s00000026367001,https://jpcampus.net/school/school_ecc-japanese-institute-kobe?lang=en
s00000026367001,https://jpcampus.net/school/school_ecc-japanese-institute-shinjuku
s00000026367001,https://jpcampus.net/school/school_ecc-japanese-institute-shinjuku?lang=en
s00000026367001,https://jpcampus.net/school/school_ecc-nagoya-japanese-language-school
s00000026367001,https://jpcampus.net/school/school_ecc-nagoya-japanese-language-school?lang=en
s00000026367001,https://jpcampus.net/school/school_elite-japanese-language-school-shinjuku-tokyo
s00000026367001,https://jpcampus.net/school/school_elite-japanese-language-school-shinjuku-tokyo?lang=en
s00000026367001,https://jpcampus.net/school/school_evergreen-language-school-tokyo-meguro
s00000026367001,https://jpcampus.net/school/school_evergreen-language-school-tokyo-meguro?lang=en
s00000026367001,https://jpcampus.net/school/school_fujisan-japanese-language-school-shizuoka
s00000026367001,https://jpcampus.net/school/school_fujisan-japanese-language-school-shizuoka?lang=en
s00000026367001,https://jpcampus.net/school/school_fukaya-kokusai-gaigo-gakuin
s00000026367001,https://jpcampus.net/school/school_fukaya-kokusai-gaigo-gakuin?lang=en
s00000026367001,https://jpcampus.net/school/school_g-k-japanese-language-school-osaka
s00000026367001,https://jpcampus.net/school/school_g-k-japanese-language-school-osaka?lang=en
s00000026367001,https://jpcampus.net/school/school_gakuto-academy-tokyo-eju-prep
s00000026367001,https://jpcampus.net/school/school_gakuto-academy-tokyo-eju-prep?lang=en
s00000026367001,https://jpcampus.net/school/school_grandeur-global-academy-numazu-campus
s00000026367001,https://jpcampus.net/school/school_grandeur-global-academy-numazu-campus?lang=en
s00000026367001,https://jpcampus.net/school/school_gyochigakuen-japanese-language-school-takadanobaba
s00000026367001,https://jpcampus.net/school/school_gyochigakuen-japanese-language-school-takadanobaba?lang=en
s00000026367001,https://jpcampus.net/school/school_happiness-foreign-language-academy
s00000026367001,https://jpcampus.net/school/school_happiness-foreign-language-academy?lang=en
s00000026367001,https://jpcampus.net/school/school_higashi-shinjuku-japanese-language-institute
s00000026367001,https://jpcampus.net/school/school_higashi-shinjuku-japanese-language-institute?lang=en
s00000026367001,https://jpcampus.net/school/school_higashikawa-international-culture-welfare-college
s00000026367001,https://jpcampus.net/school/school_higashikawa-international-culture-welfare-college?lang=en
s00000026367001,https://jpcampus.net/school/school_himawari-osaka-nihongo-gakuen
s00000026367001,https://jpcampus.net/school/school_himawari-osaka-nihongo-gakuen?lang=en
s00000026367001,https://jpcampus.net/school/school_hiroshima-kokusai-business-college
s00000026367001,https://jpcampus.net/school/school_hiroshima-kokusai-business-college?lang=en
s00000026367001,https://jpcampus.net/school/school_hiroshima-ymca-specialized-school
s00000026367001,https://jpcampus.net/school/school_hiroshima-ymca-specialized-school?lang=en
s00000026367001,https://jpcampus.net/school/school_hitachi-gakuin-mito-ibaraki
s00000026367001,https://jpcampus.net/school/school_hitachi-gakuin-mito-ibaraki?lang=en
s00000026367001,https://jpcampus.net/school/school_hitachi-sakura-nihongo-gakko
s00000026367001,https://jpcampus.net/school/school_hitachi-sakura-nihongo-gakko?lang=en
s00000026367001,https://jpcampus.net/school/school_human-academy-japanese-language-school-osaka
s00000026367001,https://jpcampus.net/school/school_human-academy-japanese-language-school-osaka?lang=en
s00000026367001,https://jpcampus.net/school/school_human-academy-japanese-language-school-tokyo
s00000026367001,https://jpcampus.net/school/school_human-academy-japanese-language-school-tokyo?lang=en
s00000026367001,https://jpcampus.net/school/school_ibaraki-kokusai-gakuin
s00000026367001,https://jpcampus.net/school/school_ibaraki-kokusai-gakuin?lang=en
s00000026367001,https://jpcampus.net/school/school_igl-medical-welfare-professional-school-japanese-language-department
s00000026367001,https://jpcampus.net/school/school_igl-medical-welfare-professional-school-japanese-language-department?lang=en
s00000026367001,https://jpcampus.net/school/school_intercult-institute-of-japanese-language
s00000026367001,https://jpcampus.net/school/school_intercult-institute-of-japanese-language?lang=en
s00000026367001,https://jpcampus.net/school/school_intercultural-communication-center-okinawa
s00000026367001,https://jpcampus.net/school/school_intercultural-communication-center-okinawa?lang=en
s00000026367001,https://jpcampus.net/school/school_international-foreign-language-tourism-airline-college
s00000026367001,https://jpcampus.net/school/school_international-foreign-language-tourism-airline-college?lang=en
s00000026367001,https://jpcampus.net/school/school_international-language-and-culture-center-okinawa
s00000026367001,https://jpcampus.net/school/school_international-language-and-culture-center-okinawa?lang=en
s00000026367001,https://jpcampus.net/school/school_ishikawa-gakuen-yokohama-design-college
s00000026367001,https://jpcampus.net/school/school_ishikawa-gakuen-yokohama-design-college?lang=en
s00000026367001,https://jpcampus.net/school/school_isi-language-school-osaka
s00000026367001,https://jpcampus.net/school/school_isi-language-school-osaka?lang=en
s00000026367001,https://jpcampus.net/school/school_it-college-okinawa-japanese-program
s00000026367001,https://jpcampus.net/school/school_it-college-okinawa-japanese-program?lang=en
s00000026367001,https://jpcampus.net/school/school_j-kokusai-gakuin
s00000026367001,https://jpcampus.net/school/school_j-kokusai-gakuin?lang=en
s00000026367001,https://jpcampus.net/school/school_j-s-l-nihon-academy
s00000026367001,https://jpcampus.net/school/school_j-s-l-nihon-academy?lang=en
s00000026367001,https://jpcampus.net/school/school_japan-international-polytechnic-college-japanese-language-department
s00000026367001,https://jpcampus.net/school/school_japan-international-polytechnic-college-japanese-language-department?lang=en
s00000026367001,https://jpcampus.net/school/school_japan-student-services-organization-osaka-japanese-education-centre
s00000026367001,https://jpcampus.net/school/school_japan-student-services-organization-osaka-japanese-education-centre?lang=en
s00000026367001,https://jpcampus.net/school/school_japan-tokyo-international-academy
s00000026367001,https://jpcampus.net/school/school_japan-tokyo-international-academy?lang=en
s00000026367001,https://jpcampus.net/school/school_jasso-tokyo-japanese-language-education-center
s00000026367001,https://jpcampus.net/school/school_jasso-tokyo-japanese-language-education-center?lang=en
s00000026367001,https://jpcampus.net/school/school_jet-japanese-language-school
s00000026367001,https://jpcampus.net/school/school_jet-japanese-language-school?lang=en
s00000026367001,https://jpcampus.net/school/school_jp-education-nagoya
s00000026367001,https://jpcampus.net/school/school_jp-education-nagoya?lang=en
s00000026367001,https://jpcampus.net/school/school_jsl-nihon-academy-tokyo-school
s00000026367001,https://jpcampus.net/school/school_jsl-nihon-academy-tokyo-school?lang=en
s00000026367001,https://jpcampus.net/school/school_kai-japanese-language-school-shinjuku
s00000026367001,https://jpcampus.net/school/school_kai-japanese-language-school-shinjuku?lang=en
s00000026367001,https://jpcampus.net/school/school_kakegawa-japanese-language-school-shizuoka
s00000026367001,https://jpcampus.net/school/school_kakegawa-japanese-language-school-shizuoka?lang=en
s00000026367001,https://jpcampus.net/school/school_kaszankai-toa-gakuin
s00000026367001,https://jpcampus.net/school/school_kaszankai-toa-gakuin?lang=en
s00000026367001,https://jpcampus.net/school/school_kcp-international-language-school
s00000026367001,https://jpcampus.net/school/school_kcp-international-language-school?lang=en
s00000026367001,https://jpcampus.net/school/school_ken-japanese-language-institute-matsudo
s00000026367001,https://jpcampus.net/school/school_ken-japanese-language-institute-matsudo?lang=en
s00000026367001,https://jpcampus.net/school/school_kij-language-academy
s00000026367001,https://jpcampus.net/school/school_kij-language-academy?lang=en
s00000026367001,https://jpcampus.net/school/school_kij-language-institute-tokyo-campus
s00000026367001,https://jpcampus.net/school/school_kij-language-institute-tokyo-campus?lang=en
s00000026367001,https://jpcampus.net/school/school_kobe-gaigo-kyoiku-gakuin
s00000026367001,https://jpcampus.net/school/school_kobe-gaigo-kyoiku-gakuin?lang=en
s00000026367001,https://jpcampus.net/school/school_kobe-nichigo-gakuin
s00000026367001,https://jpcampus.net/school/school_kobe-nichigo-gakuin?lang=en
s00000026367001,https://jpcampus.net/school/school_kobe-toyo-japanese-language-academy
s00000026367001,https://jpcampus.net/school/school_kobe-toyo-japanese-language-academy?lang=en
s00000026367001,https://jpcampus.net/school/school_kobe-ymca-college
s00000026367001,https://jpcampus.net/school/school_kobe-ymca-college?lang=en
s00000026367001,https://jpcampus.net/school/school_kokusai-academy-japanese-language-institute
s00000026367001,https://jpcampus.net/school/school_kokusai-academy-japanese-language-institute?lang=en
s00000026367001,https://jpcampus.net/school/school_kokusai-academy-language-school-sendai
s00000026367001,https://jpcampus.net/school/school_kokusai-academy-language-school-sendai?lang=en
s00000026367001,https://jpcampus.net/school/school_kokusai-art-design-college-japanese-course-koriyama
s00000026367001,https://jpcampus.net/school/school_kokusai-art-design-college-japanese-course-koriyama?lang=en
s00000026367001,https://jpcampus.net/school/school_kokusai-jinbun-foreign-language-academy
s00000026367001,https://jpcampus.net/school/school_kokusai-jinbun-foreign-language-academy?lang=en
s00000026367001,https://jpcampus.net/school/school_kokusai-joho-business-college
s00000026367001,https://jpcampus.net/school/school_kokusai-joho-business-college?lang=en
s00000026367001,https://jpcampus.net/school/school_kokusai-kotoba-gakuin-nihongo-gakko
s00000026367001,https://jpcampus.net/school/school_kokusai-kotoba-gakuin-nihongo-gakko?lang=en
s00000026367001,https://jpcampus.net/school/school_kokusai-language-institute-kobe
s00000026367001,https://jpcampus.net/school/school_kokusai-language-institute-kobe?lang=en
s00000026367001,https://jpcampus.net/school/school_kokusai-nihongo-gakuin
s00000026367001,https://jpcampus.net/school/school_kokusai-nihongo-gakuin?lang=en
s00000026367001,https://jpcampus.net/school/school_kokusai-technical-design-automotive-college-tochigi
s00000026367001,https://jpcampus.net/school/school_kokusai-technical-design-automotive-college-tochigi?lang=en
s00000026367001,https://jpcampus.net/school/school_kokusho-japanese-language-school
s00000026367001,https://jpcampus.net/school/school_kokusho-japanese-language-school?lang=en
s00000026367001,https://jpcampus.net/school/school_koubun-international-language-school
s00000026367001,https://jpcampus.net/school/school_koubun-international-language-school?lang=en
s00000026367001,https://jpcampus.net/school/school_kouchi-gakuen-second-affiliated-japanese-language-school
s00000026367001,https://jpcampus.net/school/school_kouchi-gakuen-second-affiliated-japanese-language-school?lang=en
s00000026367001,https://jpcampus.net/school/school_kowa-japanese-language-institute-tokyo
s00000026367001,https://jpcampus.net/school/school_kowa-japanese-language-institute-tokyo?lang=en
s00000026367001,https://jpcampus.net/school/school_kozan-gakuin-japanese-language-school
s00000026367001,https://jpcampus.net/school/school_kozan-gakuin-japanese-language-school?lang=en
s00000026367001,https://jpcampus.net/school/school_kudan-nihon-bunka-kenkyujo-japanese-institute
s00000026367001,https://jpcampus.net/school/school_kudan-nihon-bunka-kenkyujo-japanese-institute?lang=en
s00000026367001,https://jpcampus.net/school/school_kumamoto-ymca-college-japanese-language-department
s00000026367001,https://jpcampus.net/school/school_kumamoto-ymca-college-japanese-language-department?lang=en
s00000026367001,https://jpcampus.net/school/school_kurashiki-foreign-language-academy
s00000026367001,https://jpcampus.net/school/school_kurashiki-foreign-language-academy?lang=en
s00000026367001,https://jpcampus.net/school/school_kurume-seminar-vocational-school-fukuoka
s00000026367001,https://jpcampus.net/school/school_kurume-seminar-vocational-school-fukuoka?lang=en
s00000026367001,https://jpcampus.net/school/school_kyoritsu-japanese-language-school-tokyo
s00000026367001,https://jpcampus.net/school/school_kyoritsu-japanese-language-school-tokyo?lang=en
s00000026367001,https://jpcampus.net/school/school_kyoshin-language-academy-ueno-school-tokyo
s00000026367001,https://jpcampus.net/school/school_kyoshin-language-academy-ueno-school-tokyo?lang=en
s00000026367001,https://jpcampus.net/school/school_kyoto-bunka-japanese-language-school
s00000026367001,https://jpcampus.net/school/school_kyoto-bunka-japanese-language-school?lang=en
s00000026367001,https://jpcampus.net/school/school_kyoto-japanese-language-school
s00000026367001,https://jpcampus.net/school/school_kyoto-japanese-language-school?lang=en
s00000026367001,https://jpcampus.net/school/school_kyoto-min-sai-japanese-language-school
s00000026367001,https://jpcampus.net/school/school_kyoto-min-sai-japanese-language-school?lang=en
s00000026367001,https://jpcampus.net/school/school_kyoto-reigaku-international-academy-expert-guide
s00000026367001,https://jpcampus.net/school/school_kyoto-reigaku-international-academy-expert-guide?lang=en
s00000026367001,https://jpcampus.net/school/school_kyoto-university
s00000026367001,https://jpcampus.net/school/school_kyoto-university?lang=en
s00000026367001,https://jpcampus.net/school/school_labo-japanese-language-institute
s00000026367001,https://jpcampus.net/school/school_labo-japanese-language-institute?lang=en
s00000026367001,https://jpcampus.net/school/school_life-junior-japanese-language-institute-okinawa
s00000026367001,https://jpcampus.net/school/school_life-junior-japanese-language-institute-okinawa?lang=en
s00000026367001,https://jpcampus.net/school/school_manabi-japanese-language-institute-tokyo-school
s00000026367001,https://jpcampus.net/school/school_manabi-japanese-language-institute-tokyo-school?lang=en
s00000026367001,https://jpcampus.net/school/school_marugame-international-academy-kagawa
s00000026367001,https://jpcampus.net/school/school_marugame-international-academy-kagawa?lang=en
s00000026367001,https://jpcampus.net/school/school_meijo-university-nagoya-expert-guide
s00000026367001,https://jpcampus.net/school/school_meijo-university-nagoya-expert-guide?lang=en
s00000026367001,https://jpcampus.net/school/school_meikou-education-japanese-language-school
s00000026367001,https://jpcampus.net/school/school_meikou-education-japanese-language-school?lang=en
s00000026367001,https://jpcampus.net/school/school_meiyo-japanese-language-academy
s00000026367001,https://jpcampus.net/school/school_meiyo-japanese-language-academy?lang=en
s00000026367001,https://jpcampus.net/school/school_midream-japanese-language-school-shinjuku
s00000026367001,https://jpcampus.net/school/school_midream-japanese-language-school-shinjuku?lang=en
s00000026367001,https://jpcampus.net/school/school_mihara-international-foreign-language-academy-japanese-dept
s00000026367001,https://jpcampus.net/school/school_mihara-international-foreign-language-academy-japanese-dept?lang=en
s00000026367001,https://jpcampus.net/school/school_mitsumine-career-academy-japanese-course
s00000026367001,https://jpcampus.net/school/school_mitsumine-career-academy-japanese-course?lang=en
s00000026367001,https://jpcampus.net/school/school_mizuno-gaigo-gakuin
s00000026367001,https://jpcampus.net/school/school_mizuno-gaigo-gakuin?lang=en
s00000026367001,https://jpcampus.net/school/school_nagoya-college-management-accounting-japanese-dept-guide
s00000026367001,https://jpcampus.net/school/school_nagoya-college-management-accounting-japanese-dept-guide?lang=en
s00000026367001,https://jpcampus.net/school/school_nagoya-fukutoku-japanese-language-academy
s00000026367001,https://jpcampus.net/school/school_nagoya-fukutoku-japanese-language-academy?lang=en
s00000026367001,https://jpcampus.net/school/school_nagoya-international-japanese-language-school
s00000026367001,https://jpcampus.net/school/school_nagoya-international-japanese-language-school?lang=en
s00000026367001,https://jpcampus.net/school/school_nagoya-kyoiku-gakuin-inuyama-aichi
s00000026367001,https://jpcampus.net/school/school_nagoya-kyoiku-gakuin-inuyama-aichi?lang=en
s00000026367001,https://jpcampus.net/school/school_nagoya-sky-japanese-language-school
s00000026367001,https://jpcampus.net/school/school_nagoya-sky-japanese-language-school?lang=en
s00000026367001,https://jpcampus.net/school/school_nansei-gaku-en-sci-tech-college-naha-okinawa
s00000026367001,https://jpcampus.net/school/school_nansei-gaku-en-sci-tech-college-naha-okinawa?lang=en
s00000026367001,https://jpcampus.net/school/school_nara-gaigo-gakuin
s00000026367001,https://jpcampus.net/school/school_nara-gaigo-gakuin?lang=en
s00000026367001,https://jpcampus.net/school/school_nara-sogo-business-college-japanese-language-division
s00000026367001,https://jpcampus.net/school/school_nara-sogo-business-college-japanese-language-division?lang=en
s00000026367001,https://jpcampus.net/school/school_nicchu-language-academy
s00000026367001,https://jpcampus.net/school/school_nicchu-language-academy?lang=en
s00000026367001,https://jpcampus.net/school/school_nichi-a-foreign-language-institute-okinawa
s00000026367001,https://jpcampus.net/school/school_nichi-a-foreign-language-institute-okinawa?lang=en
s00000026367001,https://jpcampus.net/school/school_nihongo-center
s00000026367001,https://jpcampus.net/school/school_nihongo-center?lang=en
s00000026367001,https://jpcampus.net/school/school_nihongo-gakko-tsukuba-smile
s00000026367001,https://jpcampus.net/school/school_nihongo-gakko-tsukuba-smile?lang=en
s00000026367001,https://jpcampus.net/school/school_nippon-gakuin-maebashi-gunma
s00000026367001,https://jpcampus.net/school/school_nippon-gakuin-maebashi-gunma?lang=en
s00000026367001,https://jpcampus.net/school/school_nitchu-gakuin-tokyo-academic-progression
s00000026367001,https://jpcampus.net/school/school_nitchu-gakuin-tokyo-academic-progression?lang=en
s00000026367001,https://jpcampus.net/school/school_north-river-japanese-school
s00000026367001,https://jpcampus.net/school/school_north-river-japanese-school?lang=en
s00000026367001,https://jpcampus.net/school/school_okayama-business-college-japanese-language-department
s00000026367001,https://jpcampus.net/school/school_okayama-business-college-japanese-language-department?lang=en
s00000026367001,https://jpcampus.net/school/school_okayama-gaigo-gakuin-japanese-school
s00000026367001,https://jpcampus.net/school/school_okayama-gaigo-gakuin-japanese-school?lang=en
s00000026367001,https://jpcampus.net/school/school_okayama-university-of-science-and-technology-vocational-school-japanese-language-department
s00000026367001,https://jpcampus.net/school/school_okayama-university-of-science-and-technology-vocational-school-japanese-language-department?lang=en
s00000026367001,https://jpcampus.net/school/school_okazaki-japanese-language-school-aichi
s00000026367001,https://jpcampus.net/school/school_okazaki-japanese-language-school-aichi?lang=en
s00000026367001,https://jpcampus.net/school/school_okinawa-jcs-gakuin
s00000026367001,https://jpcampus.net/school/school_okinawa-jcs-gakuin?lang=en
s00000026367001,https://jpcampus.net/school/school_one-purpose-international-academy
s00000026367001,https://jpcampus.net/school/school_one-purpose-international-academy?lang=en
s00000026367001,https://jpcampus.net/school/school_osafune-japanese-language-academy
s00000026367001,https://jpcampus.net/school/school_osafune-japanese-language-academy?lang=en
s00000026367001,https://jpcampus.net/school/school_osaka-frontier-japanese-language-school
s00000026367001,https://jpcampus.net/school/school_osaka-frontier-japanese-language-school?lang=en
s00000026367001,https://jpcampus.net/school/school_osaka-high-technology-college
s00000026367001,https://jpcampus.net/school/school_osaka-high-technology-college?lang=en
s00000026367001,https://jpcampus.net/school/school_osaka-international-education-academy
s00000026367001,https://jpcampus.net/school/school_osaka-international-education-academy?lang=en
s00000026367001,https://jpcampus.net/school/school_osaka-japanese-language-academy
s00000026367001,https://jpcampus.net/school/school_osaka-japanese-language-academy?lang=en
s00000026367001,https://jpcampus.net/school/school_osaka-minami-japanese-language-school
s00000026367001,https://jpcampus.net/school/school_osaka-minami-japanese-language-school?lang=en
s00000026367001,https://jpcampus.net/school/school_osaka-ymca-gakuin
s00000026367001,https://jpcampus.net/school/school_osaka-ymca-gakuin?lang=en
s00000026367001,https://jpcampus.net/school/school_riche-no-mori-japanese-language-school-hakodate
s00000026367001,https://jpcampus.net/school/school_riche-no-mori-japanese-language-school-hakodate?lang=en
s00000026367001,https://jpcampus.net/school/school_richi-no-mori-japanese-language-school-sendai
s00000026367001,https://jpcampus.net/school/school_richi-no-mori-japanese-language-school-sendai?lang=en
s00000026367001,https://jpcampus.net/school/school_sagami-international-academy
s00000026367001,https://jpcampus.net/school/school_sagami-international-academy?lang=en
s00000026367001,https://jpcampus.net/school/school_saitama-briller-japanese-language-school
s00000026367001,https://jpcampus.net/school/school_saitama-briller-japanese-language-school?lang=en
s00000026367001,https://jpcampus.net/school/school_saitama-kokusai-gakuen
s00000026367001,https://jpcampus.net/school/school_saitama-kokusai-gakuen?lang=en
s00000026367001,https://jpcampus.net/school/school_sakura-chiba-japanese-language-school-abiko
s00000026367001,https://jpcampus.net/school/school_sakura-chiba-japanese-language-school-abiko?lang=en
s00000026367001,https://jpcampus.net/school/school_sakura-japanese-language-academy-fukuoka
s00000026367001,https://jpcampus.net/school/school_sakura-japanese-language-academy-fukuoka?lang=en
s00000026367001,https://jpcampus.net/school/school_sakura-kotonoha-japanese-language-institute-osaka
s00000026367001,https://jpcampus.net/school/school_sakura-kotonoha-japanese-language-institute-osaka?lang=en
s00000026367001,https://jpcampus.net/school/school_sam-kyoiku-gakuin
s00000026367001,https://jpcampus.net/school/school_sam-kyoiku-gakuin?lang=en
s00000026367001,https://jpcampus.net/school/school_sanwa-foreign-language-academy-osaka
s00000026367001,https://jpcampus.net/school/school_sanwa-foreign-language-academy-osaka?lang=en
s00000026367001,https://jpcampus.net/school/school_seifu-jouhou-kougakuin-senmon-gakkou-nihongo-ka
s00000026367001,https://jpcampus.net/school/school_seifu-jouhou-kougakuin-senmon-gakkou-nihongo-ka?lang=en
s00000026367001,https://jpcampus.net/school/school_seigan-japanese-language-school-osaka
s00000026367001,https://jpcampus.net/school/school_seigan-japanese-language-school-osaka?lang=en
s00000026367001,https://jpcampus.net/school/school_senmon-gakko-sakura-kokusai-gengo-gakuin-shimonoseki
s00000026367001,https://jpcampus.net/school/school_senmon-gakko-sakura-kokusai-gengo-gakuin-shimonoseki?lang=en
s00000026367001,https://jpcampus.net/school/school_senmon-gakko-sakura-kokusai-gengo-kyoiku-gakuin
s00000026367001,https://jpcampus.net/school/school_senmon-gakko-sakura-kokusai-gengo-kyoiku-gakuin?lang=en
s00000026367001,https://jpcampus.net/school/school_shibuya-gaigo-gakuin-tokyo-takadanobaba
s00000026367001,https://jpcampus.net/school/school_shibuya-gaigo-gakuin-tokyo-takadanobaba?lang=en
s00000026367001,https://jpcampus.net/school/school_shin-a-international-language-academy
s00000026367001,https://jpcampus.net/school/school_shin-a-international-language-academy?lang=en
s00000026367001,https://jpcampus.net/school/school_shinjuku-gyoen-gakuin
s00000026367001,https://jpcampus.net/school/school_shinjuku-gyoen-gakuin?lang=en
s00000026367001,https://jpcampus.net/school/school_shinjuku-japanese-language-institute
s00000026367001,https://jpcampus.net/school/school_shinjuku-japanese-language-institute?lang=en
s00000026367001,https://jpcampus.net/school/school_shinsekai-japanese-language-school-shinjuku
s00000026367001,https://jpcampus.net/school/school_shinsekai-japanese-language-school-shinjuku?lang=en
s00000026367001,https://jpcampus.net/school/school_shizuoka-international-language-academy
s00000026367001,https://jpcampus.net/school/school_shizuoka-international-language-academy?lang=en
s00000026367001,https://jpcampus.net/school/school_shizuoka-international-school
s00000026367001,https://jpcampus.net/school/school_shizuoka-international-school?lang=en
s00000026367001,https://jpcampus.net/school/school_shizuoka-japanese-language-education-center
s00000026367001,https://jpcampus.net/school/school_shizuoka-japanese-language-education-center?lang=en
s00000026367001,https://jpcampus.net/school/school_shizuoka-japanese-language-institute-sjna
s00000026367001,https://jpcampus.net/school/school_shizuoka-japanese-language-institute-sjna?lang=en
s00000026367001,https://jpcampus.net/school/school_shogeisha-language-academy-tokyo-art-prep
s00000026367001,https://jpcampus.net/school/school_shogeisha-language-academy-tokyo-art-prep?lang=en
s00000026367001,https://jpcampus.net/school/school_shonan-japanese-academy-hamamatsu
s00000026367001,https://jpcampus.net/school/school_shonan-japanese-academy-hamamatsu?lang=en
s00000026367001,https://jpcampus.net/school/school_st-mary-japanese-language-institute-utsunomiya
s00000026367001,https://jpcampus.net/school/school_st-mary-japanese-language-institute-utsunomiya?lang=en
s00000026367001,https://jpcampus.net/school/school_subaru-gakuin-motosu-school
s00000026367001,https://jpcampus.net/school/school_subaru-gakuin-motosu-school?lang=en
s00000026367001,https://jpcampus.net/school/school_sunshine-language-school-ikebukuro
s00000026367001,https://jpcampus.net/school/school_sunshine-language-school-ikebukuro?lang=en
s00000026367001,https://jpcampus.net/school/school_tamagawa-kokusai-gakuin
s00000026367001,https://jpcampus.net/school/school_tamagawa-kokusai-gakuin?lang=en
s00000026367001,https://jpcampus.net/school/school_tcc-japanese-language-school
s00000026367001,https://jpcampus.net/school/school_tcc-japanese-language-school?lang=en
s00000026367001,https://jpcampus.net/school/school_the-university-of-tokyo
s00000026367001,https://jpcampus.net/school/school_the-university-of-tokyo?lang=en
s00000026367001,https://jpcampus.net/school/school_tls-fukuroi
s00000026367001,https://jpcampus.net/school/school_tls-fukuroi?lang=en
s00000026367001,https://jpcampus.net/school/school_toho-international-college
s00000026367001,https://jpcampus.net/school/school_toho-international-college?lang=en
s00000026367001,https://jpcampus.net/school/school_tohoku-university
s00000026367001,https://jpcampus.net/school/school_tohoku-university?lang=en
s00000026367001,https://jpcampus.net/school/school_tokai-gakuin-college-of-culture-and-liberal-arts
s00000026367001,https://jpcampus.net/school/school_tokai-gakuin-college-of-culture-and-liberal-arts?lang=en
s00000026367001,https://jpcampus.net/school/school_tokuyama-college-of-comprehensive-business
s00000026367001,https://jpcampus.net/school/school_tokuyama-college-of-comprehensive-business?lang=en
s00000026367001,https://jpcampus.net/school/school_tokyo-chuo-japanese-language-school
s00000026367001,https://jpcampus.net/school/school_tokyo-chuo-japanese-language-school?lang=en
s00000026367001,https://jpcampus.net/school/school_tokyo-education-professional-institute-tamagawa
s00000026367001,https://jpcampus.net/school/school_tokyo-education-professional-institute-tamagawa?lang=en
s00000026367001,https://jpcampus.net/school/school_tokyo-international-business-college-japanese-dept
s00000026367001,https://jpcampus.net/school/school_tokyo-international-business-college-japanese-dept?lang=en
s00000026367001,https://jpcampus.net/school/school_tokyo-international-exchange-college-hachioji
s00000026367001,https://jpcampus.net/school/school_tokyo-international-exchange-college-hachioji?lang=en
s00000026367001,https://jpcampus.net/school/school_tokyo-international-foreign-language-academy
s00000026367001,https://jpcampus.net/school/school_tokyo-international-foreign-language-academy?lang=en
s00000026367001,https://jpcampus.net/school/school_tokyo-international-japanese-institute-shinjuku
s00000026367001,https://jpcampus.net/school/school_tokyo-international-japanese-institute-shinjuku?lang=en
s00000026367001,https://jpcampus.net/school/school_tokyo-kogakuin-japanese-language-school
s00000026367001,https://jpcampus.net/school/school_tokyo-kogakuin-japanese-language-school?lang=en
s00000026367001,https://jpcampus.net/school/school_tokyo-kyoiku-bunka-gakuin
s00000026367001,https://jpcampus.net/school/school_tokyo-kyoiku-bunka-gakuin?lang=en
s00000026367001,https://jpcampus.net/school/school_tokyo-nakano-japanese-language-institute
s00000026367001,https://jpcampus.net/school/school_tokyo-nakano-japanese-language-institute?lang=en
s00000026367001,https://jpcampus.net/school/school_tokyo-sakura-international-school-tama
s00000026367001,https://jpcampus.net/school/school_tokyo-sakura-international-school-tama?lang=en
s00000026367001,https://jpcampus.net/school/school_tokyo-sanritsu-gakuin-japanese-language-school-suginami
s00000026367001,https://jpcampus.net/school/school_tokyo-sanritsu-gakuin-japanese-language-school-suginami?lang=en
s00000026367001,https://jpcampus.net/school/school_tokyo-world-nihongo-gakkou
s00000026367001,https://jpcampus.net/school/school_tokyo-world-nihongo-gakkou?lang=en
s00000026367001,https://jpcampus.net/school/school_tokyo-ymca-japanese-language-school-expert-guide
s00000026367001,https://jpcampus.net/school/school_tokyo-ymca-japanese-language-school-expert-guide?lang=en
s00000026367001,https://jpcampus.net/school/school_toshin-language-school
s00000026367001,https://jpcampus.net/school/school_toshin-language-school?lang=en
s00000026367001,https://jpcampus.net/school/school_toyama-international-academy
s00000026367001,https://jpcampus.net/school/school_toyama-international-academy?lang=en
s00000026367001,https://jpcampus.net/school/school_toyo-language-school-tokyo
s00000026367001,https://jpcampus.net/school/school_toyo-language-school-tokyo?lang=en
s00000026367001,https://jpcampus.net/school/school_toyohashi-japanese-language-school
s00000026367001,https://jpcampus.net/school/school_toyohashi-japanese-language-school?lang=en
s00000026367001,https://jpcampus.net/school/school_trinity-college-hiroshima-medical-welfare
s00000026367001,https://jpcampus.net/school/school_trinity-college-hiroshima-medical-welfare?lang=en
s00000026367001,https://jpcampus.net/school/school_trinity-college-izumo-medical-welfare
s00000026367001,https://jpcampus.net/school/school_trinity-college-izumo-medical-welfare?lang=en
s00000026367001,https://jpcampus.net/school/school_tsubasa-international-academy-chiba
s00000026367001,https://jpcampus.net/school/school_tsubasa-international-academy-chiba?lang=en
s00000026367001,https://jpcampus.net/school/school_ujs-language-institute-roppongi-tokyo
s00000026367001,https://jpcampus.net/school/school_ujs-language-institute-roppongi-tokyo?lang=en
s00000026367001,https://jpcampus.net/school/school_unitas-japanese-language-school-tokyo-campus
s00000026367001,https://jpcampus.net/school/school_unitas-japanese-language-school-tokyo-campus?lang=en
s00000026367001,https://jpcampus.net/school/school_urawa-international-education-center
s00000026367001,https://jpcampus.net/school/school_urawa-international-education-center?lang=en
s00000026367001,https://jpcampus.net/school/school_wakayama-ymca-international-welfare-technical-school-japanese-department
s00000026367001,https://jpcampus.net/school/school_wakayama-ymca-international-welfare-technical-school-japanese-department?lang=en
s00000026367001,https://jpcampus.net/school/school_waseda-edu-japanese-language-school
s00000026367001,https://jpcampus.net/school/school_waseda-edu-japanese-language-school?lang=en
s00000026367001,https://jpcampus.net/school/school_waseda-gaigo-senmon-gakko-tokyo
s00000026367001,https://jpcampus.net/school/school_waseda-gaigo-senmon-gakko-tokyo?lang=en
s00000026367001,https://jpcampus.net/school/school_waseda-language-academy
s00000026367001,https://jpcampus.net/school/school_waseda-language-academy?lang=en
s00000026367001,https://jpcampus.net/school/school_yamanashi-foreign-language-academy
s00000026367001,https://jpcampus.net/school/school_yamanashi-foreign-language-academy?lang=en
s00000026367001,https://jpcampus.net/school/school_yamate-nihongo-gakko
s00000026367001,https://jpcampus.net/school/school_yamate-nihongo-gakko?lang=en
s00000026367001,https://jpcampus.net/school/school_yell-gakuen-japanese-language-education-department
s00000026367001,https://jpcampus.net/school/school_yell-gakuen-japanese-language-education-department?lang=en
s00000026367001,https://jpcampus.net/school/school_yokkaichi-japanese-language-school-mie
s00000026367001,https://jpcampus.net/school/school_yokkaichi-japanese-language-school-mie?lang=en
s00000026367001,https://jpcampus.net/school/school_yokohama-mirai-nihongo-gakuin
s00000026367001,https://jpcampus.net/school/school_yokohama-mirai-nihongo-gakuin?lang=en
s00000026367001,https://jpcampus.net/school/school_yono-gakuin-japanese-language-school
s00000026367001,https://jpcampus.net/school/school_yono-gakuin-japanese-language-school?lang=en
s00000026367001,https://jpcampus.net/school/school_yoshida-japanese-language-academy
s00000026367001,https://jpcampus.net/school/school_yoshida-japanese-language-academy?lang=en
s00000026367001,https://jpcampus.net/school/school_zero-japanese-language-school-amagasaki
s00000026367001,https://jpcampus.net/school/school_zero-japanese-language-school-amagasaki?lang=en
s00000026367001,https://jpcampus.net/school/univ_aichi-gakuin-university
s00000026367001,https://jpcampus.net/school/univ_aichi-gakuin-university?lang=en
s00000026367001,https://jpcampus.net/school/univ_aichi-institute-of-technology-international-student-guide
s00000026367001,https://jpcampus.net/school/univ_aichi-institute-of-technology-international-student-guide?lang=en
s00000026367001,https://jpcampus.net/school/univ_aichi-prefectural-university-guide-international-students
s00000026367001,https://jpcampus.net/school/univ_aichi-prefectural-university-guide-international-students?lang=en
s00000026367001,https://jpcampus.net/school/univ_aichi-shukutoku-university-international-student-guide
s00000026367001,https://jpcampus.net/school/univ_aichi-shukutoku-university-international-student-guide?lang=en
s00000026367001,https://jpcampus.net/school/univ_aichi-toho-university-guide-for-international-students
s00000026367001,https://jpcampus.net/school/univ_aichi-toho-university-guide-for-international-students?lang=en
s00000026367001,https://jpcampus.net/school/univ_aichi-university-international-student-guide
s00000026367001,https://jpcampus.net/school/univ_aichi-university-international-student-guide?lang=en
s00000026367001,https://jpcampus.net/school/univ_aino-university-international-student-guide
s00000026367001,https://jpcampus.net/school/univ_aino-university-international-student-guide?lang=en
s00000026367001,https://jpcampus.net/school/univ_akita-international-university-aiu-guide
s00000026367001,https://jpcampus.net/school/univ_akita-international-university-aiu-guide?lang=en
s00000026367001,https://jpcampus.net/school/univ_akita-prefectural-university-guide
s00000026367001,https://jpcampus.net/school/univ_akita-prefectural-university-guide?lang=en
s00000026367001,https://jpcampus.net/school/univ_akita-university-comprehensive-guide-international-students
s00000026367001,https://jpcampus.net/school/univ_akita-university-comprehensive-guide-international-students?lang=en
s00000026367001,https://jpcampus.net/school/univ_aomori-university-of-health-and-welfare-guide
s00000026367001,https://jpcampus.net/school/univ_aomori-university-of-health-and-welfare-guide?lang=en
s00000026367001,https://jpcampus.net/school/univ_asahi-university-international-student-guide
s00000026367001,https://jpcampus.net/school/univ_asahi-university-international-student-guide?lang=en
s00000026367001,https://jpcampus.net/school/univ_ashikaga-university-comprehensive-guide
s00000026367001,https://jpcampus.net/school/univ_ashikaga-university-comprehensive-guide?lang=en
s00000026367001,https://jpcampus.net/school/univ_ashiya-university-comprehensive-international-student-guide
s00000026367001,https://jpcampus.net/school/univ_ashiya-university-comprehensive-international-student-guide?lang=en
s00000026367001,https://jpcampus.net/school/univ_asia-university
s00000026367001,https://jpcampus.net/school/univ_asia-university?lang=en
s00000026367001,https://jpcampus.net/school/univ_baiko-gakuin-university
s00000026367001,https://jpcampus.net/school/univ_baiko-gakuin-university?lang=en
s00000026367001,https://jpcampus.net/school/univ_beppu-university-international-student-guide
s00000026367001,https://jpcampus.net/school/univ_beppu-university-international-student-guide?lang=en
s00000026367001,https://jpcampus.net/school/univ_bunkyo-university-international-student-guide
s00000026367001,https://jpcampus.net/school/univ_bunkyo-university-international-student-guide?lang=en
s00000026367001,https://jpcampus.net/school/univ_chiba-institute-of-technology-guide
s00000026367001,https://jpcampus.net/school/univ_chiba-institute-of-technology-guide?lang=en
s00000026367001,https://jpcampus.net/school/univ_chiba-prefectural-university-of-health-sciences-guide
s00000026367001,https://jpcampus.net/school/univ_chiba-prefectural-university-of-health-sciences-guide?lang=en
s00000026367001,https://jpcampus.net/school/univ_chiba-university-of-commerce-guide
s00000026367001,https://jpcampus.net/school/univ_chiba-university-of-commerce-guide?lang=en
s00000026367001,https://jpcampus.net/school/univ_chubu-university-international-student-guide
s00000026367001,https://jpcampus.net/school/univ_chubu-university-international-student-guide?lang=en
s00000026367001,https://jpcampus.net/school/univ_chugoku-gakuen-university
s00000026367001,https://jpcampus.net/school/univ_chugoku-gakuen-university?lang=en
s00000026367001,https://jpcampus.net/school/univ_chukyo-university-nagoya
s00000026367001,https://jpcampus.net/school/univ_chukyo-university-nagoya?lang=en
s00000026367001,https://jpcampus.net/school/univ_dokkyo-medical-university-guide
s00000026367001,https://jpcampus.net/school/univ_dokkyo-medical-university-guide?lang=en
s00000026367001,https://jpcampus.net/school/univ_dokkyo-university-international-students-guide
s00000026367001,https://jpcampus.net/school/univ_dokkyo-university-international-students-guide?lang=en
s00000026367001,https://jpcampus.net/school/univ_doshisha-womens-college-of-liberal-arts-guide
s00000026367001,https://jpcampus.net/school/univ_doshisha-womens-college-of-liberal-arts-guide?lang=en
s00000026367001,https://jpcampus.net/school/univ_ehime-prefectural-university-of-health-sciences-guide
s00000026367001,https://jpcampus.net/school/univ_ehime-prefectural-university-of-health-sciences-guide?lang=en
s00000026367001,https://jpcampus.net/school/univ_ehime-university-international-student-guide
s00000026367001,https://jpcampus.net/school/univ_ehime-university-international-student-guide?lang=en
s00000026367001,https://jpcampus.net/school/univ_ferris-university-guide-for-international-students
s00000026367001,https://jpcampus.net/school/univ_ferris-university-guide-for-international-students?lang=en
s00000026367001,https://jpcampus.net/school/univ_fukui-prefectural-university-guide
s00000026367001,https://jpcampus.net/school/univ_fukui-prefectural-university-guide?lang=en
s00000026367001,https://jpcampus.net/school/univ_fukui-university-of-technology-guide
s00000026367001,https://jpcampus.net/school/univ_fukui-university-of-technology-guide?lang=en
s00000026367001,https://jpcampus.net/school/univ_fukuoka-institute-of-technology-fit
s00000026367001,https://jpcampus.net/school/univ_fukuoka-institute-of-technology-fit?lang=en
s00000026367001,https://jpcampus.net/school/univ_fukuoka-jo-gakuin-university
s00000026367001,https://jpcampus.net/school/univ_fukuoka-jo-gakuin-university?lang=en
s00000026367001,https://jpcampus.net/school/univ_fukuoka-prefectural-university-guide
s00000026367001,https://jpcampus.net/school/univ_fukuoka-prefectural-university-guide?lang=en
s00000026367001,https://jpcampus.net/school/univ_fukuoka-womens-university-guide
s00000026367001,https://jpcampus.net/school/univ_fukuoka-womens-university-guide?lang=en
s00000026367001,https://jpcampus.net/school/univ_fukuyama-heisei-university-guide
s00000026367001,https://jpcampus.net/school/univ_fukuyama-heisei-university-guide?lang=en
s00000026367001,https://jpcampus.net/school/univ_fukuyama-university
s00000026367001,https://jpcampus.net/school/univ_fukuyama-university?lang=en
s00000026367001,https://jpcampus.net/school/univ_gakushuin-university
s00000026367001,https://jpcampus.net/school/univ_gakushuin-university?lang=en
s00000026367001,https://jpcampus.net/school/univ_gakushuin-womens-college-international-student-guide
s00000026367001,https://jpcampus.net/school/univ_gakushuin-womens-college-international-student-guide?lang=en
s00000026367001,https://jpcampus.net/school/univ_gifu-pharmaceutical-university
s00000026367001,https://jpcampus.net/school/univ_gifu-pharmaceutical-university?lang=en
s00000026367001,https://jpcampus.net/school/univ_gifu-shotoku-gakuen-university-comprehensive-guide
s00000026367001,https://jpcampus.net/school/univ_gifu-shotoku-gakuen-university-comprehensive-guide?lang=en
s00000026367001,https://jpcampus.net/school/univ_gunma-prefectural-womens-university
s00000026367001,https://jpcampus.net/school/univ_gunma-prefectural-womens-university?lang=en
s00000026367001,https://jpcampus.net/school/univ_gunma-university-guide-international-students
s00000026367001,https://jpcampus.net/school/univ_gunma-university-guide-international-students?lang=en
s00000026367001,https://jpcampus.net/school/univ_gunma-university-of-health-and-welfare
s00000026367001,https://jpcampus.net/school/univ_gunma-university-of-health-and-welfare?lang=en
s00000026367001,https://jpcampus.net/school/univ_hakuoh-university-guide-for-international-students
s00000026367001,https://jpcampus.net/school/univ_hakuoh-university-guide-for-international-students?lang=en
s00000026367001,https://jpcampus.net/school/univ_hamamatsu-gakuin-university-guide-international-students
s00000026367001,https://jpcampus.net/school/univ_hamamatsu-gakuin-university-guide-international-students?lang=en
s00000026367001,https://jpcampus.net/school/univ_hannan-university-guide
s00000026367001,https://jpcampus.net/school/univ_hannan-university-guide?lang=en
s00000026367001,https://jpcampus.net/school/univ_heisei-college-of-music
s00000026367001,https://jpcampus.net/school/univ_heisei-college-of-music?lang=en
s00000026367001,https://jpcampus.net/school/univ_himeji-dokkyo-university-international-student-guide
s00000026367001,https://jpcampus.net/school/univ_himeji-dokkyo-university-international-student-guide?lang=en
s00000026367001,https://jpcampus.net/school/univ_hirosaki-university-comprehensive-guide
s00000026367001,https://jpcampus.net/school/univ_hirosaki-university-comprehensive-guide?lang=en
s00000026367001,https://jpcampus.net/school/univ_hiroshima-bunkyo-university-guide
s00000026367001,https://jpcampus.net/school/univ_hiroshima-bunkyo-university-guide?lang=en
s00000026367001,https://jpcampus.net/school/univ_hiroshima-city-university-guide
s00000026367001,https://jpcampus.net/school/univ_hiroshima-city-university-guide?lang=en
s00000026367001,https://jpcampus.net/school/univ_hiroshima-institute-of-technology-international-student-guide
s00000026367001,https://jpcampus.net/school/univ_hiroshima-institute-of-technology-international-student-guide?lang=en
s00000026367001,https://jpcampus.net/school/univ_hiroshima-international-university-guide
s00000026367001,https://jpcampus.net/school/univ_hiroshima-international-university-guide?lang=en
s00000026367001,https://jpcampus.net/school/univ_hiroshima-jogakuin-university
s00000026367001,https://jpcampus.net/school/univ_hiroshima-jogakuin-university?lang=en
s00000026367001,https://jpcampus.net/school/univ_hiroshima-kokusai-gakuin-university
s00000026367001,https://jpcampus.net/school/univ_hiroshima-kokusai-gakuin-university?lang=en
s00000026367001,https://jpcampus.net/school/univ_hiroshima-shudo-university-comprehensive-guide
s00000026367001,https://jpcampus.net/school/univ_hiroshima-shudo-university-comprehensive-guide?lang=en
s00000026367001,https://jpcampus.net/school/univ_hiroshima-university
s00000026367001,https://jpcampus.net/school/univ_hiroshima-university-of-economics-guide
s00000026367001,https://jpcampus.net/school/univ_hiroshima-university-of-economics-guide?lang=en
s00000026367001,https://jpcampus.net/school/univ_hiroshima-university?lang=en
s00000026367001,https://jpcampus.net/school/univ_hitotsubashi-university
s00000026367001,https://jpcampus.net/school/univ_hitotsubashi-university?lang=en
s00000026367001,https://jpcampus.net/school/univ_hokkai-gakuen-university-international-student-guide
s00000026367001,https://jpcampus.net/school/univ_hokkai-gakuen-university-international-student-guide?lang=en
s00000026367001,https://jpcampus.net/school/univ_hokkaido-university
s00000026367001,https://jpcampus.net/school/univ_hokkaido-university-of-education-guide
s00000026367001,https://jpcampus.net/school/univ_hokkaido-university-of-education-guide?lang=en
s00000026367001,https://jpcampus.net/school/univ_hokkaido-university?lang=en
s00000026367001,https://jpcampus.net/school/univ_hokuriku-university-guide-for-international-students
s00000026367001,https://jpcampus.net/school/univ_hokuriku-university-guide-for-international-students?lang=en
s00000026367001,https://jpcampus.net/school/univ_hokusei-gakuen-university-guide-for-international-students
s00000026367001,https://jpcampus.net/school/univ_hokusei-gakuen-university-guide-for-international-students?lang=en
s00000026367001,https://jpcampus.net/school/univ_ibaraki-christian-university-comprehensive-guide
s00000026367001,https://jpcampus.net/school/univ_ibaraki-christian-university-comprehensive-guide?lang=en
s00000026367001,https://jpcampus.net/school/univ_ibaraki-university-comprehensive-guide
s00000026367001,https://jpcampus.net/school/univ_ibaraki-university-comprehensive-guide?lang=en
s00000026367001,https://jpcampus.net/school/univ_international-university-of-health-and-welfare-iuhw-guide
s00000026367001,https://jpcampus.net/school/univ_international-university-of-health-and-welfare-iuhw-guide?lang=en
s00000026367001,https://jpcampus.net/school/univ_ishikawa-prefectural-university-guide
s00000026367001,https://jpcampus.net/school/univ_ishikawa-prefectural-university-guide?lang=en
s00000026367001,https://jpcampus.net/school/univ_ishinomaki-senshu-university-international-student-guide
s00000026367001,https://jpcampus.net/school/univ_ishinomaki-senshu-university-international-student-guide?lang=en
s00000026367001,https://jpcampus.net/school/univ_iwate-prefectural-university-guide
s00000026367001,https://jpcampus.net/school/univ_iwate-prefectural-university-guide?lang=en
s00000026367001,https://jpcampus.net/school/univ_j-f-oberlin-university-international-guide
s00000026367001,https://jpcampus.net/school/univ_j-f-oberlin-university-international-guide?lang=en
s00000026367001,https://jpcampus.net/school/univ_japan-university-of-economics-jue-guide
s00000026367001,https://jpcampus.net/school/univ_japan-university-of-economics-jue-guide?lang=en
s00000026367001,https://jpcampus.net/school/univ_japan-womens-university-international-student-guide
s00000026367001,https://jpcampus.net/school/univ_japan-womens-university-international-student-guide?lang=en
s00000026367001,https://jpcampus.net/school/univ_japanese-red-cross-kyushu-international-college-of-nursing
s00000026367001,https://jpcampus.net/school/univ_japanese-red-cross-kyushu-international-college-of-nursing?lang=en
s00000026367001,https://jpcampus.net/school/univ_jin-ai-university-guide
s00000026367001,https://jpcampus.net/school/univ_jin-ai-university-guide?lang=en
s00000026367001,https://jpcampus.net/school/univ_jobu-university-international-student-guide
s00000026367001,https://jpcampus.net/school/univ_jobu-university-international-student-guide?lang=en
s00000026367001,https://jpcampus.net/school/univ_josai-university-comprehensive-guide-international-students
s00000026367001,https://jpcampus.net/school/univ_josai-university-comprehensive-guide-international-students?lang=en
s00000026367001,https://jpcampus.net/school/univ_kagawa-university-comprehensive-guide
s00000026367001,https://jpcampus.net/school/univ_kagawa-university-comprehensive-guide?lang=en
s00000026367001,https://jpcampus.net/school/univ_kagoshima-university-guide
s00000026367001,https://jpcampus.net/school/univ_kagoshima-university-guide?lang=en
s00000026367001,https://jpcampus.net/school/univ_kamakura-womens-university-comprehensive-guide
s00000026367001,https://jpcampus.net/school/univ_kamakura-womens-university-comprehensive-guide?lang=en
s00000026367001,https://jpcampus.net/school/univ_kanagawa-university-international-student-guide
s00000026367001,https://jpcampus.net/school/univ_kanagawa-university-international-student-guide?lang=en
s00000026367001,https://jpcampus.net/school/univ_kanagawa-university-of-human-services
s00000026367001,https://jpcampus.net/school/univ_kanagawa-university-of-human-services?lang=en
s00000026367001,https://jpcampus.net/school/univ_kanazawa-gakuin-university-guide
s00000026367001,https://jpcampus.net/school/univ_kanazawa-gakuin-university-guide?lang=en
s00000026367001,https://jpcampus.net/school/univ_kanazawa-institute-of-technology
s00000026367001,https://jpcampus.net/school/univ_kanazawa-institute-of-technology?lang=en
s00000026367001,https://jpcampus.net/school/univ_kanazawa-seiryo-university-international-student-guide
s00000026367001,https://jpcampus.net/school/univ_kanazawa-seiryo-university-international-student-guide?lang=en
s00000026367001,https://jpcampus.net/school/univ_kanazawa-university
s00000026367001,https://jpcampus.net/school/univ_kanazawa-university?lang=en
s00000026367001,https://jpcampus.net/school/univ_kanda-university-of-international-studies
s00000026367001,https://jpcampus.net/school/univ_kanda-university-of-international-studies?lang=en
s00000026367001,https://jpcampus.net/school/univ_kansai-gaidai-university
s00000026367001,https://jpcampus.net/school/univ_kansai-gaidai-university?lang=en
s00000026367001,https://jpcampus.net/school/univ_kansai-university
s00000026367001,https://jpcampus.net/school/univ_kansai-university-of-health-sciences
s00000026367001,https://jpcampus.net/school/univ_kansai-university-of-health-sciences?lang=en
s00000026367001,https://jpcampus.net/school/univ_kansai-university?lang=en
s00000026367001,https://jpcampus.net/school/univ_kanto-gakuen-university
s00000026367001,https://jpcampus.net/school/univ_kanto-gakuen-university?lang=en
s00000026367001,https://jpcampus.net/school/univ_kawasaki-university-of-medical-welfare-guide
s00000026367001,https://jpcampus.net/school/univ_kawasaki-university-of-medical-welfare-guide?lang=en
s00000026367001,https://jpcampus.net/school/univ_keio-university
s00000026367001,https://jpcampus.net/school/univ_keio-university?lang=en
s00000026367001,https://jpcampus.net/school/univ_keiwa-college-international-student-guide
s00000026367001,https://jpcampus.net/school/univ_keiwa-college-international-student-guide?lang=en
s00000026367001,https://jpcampus.net/school/univ_kindai-university
s00000026367001,https://jpcampus.net/school/univ_kindai-university?lang=en
s00000026367001,https://jpcampus.net/school/univ_kinjo-gakuin-university-guide
s00000026367001,https://jpcampus.net/school/univ_kinjo-gakuin-university-guide?lang=en
s00000026367001,https://jpcampus.net/school/univ_kinjo-university-ishikawa-guide
s00000026367001,https://jpcampus.net/school/univ_kinjo-university-ishikawa-guide?lang=en
s00000026367001,https://jpcampus.net/school/univ_kiryu-university-guide-international-students
s00000026367001,https://jpcampus.net/school/univ_kiryu-university-guide-international-students?lang=en
s00000026367001,https://jpcampus.net/school/univ_kobe-city-university-of-foreign-studies-guide
s00000026367001,https://jpcampus.net/school/univ_kobe-city-university-of-foreign-studies-guide?lang=en
s00000026367001,https://jpcampus.net/school/univ_kobe-college-guide-international-students
s00000026367001,https://jpcampus.net/school/univ_kobe-college-guide-international-students?lang=en
s00000026367001,https://jpcampus.net/school/univ_kobe-international-university
s00000026367001,https://jpcampus.net/school/univ_kobe-international-university?lang=en
s00000026367001,https://jpcampus.net/school/univ_kobe-shinwa-university-guide
s00000026367001,https://jpcampus.net/school/univ_kobe-shinwa-university-guide?lang=en
s00000026367001,https://jpcampus.net/school/univ_kobe-university
s00000026367001,https://jpcampus.net/school/univ_kobe-university?lang=en
s00000026367001,https://jpcampus.net/school/univ_kobe-womens-university
s00000026367001,https://jpcampus.net/school/univ_kobe-womens-university?lang=en
s00000026367001,https://jpcampus.net/school/univ_kochi-university-guide-international-students
s00000026367001,https://jpcampus.net/school/univ_kochi-university-guide-international-students?lang=en
s00000026367001,https://jpcampus.net/school/univ_kochi-university-of-technology-kut-comprehensive-guide
s00000026367001,https://jpcampus.net/school/univ_kochi-university-of-technology-kut-comprehensive-guide?lang=en
s00000026367001,https://jpcampus.net/school/univ_kogakkan-university
s00000026367001,https://jpcampus.net/school/univ_kogakkan-university?lang=en
s00000026367001,https://jpcampus.net/school/univ_kokushikan-university
s00000026367001,https://jpcampus.net/school/univ_kokushikan-university?lang=en
s00000026367001,https://jpcampus.net/school/univ_komazawa-university
s00000026367001,https://jpcampus.net/school/univ_komazawa-university?lang=en
s00000026367001,https://jpcampus.net/school/univ_konan-university
s00000026367001,https://jpcampus.net/school/univ_konan-university?lang=en
s00000026367001,https://jpcampus.net/school/univ_konan-womens-university-guide-international-students
s00000026367001,https://jpcampus.net/school/univ_konan-womens-university-guide-international-students?lang=en
s00000026367001,https://jpcampus.net/school/univ_kumamoto-gakuen-university-comprehensive-guide
s00000026367001,https://jpcampus.net/school/univ_kumamoto-gakuen-university-comprehensive-guide?lang=en
s00000026367001,https://jpcampus.net/school/univ_kurashiki-sakuyo-university
s00000026367001,https://jpcampus.net/school/univ_kurashiki-sakuyo-university?lang=en
s00000026367001,https://jpcampus.net/school/univ_kurume-university-guide
s00000026367001,https://jpcampus.net/school/univ_kurume-university-guide?lang=en
s00000026367001,https://jpcampus.net/school/univ_kwansei-gakuin-university
s00000026367001,https://jpcampus.net/school/univ_kwansei-gakuin-university?lang=en
s00000026367001,https://jpcampus.net/school/univ_kwassui-womens-university
s00000026367001,https://jpcampus.net/school/univ_kwassui-womens-university?lang=en
s00000026367001,https://jpcampus.net/school/univ_kyoai-gakuen-university-guide
s00000026367001,https://jpcampus.net/school/univ_kyoai-gakuen-university-guide?lang=en
s00000026367001,https://jpcampus.net/school/univ_kyoto-city-university-of-arts-guide
s00000026367001,https://jpcampus.net/school/univ_kyoto-city-university-of-arts-guide?lang=en
s00000026367001,https://jpcampus.net/school/univ_kyoto-koka-womens-university-international-student-guide
s00000026367001,https://jpcampus.net/school/univ_kyoto-koka-womens-university-international-student-guide?lang=en
s00000026367001,https://jpcampus.net/school/univ_kyoto-prefectural-university-of-medicine-guide
s00000026367001,https://jpcampus.net/school/univ_kyoto-prefectural-university-of-medicine-guide?lang=en
s00000026367001,https://jpcampus.net/school/univ_kyoto-tachibana-university-comprehensive-guide
s00000026367001,https://jpcampus.net/school/univ_kyoto-tachibana-university-comprehensive-guide?lang=en
s00000026367001,https://jpcampus.net/school/univ_kyoto-university
s00000026367001,https://jpcampus.net/school/univ_kyoto-university-of-advanced-science-comprehensive-guide
s00000026367001,https://jpcampus.net/school/univ_kyoto-university-of-advanced-science-comprehensive-guide?lang=en
s00000026367001,https://jpcampus.net/school/univ_kyoto-university-of-art-and-design-kyobi
s00000026367001,https://jpcampus.net/school/univ_kyoto-university-of-art-and-design-kyobi?lang=en
s00000026367001,https://jpcampus.net/school/univ_kyoto-university?lang=en
s00000026367001,https://jpcampus.net/school/univ_kyoto-womens-university-comprehensive-guide
s00000026367001,https://jpcampus.net/school/univ_kyoto-womens-university-comprehensive-guide?lang=en
s00000026367001,https://jpcampus.net/school/univ_kyushu-dental-university-comprehensive-guide
s00000026367001,https://jpcampus.net/school/univ_kyushu-dental-university-comprehensive-guide?lang=en
s00000026367001,https://jpcampus.net/school/univ_kyushu-institute-of-information-sciences
s00000026367001,https://jpcampus.net/school/univ_kyushu-institute-of-information-sciences?lang=en
s00000026367001,https://jpcampus.net/school/univ_kyushu-international-university
s00000026367001,https://jpcampus.net/school/univ_kyushu-international-university?lang=en
s00000026367001,https://jpcampus.net/school/univ_kyushu-lutheran-college
s00000026367001,https://jpcampus.net/school/univ_kyushu-lutheran-college?lang=en
s00000026367001,https://jpcampus.net/school/univ_kyushu-university
s00000026367001,https://jpcampus.net/school/univ_kyushu-university?lang=en
s00000026367001,https://jpcampus.net/school/univ_matsuyama-university-comprehensive-guide
s00000026367001,https://jpcampus.net/school/univ_matsuyama-university-comprehensive-guide?lang=en
s00000026367001,https://jpcampus.net/school/univ_meiji-gakuin-university-comprehensive-guide
s00000026367001,https://jpcampus.net/school/univ_meiji-gakuin-university-comprehensive-guide?lang=en
s00000026367001,https://jpcampus.net/school/univ_meiji-university
s00000026367001,https://jpcampus.net/school/univ_meiji-university?lang=en
s00000026367001,https://jpcampus.net/school/univ_meijo-university-nagoya-guide
s00000026367001,https://jpcampus.net/school/univ_meijo-university-nagoya-guide?lang=en
s00000026367001,https://jpcampus.net/school/univ_meikai-university-international-student-guide
s00000026367001,https://jpcampus.net/school/univ_meikai-university-international-student-guide?lang=en
s00000026367001,https://jpcampus.net/school/univ_meio-university-okinawa-guide
s00000026367001,https://jpcampus.net/school/univ_meio-university-okinawa-guide?lang=en
s00000026367001,https://jpcampus.net/school/univ_mie-prefectural-college-of-nursing
s00000026367001,https://jpcampus.net/school/univ_mie-prefectural-college-of-nursing?lang=en
s00000026367001,https://jpcampus.net/school/univ_mie-university-guide-international-students
s00000026367001,https://jpcampus.net/school/univ_mie-university-guide-international-students?lang=en
s00000026367001,https://jpcampus.net/school/univ_miyagi-gakuin-womens-university-guide
s00000026367001,https://jpcampus.net/school/univ_miyagi-gakuin-womens-university-guide?lang=en
s00000026367001,https://jpcampus.net/school/univ_miyagi-university-international-student-guide
s00000026367001,https://jpcampus.net/school/univ_miyagi-university-international-student-guide?lang=en
s00000026367001,https://jpcampus.net/school/univ_miyazaki-municipal-university-guide
s00000026367001,https://jpcampus.net/school/univ_miyazaki-municipal-university-guide?lang=en
s00000026367001,https://jpcampus.net/school/univ_momoyama-gakuin-university-international-student-guide
s00000026367001,https://jpcampus.net/school/univ_momoyama-gakuin-university-international-student-guide?lang=en
s00000026367001,https://jpcampus.net/school/univ_mukogawa-womens-university
s00000026367001,https://jpcampus.net/school/univ_mukogawa-womens-university?lang=en
s00000026367001,https://jpcampus.net/school/univ_musashino-art-university
s00000026367001,https://jpcampus.net/school/univ_musashino-art-university?lang=en
s00000026367001,https://jpcampus.net/school/univ_nagaoka-university-international-student-guide
s00000026367001,https://jpcampus.net/school/univ_nagaoka-university-international-student-guide?lang=en
s00000026367001,https://jpcampus.net/school/univ_nagasaki-international-university
s00000026367001,https://jpcampus.net/school/univ_nagasaki-international-university?lang=en
s00000026367001,https://jpcampus.net/school/univ_nagasaki-junshin-catholic-university
s00000026367001,https://jpcampus.net/school/univ_nagasaki-junshin-catholic-university?lang=en
s00000026367001,https://jpcampus.net/school/univ_nagasaki-university
s00000026367001,https://jpcampus.net/school/univ_nagasaki-university?lang=en
s00000026367001,https://jpcampus.net/school/univ_nagoya-bunri-university-guide
s00000026367001,https://jpcampus.net/school/univ_nagoya-bunri-university-guide?lang=en
s00000026367001,https://jpcampus.net/school/univ_nagoya-city-university-guide
s00000026367001,https://jpcampus.net/school/univ_nagoya-city-university-guide?lang=en
s00000026367001,https://jpcampus.net/school/univ_nagoya-gakuin-university-comprehensive-guide
s00000026367001,https://jpcampus.net/school/univ_nagoya-gakuin-university-comprehensive-guide?lang=en
s00000026367001,https://jpcampus.net/school/univ_nagoya-ryujo-womens-university-guide
s00000026367001,https://jpcampus.net/school/univ_nagoya-ryujo-womens-university-guide?lang=en
s00000026367001,https://jpcampus.net/school/univ_nagoya-university-of-commerce-business-nucb
s00000026367001,https://jpcampus.net/school/univ_nagoya-university-of-commerce-business-nucb?lang=en
s00000026367001,https://jpcampus.net/school/univ_nagoya-university-of-foreign-studies-comprehensive-guide
s00000026367001,https://jpcampus.net/school/univ_nagoya-university-of-foreign-studies-comprehensive-guide?lang=en
s00000026367001,https://jpcampus.net/school/univ_nakamura-gakuen-university
s00000026367001,https://jpcampus.net/school/univ_nakamura-gakuen-university?lang=en
s00000026367001,https://jpcampus.net/school/univ_nara-medical-university-guide
s00000026367001,https://jpcampus.net/school/univ_nara-medical-university-guide?lang=en
s00000026367001,https://jpcampus.net/school/univ_nara-womens-university-guide
s00000026367001,https://jpcampus.net/school/univ_nara-womens-university-guide?lang=en
s00000026367001,https://jpcampus.net/school/univ_national-institute-of-fitness-and-sports-in-kanoya-guide
s00000026367001,https://jpcampus.net/school/univ_national-institute-of-fitness-and-sports-in-kanoya-guide?lang=en
s00000026367001,https://jpcampus.net/school/univ_nihon-fukushi-university-comprehensive-guide
s00000026367001,https://jpcampus.net/school/univ_nihon-fukushi-university-comprehensive-guide?lang=en
s00000026367001,https://jpcampus.net/school/univ_niigata-sangyo-university-international-student-guide
s00000026367001,https://jpcampus.net/school/univ_niigata-sangyo-university-international-student-guide?lang=en
s00000026367001,https://jpcampus.net/school/univ_niigata-university
s00000026367001,https://jpcampus.net/school/univ_niigata-university-of-international-and-information-studies
s00000026367001,https://jpcampus.net/school/univ_niigata-university-of-international-and-information-studies?lang=en
s00000026367001,https://jpcampus.net/school/univ_niigata-university?lang=en
s00000026367001,https://jpcampus.net/school/univ_nippon-bunri-university-guide
s00000026367001,https://jpcampus.net/school/univ_nippon-bunri-university-guide?lang=en
s00000026367001,https://jpcampus.net/school/univ_obihiro-university-of-agriculture-and-veterinary-medicine
s00000026367001,https://jpcampus.net/school/univ_obihiro-university-of-agriculture-and-veterinary-medicine?lang=en
s00000026367001,https://jpcampus.net/school/univ_ohka-gakuen-university-guide-international-students
s00000026367001,https://jpcampus.net/school/univ_ohka-gakuen-university-guide-international-students?lang=en
s00000026367001,https://jpcampus.net/school/univ_ohtani-university-kyoto-international-student-guide
s00000026367001,https://jpcampus.net/school/univ_ohtani-university-kyoto-international-student-guide?lang=en
s00000026367001,https://jpcampus.net/school/univ_okayama-prefectural-university-guide
s00000026367001,https://jpcampus.net/school/univ_okayama-prefectural-university-guide?lang=en
s00000026367001,https://jpcampus.net/school/univ_okayama-shoka-university-guide
s00000026367001,https://jpcampus.net/school/univ_okayama-shoka-university-guide?lang=en
s00000026367001,https://jpcampus.net/school/univ_okayama-university-of-science-guide
s00000026367001,https://jpcampus.net/school/univ_okayama-university-of-science-guide?lang=en
s00000026367001,https://jpcampus.net/school/univ_okazaki-womens-university-junior-college-guide
s00000026367001,https://jpcampus.net/school/univ_okazaki-womens-university-junior-college-guide?lang=en
s00000026367001,https://jpcampus.net/school/univ_okinawa-international-university-okiu
s00000026367001,https://jpcampus.net/school/univ_okinawa-international-university-okiu?lang=en
s00000026367001,https://jpcampus.net/school/univ_okinawa-prefectural-university-of-arts
s00000026367001,https://jpcampus.net/school/univ_okinawa-prefectural-university-of-arts?lang=en
s00000026367001,https://jpcampus.net/school/univ_osaka-electro-communication-university-international-student-guide
s00000026367001,https://jpcampus.net/school/univ_osaka-electro-communication-university-international-student-guide?lang=en
s00000026367001,https://jpcampus.net/school/univ_osaka-gakuin-university-comprehensive-guide
s00000026367001,https://jpcampus.net/school/univ_osaka-gakuin-university-comprehensive-guide?lang=en
s00000026367001,https://jpcampus.net/school/univ_osaka-institute-of-technology-guide
s00000026367001,https://jpcampus.net/school/univ_osaka-institute-of-technology-guide?lang=en
s00000026367001,https://jpcampus.net/school/univ_osaka-international-university
s00000026367001,https://jpcampus.net/school/univ_osaka-international-university?lang=en
s00000026367001,https://jpcampus.net/school/univ_osaka-metropolitan-university-omu-guide
s00000026367001,https://jpcampus.net/school/univ_osaka-metropolitan-university-omu-guide?lang=en
s00000026367001,https://jpcampus.net/school/univ_osaka-sangyo-university-guide
s00000026367001,https://jpcampus.net/school/univ_osaka-sangyo-university-guide?lang=en
s00000026367001,https://jpcampus.net/school/univ_osaka-seikei-university-comprehensive-guide
s00000026367001,https://jpcampus.net/school/univ_osaka-seikei-university-comprehensive-guide?lang=en
s00000026367001,https://jpcampus.net/school/univ_osaka-university-of-arts-guide
s00000026367001,https://jpcampus.net/school/univ_osaka-university-of-arts-guide?lang=en
s00000026367001,https://jpcampus.net/school/univ_osaka-university-of-commerce-guide
s00000026367001,https://jpcampus.net/school/univ_osaka-university-of-commerce-guide?lang=en
s00000026367001,https://jpcampus.net/school/univ_osaka-university-of-economics-guide
s00000026367001,https://jpcampus.net/school/univ_osaka-university-of-economics-guide?lang=en
s00000026367001,https://jpcampus.net/school/univ_otaru-university-of-commerce-guide
s00000026367001,https://jpcampus.net/school/univ_otaru-university-of-commerce-guide?lang=en
s00000026367001,https://jpcampus.net/school/univ_otemae-university-guide-for-international-students
s00000026367001,https://jpcampus.net/school/univ_otemae-university-guide-for-international-students?lang=en
s00000026367001,https://jpcampus.net/school/univ_otemon-gakuin-university
s00000026367001,https://jpcampus.net/school/univ_otemon-gakuin-university?lang=en
s00000026367001,https://jpcampus.net/school/univ_prefectural-university-of-hiroshima
s00000026367001,https://jpcampus.net/school/univ_prefectural-university-of-hiroshima?lang=en
s00000026367001,https://jpcampus.net/school/univ_prefectural-university-of-kumamoto
s00000026367001,https://jpcampus.net/school/univ_prefectural-university-of-kumamoto?lang=en
s00000026367001,https://jpcampus.net/school/univ_ritsumeikan-university
s00000026367001,https://jpcampus.net/school/univ_ritsumeikan-university?lang=en
s00000026367001,https://jpcampus.net/school/univ_ryukoku-university
s00000026367001,https://jpcampus.net/school/univ_ryukoku-university?lang=en
s00000026367001,https://jpcampus.net/school/univ_saga-university-international-student-guide
s00000026367001,https://jpcampus.net/school/univ_saga-university-international-student-guide?lang=en
s00000026367001,https://jpcampus.net/school/univ_saitama-institute-of-technology-guide
s00000026367001,https://jpcampus.net/school/univ_saitama-institute-of-technology-guide?lang=en
s00000026367001,https://jpcampus.net/school/univ_saitama-university
s00000026367001,https://jpcampus.net/school/univ_saitama-university?lang=en
s00000026367001,https://jpcampus.net/school/univ_sakushin-gakuin-university-guide
s00000026367001,https://jpcampus.net/school/univ_sakushin-gakuin-university-guide?lang=en
s00000026367001,https://jpcampus.net/school/univ_sanno-university-comprehensive-guide-for-international-students
s00000026367001,https://jpcampus.net/school/univ_sanno-university-comprehensive-guide-for-international-students?lang=en
s00000026367001,https://jpcampus.net/school/univ_sanyo-gakuen-university
s00000026367001,https://jpcampus.net/school/univ_sanyo-gakuen-university?lang=en
s00000026367001,https://jpcampus.net/school/univ_seigakuin-university-guide-international-students
s00000026367001,https://jpcampus.net/school/univ_seigakuin-university-guide-international-students?lang=en
s00000026367001,https://jpcampus.net/school/univ_seinan-gakuin-university-fukuoka
s00000026367001,https://jpcampus.net/school/univ_seinan-gakuin-university-fukuoka?lang=en
s00000026367001,https://jpcampus.net/school/univ_senshu-university
s00000026367001,https://jpcampus.net/school/univ_senshu-university?lang=en
s00000026367001,https://jpcampus.net/school/univ_setsunan-university-comprehensive-guide
s00000026367001,https://jpcampus.net/school/univ_setsunan-university-comprehensive-guide?lang=en
s00000026367001,https://jpcampus.net/school/univ_shikoku-gakuin-university-guide
s00000026367001,https://jpcampus.net/school/univ_shikoku-gakuin-university-guide?lang=en
s00000026367001,https://jpcampus.net/school/univ_shikoku-university
s00000026367001,https://jpcampus.net/school/univ_shikoku-university?lang=en
s00000026367001,https://jpcampus.net/school/univ_shimane-university-comprehensive-guide
s00000026367001,https://jpcampus.net/school/univ_shimane-university-comprehensive-guide?lang=en
s00000026367001,https://jpcampus.net/school/univ_shinshu-university
s00000026367001,https://jpcampus.net/school/univ_shinshu-university?lang=en
s00000026367001,https://jpcampus.net/school/univ_shitennoji-university-international-student-guide
s00000026367001,https://jpcampus.net/school/univ_shitennoji-university-international-student-guide?lang=en
s00000026367001,https://jpcampus.net/school/univ_shizuoka-university-of-welfare
s00000026367001,https://jpcampus.net/school/univ_shizuoka-university-of-welfare?lang=en
s00000026367001,https://jpcampus.net/school/univ_shujitsu-university-international-student-guide
s00000026367001,https://jpcampus.net/school/univ_shujitsu-university-international-student-guide?lang=en
s00000026367001,https://jpcampus.net/school/univ_sojo-university-comprehensive-guide
s00000026367001,https://jpcampus.net/school/univ_sojo-university-comprehensive-guide?lang=en
s00000026367001,https://jpcampus.net/school/univ_sonoda-gakuen-womens-university-guide
s00000026367001,https://jpcampus.net/school/univ_sonoda-gakuen-womens-university-guide?lang=en
s00000026367001,https://jpcampus.net/school/univ_sophia-university
s00000026367001,https://jpcampus.net/school/univ_sophia-university?lang=en
s00000026367001,https://jpcampus.net/school/univ_st-catherine-university
s00000026367001,https://jpcampus.net/school/univ_st-catherine-university?lang=en
s00000026367001,https://jpcampus.net/school/univ_sugiyama-jogakuen-university-guide
s00000026367001,https://jpcampus.net/school/univ_sugiyama-jogakuen-university-guide?lang=en
s00000026367001,https://jpcampus.net/school/univ_surugadai-university-guide-international-students
s00000026367001,https://jpcampus.net/school/univ_surugadai-university-guide-international-students?lang=en
s00000026367001,https://jpcampus.net/school/univ_suzuka-university-of-medical-science-guide
s00000026367001,https://jpcampus.net/school/univ_suzuka-university-of-medical-science-guide?lang=en
s00000026367001,https://jpcampus.net/school/univ_takamatsu-university
s00000026367001,https://jpcampus.net/school/univ_takamatsu-university?lang=en
s00000026367001,https://jpcampus.net/school/univ_takaoka-university-of-law
s00000026367001,https://jpcampus.net/school/univ_takaoka-university-of-law?lang=en
s00000026367001,https://jpcampus.net/school/univ_takasaki-city-university-of-economics-comprehensive-guide
s00000026367001,https://jpcampus.net/school/univ_takasaki-city-university-of-economics-comprehensive-guide?lang=en
s00000026367001,https://jpcampus.net/school/univ_tenri-university-guide-international-students
s00000026367001,https://jpcampus.net/school/univ_tenri-university-guide-international-students?lang=en
s00000026367001,https://jpcampus.net/school/univ_tezukayama-gakuin-university
s00000026367001,https://jpcampus.net/school/univ_tezukayama-gakuin-university?lang=en
s00000026367001,https://jpcampus.net/school/univ_tezukayama-university-nara-comprehensive-guide
s00000026367001,https://jpcampus.net/school/univ_tezukayama-university-nara-comprehensive-guide?lang=en
s00000026367001,https://jpcampus.net/school/univ_the-university-of-aizu-guide-international-students
s00000026367001,https://jpcampus.net/school/univ_the-university-of-aizu-guide-international-students?lang=en
s00000026367001,https://jpcampus.net/school/univ_the-university-of-kitakyushu-international-student-guide
s00000026367001,https://jpcampus.net/school/univ_the-university-of-kitakyushu-international-student-guide?lang=en
s00000026367001,https://jpcampus.net/school/univ_the-university-of-shiga-prefecture-guide
s00000026367001,https://jpcampus.net/school/univ_the-university-of-shiga-prefecture-guide?lang=en
s00000026367001,https://jpcampus.net/school/univ_tohoku-fukushi-university-guide
s00000026367001,https://jpcampus.net/school/univ_tohoku-fukushi-university-guide?lang=en
s00000026367001,https://jpcampus.net/school/univ_tohoku-gakuin-university-comprehensive-guide
s00000026367001,https://jpcampus.net/school/univ_tohoku-gakuin-university-comprehensive-guide?lang=en
s00000026367001,https://jpcampus.net/school/univ_tohoku-institute-of-technology-guide
s00000026367001,https://jpcampus.net/school/univ_tohoku-institute-of-technology-guide?lang=en
s00000026367001,https://jpcampus.net/school/univ_toin-university-of-yokohama-international-student-guide
s00000026367001,https://jpcampus.net/school/univ_toin-university-of-yokohama-international-student-guide?lang=en
s00000026367001,https://jpcampus.net/school/univ_tokiwa-university-international-student-guide
s00000026367001,https://jpcampus.net/school/univ_tokiwa-university-international-student-guide?lang=en
s00000026367001,https://jpcampus.net/school/univ_tokoha-university-shizuoka-guide
s00000026367001,https://jpcampus.net/school/univ_tokoha-university-shizuoka-guide?lang=en
s00000026367001,https://jpcampus.net/school/univ_tokushima-bunri-university
s00000026367001,https://jpcampus.net/school/univ_tokushima-bunri-university?lang=en
s00000026367001,https://jpcampus.net/school/univ_tokuyama-university-shunan-public-university
s00000026367001,https://jpcampus.net/school/univ_tokuyama-university-shunan-public-university?lang=en
s00000026367001,https://jpcampus.net/school/univ_tokyo-city-university-international-student-guide
s00000026367001,https://jpcampus.net/school/univ_tokyo-city-university-international-student-guide?lang=en
s00000026367001,https://jpcampus.net/school/univ_tokyo-metropolitan-university-tmu-guide
s00000026367001,https://jpcampus.net/school/univ_tokyo-metropolitan-university-tmu-guide?lang=en
s00000026367001,https://jpcampus.net/school/univ_tokyo-university-foreign-studies-tufs-guide
s00000026367001,https://jpcampus.net/school/univ_tokyo-university-foreign-studies-tufs-guide?lang=en
s00000026367001,https://jpcampus.net/school/univ_tokyo-university-of-science
s00000026367001,https://jpcampus.net/school/univ_tokyo-university-of-science?lang=en
s00000026367001,https://jpcampus.net/school/univ_tokyo-university-of-the-arts
s00000026367001,https://jpcampus.net/school/univ_tokyo-university-of-the-arts?lang=en
s00000026367001,https://jpcampus.net/school/univ_tokyo-university-social-welfare-guide
s00000026367001,https://jpcampus.net/school/univ_tokyo-university-social-welfare-guide?lang=en
s00000026367001,https://jpcampus.net/school/univ_tottori-university-international-student-guide
s00000026367001,https://jpcampus.net/school/univ_tottori-university-international-student-guide?lang=en
s00000026367001,https://jpcampus.net/school/univ_toyama-prefectural-university-guide
s00000026367001,https://jpcampus.net/school/univ_toyama-prefectural-university-guide?lang=en
s00000026367001,https://jpcampus.net/school/univ_toyama-university-of-international-studies-guide
s00000026367001,https://jpcampus.net/school/univ_toyama-university-of-international-studies-guide?lang=en
s00000026367001,https://jpcampus.net/school/univ_toyo-eiwa-university-guide
s00000026367001,https://jpcampus.net/school/univ_toyo-eiwa-university-guide?lang=en
s00000026367001,https://jpcampus.net/school/univ_toyo-university
s00000026367001,https://jpcampus.net/school/univ_toyo-university?lang=en
s00000026367001,https://jpcampus.net/school/univ_tsuda-university-international-students-guide
s00000026367001,https://jpcampus.net/school/univ_tsuda-university-international-students-guide?lang=en
s00000026367001,https://jpcampus.net/school/univ_tsukuba-international-university-guide
s00000026367001,https://jpcampus.net/school/univ_tsukuba-international-university-guide?lang=en
s00000026367001,https://jpcampus.net/school/univ_tsurumi-university-guide-for-international-students
s00000026367001,https://jpcampus.net/school/univ_tsurumi-university-guide-for-international-students?lang=en
s00000026367001,https://jpcampus.net/school/univ_university-of-east-asia
s00000026367001,https://jpcampus.net/school/univ_university-of-east-asia?lang=en
s00000026367001,https://jpcampus.net/school/univ_university-of-electro-communications-uec-guide
s00000026367001,https://jpcampus.net/school/univ_university-of-electro-communications-uec-guide?lang=en
s00000026367001,https://jpcampus.net/school/univ_university-of-fukui
s00000026367001,https://jpcampus.net/school/univ_university-of-fukui?lang=en
s00000026367001,https://jpcampus.net/school/univ_university-of-hyogo-comprehensive-guide
s00000026367001,https://jpcampus.net/school/univ_university-of-hyogo-comprehensive-guide?lang=en
s00000026367001,https://jpcampus.net/school/univ_university-of-marketing-and-distribution-sciences-guide
s00000026367001,https://jpcampus.net/school/univ_university-of-marketing-and-distribution-sciences-guide?lang=en
s00000026367001,https://jpcampus.net/school/univ_university-of-nagasaki-guide
s00000026367001,https://jpcampus.net/school/univ_university-of-nagasaki-guide?lang=en
s00000026367001,https://jpcampus.net/school/univ_university-of-niigata-prefecture
s00000026367001,https://jpcampus.net/school/univ_university-of-niigata-prefecture?lang=en
s00000026367001,https://jpcampus.net/school/univ_university-of-shizuoka-guide-international-students
s00000026367001,https://jpcampus.net/school/univ_university-of-shizuoka-guide-international-students?lang=en
s00000026367001,https://jpcampus.net/school/univ_university-of-the-ryukyus-okinawa
s00000026367001,https://jpcampus.net/school/univ_university-of-the-ryukyus-okinawa?lang=en
s00000026367001,https://jpcampus.net/school/univ_university-of-toyama-international-student-guide
s00000026367001,https://jpcampus.net/school/univ_university-of-toyama-international-student-guide?lang=en
s00000026367001,https://jpcampus.net/school/univ_wakayama-medical-university-international-student-guide
s00000026367001,https://jpcampus.net/school/univ_wakayama-medical-university-international-student-guide?lang=en
s00000026367001,https://jpcampus.net/school/univ_wakayama-university-international-student-guide
s00000026367001,https://jpcampus.net/school/univ_wakayama-university-international-student-guide?lang=en
s00000026367001,https://jpcampus.net/school/univ_wayo-womens-university-guide
s00000026367001,https://jpcampus.net/school/univ_wayo-womens-university-guide?lang=en
s00000026367001,https://jpcampus.net/school/univ_yamagata-prefectural-university-of-health-sciences-guide
s00000026367001,https://jpcampus.net/school/univ_yamagata-prefectural-university-of-health-sciences-guide?lang=en
s00000026367001,https://jpcampus.net/school/univ_yamaguchi-gakugei-university
s00000026367001,https://jpcampus.net/school/univ_yamaguchi-gakugei-university?lang=en
s00000026367001,https://jpcampus.net/school/univ_yamaguchi-prefectural-university-guide
s00000026367001,https://jpcampus.net/school/univ_yamaguchi-prefectural-university-guide?lang=en
s00000026367001,https://jpcampus.net/school/univ_yamaguchi-university-comprehensive-guide
s00000026367001,https://jpcampus.net/school/univ_yamaguchi-university-comprehensive-guide?lang=en
s00000026367001,https://jpcampus.net/school/univ_yamanashi-gakuin-university-comprehensive-guide
s00000026367001,https://jpcampus.net/school/univ_yamanashi-gakuin-university-comprehensive-guide?lang=en
s00000026367001,https://jpcampus.net/school/univ_yamanashi-prefectural-university-international-student-guide
s00000026367001,https://jpcampus.net/school/univ_yamanashi-prefectural-university-international-student-guide?lang=en
s00000026367001,https://jpcampus.net/school/univ_yasuda-womens-university-guide
s00000026367001,https://jpcampus.net/school/univ_yasuda-womens-university-guide?lang=en
s00000026367001,https://jpcampus.net/school/univ_yokkaichi-university-guide
s00000026367001,https://jpcampus.net/school/univ_yokkaichi-university-guide?lang=en
s00000026367001,https://jpcampus.net/school/univ_yokohama-city-university-ycu-comprehensive-guide
s00000026367001,https://jpcampus.net/school/univ_yokohama-city-university-ycu-comprehensive-guide?lang=en
s00000026367001,https://jpcampus.net/school/univ_yokohama-college-of-commerce-guide
s00000026367001,https://jpcampus.net/school/univ_yokohama-college-of-commerce-guide?lang=en
s00000026367001,https://jpcampus.net/university/aichi-gakuin-university
s00000026367001,https://jpcampus.net/university/aichi-gakuin-university?lang=en
s00000026367001,https://jpcampus.net/university/aichi-gakuin-university_kr
s00000026367001,https://jpcampus.net/university/aichi-gakuin-university_kr?lang=en
s00000026367001,https://jpcampus.net/university/aichi-institute-of-technology-international-student-guide
s00000026367001,https://jpcampus.net/university/aichi-institute-of-technology-international-student-guide?lang=en
s00000026367001,https://jpcampus.net/university/aichi-institute-of-technology-international-student-guide_kr
s00000026367001,https://jpcampus.net/university/aichi-institute-of-technology-international-student-guide_kr?lang=en
s00000026367001,https://jpcampus.net/university/aichi-prefectural-university-guide-international-students
s00000026367001,https://jpcampus.net/university/aichi-prefectural-university-guide-international-students?lang=en
s00000026367001,https://jpcampus.net/university/aichi-prefectural-university-guide-international-students_kr
s00000026367001,https://jpcampus.net/university/aichi-prefectural-university-guide-international-students_kr?lang=en
s00000026367001,https://jpcampus.net/university/aichi-shukutoku-university-international-student-guide
s00000026367001,https://jpcampus.net/university/aichi-shukutoku-university-international-student-guide?lang=en
s00000026367001,https://jpcampus.net/university/aichi-shukutoku-university-international-student-guide_kr
s00000026367001,https://jpcampus.net/university/aichi-shukutoku-university-international-student-guide_kr?lang=en
s00000026367001,https://jpcampus.net/university/aichi-toho-university-guide-for-international-students
s00000026367001,https://jpcampus.net/university/aichi-toho-university-guide-for-international-students?lang=en
s00000026367001,https://jpcampus.net/university/aichi-toho-university-guide-for-international-students_kr
s00000026367001,https://jpcampus.net/university/aichi-toho-university-guide-for-international-students_kr?lang=en
s00000026367001,https://jpcampus.net/university/aichi-university-international-student-guide
s00000026367001,https://jpcampus.net/university/aichi-university-international-student-guide?lang=en
s00000026367001,https://jpcampus.net/university/aichi-university-international-student-guide_kr
s00000026367001,https://jpcampus.net/university/aichi-university-international-student-guide_kr?lang=en
s00000026367001,https://jpcampus.net/university/aino-university-international-student-guide
s00000026367001,https://jpcampus.net/university/aino-university-international-student-guide?lang=en
s00000026367001,https://jpcampus.net/university/aino-university-international-student-guide_kr
s00000026367001,https://jpcampus.net/university/aino-university-international-student-guide_kr?lang=en
s00000026367001,https://jpcampus.net/university/akita-international-university-aiu-guide
s00000026367001,https://jpcampus.net/university/akita-international-university-aiu-guide?lang=en
s00000026367001,https://jpcampus.net/university/akita-international-university-aiu-guide_kr
s00000026367001,https://jpcampus.net/university/akita-international-university-aiu-guide_kr?lang=en
s00000026367001,https://jpcampus.net/university/akita-prefectural-university-guide
s00000026367001,https://jpcampus.net/university/akita-prefectural-university-guide?lang=en
s00000026367001,https://jpcampus.net/university/akita-prefectural-university-guide_kr
s00000026367001,https://jpcampus.net/university/akita-prefectural-university-guide_kr?lang=en
s00000026367001,https://jpcampus.net/university/akita-university-comprehensive-guide-international-students
s00000026367001,https://jpcampus.net/university/akita-university-comprehensive-guide-international-students?lang=en
s00000026367001,https://jpcampus.net/university/akita-university-comprehensive-guide-international-students_kr
s00000026367001,https://jpcampus.net/university/akita-university-comprehensive-guide-international-students_kr?lang=en
s00000026367001,https://jpcampus.net/university/aomori-university-of-health-and-welfare-guide
s00000026367001,https://jpcampus.net/university/aomori-university-of-health-and-welfare-guide?lang=en
s00000026367001,https://jpcampus.net/university/aomori-university-of-health-and-welfare-guide_kr
s00000026367001,https://jpcampus.net/university/aomori-university-of-health-and-welfare-guide_kr?lang=en
s00000026367001,https://jpcampus.net/university/asahi-university-international-student-guide
s00000026367001,https://jpcampus.net/university/asahi-university-international-student-guide?lang=en
s00000026367001,https://jpcampus.net/university/asahi-university-international-student-guide_kr
s00000026367001,https://jpcampus.net/university/asahi-university-international-student-guide_kr?lang=en
s00000026367001,https://jpcampus.net/university/ashikaga-university-comprehensive-guide
s00000026367001,https://jpcampus.net/university/ashikaga-university-comprehensive-guide?lang=en
s00000026367001,https://jpcampus.net/university/ashikaga-university-comprehensive-guide_kr
s00000026367001,https://jpcampus.net/university/ashikaga-university-comprehensive-guide_kr?lang=en
s00000026367001,https://jpcampus.net/university/ashiya-university-comprehensive-international-student-guide
s00000026367001,https://jpcampus.net/university/ashiya-university-comprehensive-international-student-guide?lang=en
s00000026367001,https://jpcampus.net/university/ashiya-university-comprehensive-international-student-guide_kr
s00000026367001,https://jpcampus.net/university/ashiya-university-comprehensive-international-student-guide_kr?lang=en
s00000026367001,https://jpcampus.net/university/asia-university
s00000026367001,https://jpcampus.net/university/asia-university?lang=en
s00000026367001,https://jpcampus.net/university/asia-university_kr
s00000026367001,https://jpcampus.net/university/asia-university_kr?lang=en
s00000026367001,https://jpcampus.net/university/baiko-gakuin-university
s00000026367001,https://jpcampus.net/university/baiko-gakuin-university?lang=en
s00000026367001,https://jpcampus.net/university/beppu-university-international-student-guide
s00000026367001,https://jpcampus.net/university/beppu-university-international-student-guide?lang=en
s00000026367001,https://jpcampus.net/university/beppu-university-international-student-guide_kr
s00000026367001,https://jpcampus.net/university/beppu-university-international-student-guide_kr?lang=en
s00000026367001,https://jpcampus.net/university/bunkyo-university-international-student-guide
s00000026367001,https://jpcampus.net/university/bunkyo-university-international-student-guide?lang=en
s00000026367001,https://jpcampus.net/university/bunkyo-university-international-student-guide_kr
s00000026367001,https://jpcampus.net/university/bunkyo-university-international-student-guide_kr?lang=en
s00000026367001,https://jpcampus.net/university/chiba-institute-of-technology-guide
s00000026367001,https://jpcampus.net/university/chiba-institute-of-technology-guide?lang=en
s00000026367001,https://jpcampus.net/university/chiba-institute-of-technology-guide_kr
s00000026367001,https://jpcampus.net/university/chiba-institute-of-technology-guide_kr?lang=en
s00000026367001,https://jpcampus.net/university/chiba-prefectural-university-of-health-sciences-guide
s00000026367001,https://jpcampus.net/university/chiba-prefectural-university-of-health-sciences-guide?lang=en
s00000026367001,https://jpcampus.net/university/chiba-prefectural-university-of-health-sciences-guide_kr
s00000026367001,https://jpcampus.net/university/chiba-prefectural-university-of-health-sciences-guide_kr?lang=en
s00000026367001,https://jpcampus.net/university/chiba-university-of-commerce-guide
s00000026367001,https://jpcampus.net/university/chiba-university-of-commerce-guide?lang=en
s00000026367001,https://jpcampus.net/university/chiba-university-of-commerce-guide_kr
s00000026367001,https://jpcampus.net/university/chiba-university-of-commerce-guide_kr?lang=en
s00000026367001,https://jpcampus.net/university/chubu-university-international-student-guide
s00000026367001,https://jpcampus.net/university/chubu-university-international-student-guide?lang=en
s00000026367001,https://jpcampus.net/university/chubu-university-international-student-guide_kr
s00000026367001,https://jpcampus.net/university/chubu-university-international-student-guide_kr?lang=en
s00000026367001,https://jpcampus.net/university/chugoku-gakuen-university
s00000026367001,https://jpcampus.net/university/chugoku-gakuen-university?lang=en
s00000026367001,https://jpcampus.net/university/chukyo-university-nagoya
s00000026367001,https://jpcampus.net/university/chukyo-university-nagoya?lang=en
s00000026367001,https://jpcampus.net/university/chukyo-university-nagoya_kr
s00000026367001,https://jpcampus.net/university/chukyo-university-nagoya_kr?lang=en
s00000026367001,https://jpcampus.net/university/dokkyo-medical-university-guide
s00000026367001,https://jpcampus.net/university/dokkyo-medical-university-guide?lang=en
s00000026367001,https://jpcampus.net/university/dokkyo-medical-university-guide_kr
s00000026367001,https://jpcampus.net/university/dokkyo-medical-university-guide_kr?lang=en
s00000026367001,https://jpcampus.net/university/dokkyo-university-international-students-guide
s00000026367001,https://jpcampus.net/university/dokkyo-university-international-students-guide?lang=en
s00000026367001,https://jpcampus.net/university/dokkyo-university-international-students-guide_kr
s00000026367001,https://jpcampus.net/university/dokkyo-university-international-students-guide_kr?lang=en
s00000026367001,https://jpcampus.net/university/doshisha-womens-college-of-liberal-arts-guide
s00000026367001,https://jpcampus.net/university/doshisha-womens-college-of-liberal-arts-guide?lang=en
s00000026367001,https://jpcampus.net/university/doshisha-womens-college-of-liberal-arts-guide_kr
s00000026367001,https://jpcampus.net/university/doshisha-womens-college-of-liberal-arts-guide_kr?lang=en
s00000026367001,https://jpcampus.net/university/ehime-prefectural-university-of-health-sciences-guide
s00000026367001,https://jpcampus.net/university/ehime-prefectural-university-of-health-sciences-guide?lang=en
s00000026367001,https://jpcampus.net/university/ehime-prefectural-university-of-health-sciences-guide_kr
s00000026367001,https://jpcampus.net/university/ehime-prefectural-university-of-health-sciences-guide_kr?lang=en
s00000026367001,https://jpcampus.net/university/ehime-university-international-student-guide
s00000026367001,https://jpcampus.net/university/ehime-university-international-student-guide?lang=en
s00000026367001,https://jpcampus.net/university/ehime-university-international-student-guide_kr
s00000026367001,https://jpcampus.net/university/ehime-university-international-student-guide_kr?lang=en
s00000026367001,https://jpcampus.net/university/ferris-university-guide-for-international-students
s00000026367001,https://jpcampus.net/university/ferris-university-guide-for-international-students?lang=en
s00000026367001,https://jpcampus.net/university/ferris-university-guide-for-international-students_kr
s00000026367001,https://jpcampus.net/university/ferris-university-guide-for-international-students_kr?lang=en
s00000026367001,https://jpcampus.net/university/fukui-prefectural-university-guide
s00000026367001,https://jpcampus.net/university/fukui-prefectural-university-guide?lang=en
s00000026367001,https://jpcampus.net/university/fukui-prefectural-university-guide_kr
s00000026367001,https://jpcampus.net/university/fukui-prefectural-university-guide_kr?lang=en
s00000026367001,https://jpcampus.net/university/fukui-university-of-technology-guide
s00000026367001,https://jpcampus.net/university/fukui-university-of-technology-guide?lang=en
s00000026367001,https://jpcampus.net/university/fukui-university-of-technology-guide_kr
s00000026367001,https://jpcampus.net/university/fukui-university-of-technology-guide_kr?lang=en
s00000026367001,https://jpcampus.net/university/fukuoka-institute-of-technology-fit
s00000026367001,https://jpcampus.net/university/fukuoka-institute-of-technology-fit?lang=en
s00000026367001,https://jpcampus.net/university/fukuoka-institute-of-technology-fit_kr
s00000026367001,https://jpcampus.net/university/fukuoka-institute-of-technology-fit_kr?lang=en
s00000026367001,https://jpcampus.net/university/fukuoka-jo-gakuin-university
s00000026367001,https://jpcampus.net/university/fukuoka-jo-gakuin-university?lang=en
s00000026367001,https://jpcampus.net/university/fukuoka-jo-gakuin-university_kr
s00000026367001,https://jpcampus.net/university/fukuoka-jo-gakuin-university_kr?lang=en
s00000026367001,https://jpcampus.net/university/fukuoka-prefectural-university-guide
s00000026367001,https://jpcampus.net/university/fukuoka-prefectural-university-guide?lang=en
s00000026367001,https://jpcampus.net/university/fukuoka-prefectural-university-guide_kr
s00000026367001,https://jpcampus.net/university/fukuoka-prefectural-university-guide_kr?lang=en
s00000026367001,https://jpcampus.net/university/fukuoka-womens-university-guide
s00000026367001,https://jpcampus.net/university/fukuoka-womens-university-guide?lang=en
s00000026367001,https://jpcampus.net/university/fukuoka-womens-university-guide_kr
s00000026367001,https://jpcampus.net/university/fukuoka-womens-university-guide_kr?lang=en
s00000026367001,https://jpcampus.net/university/fukuyama-heisei-university-guide
s00000026367001,https://jpcampus.net/university/fukuyama-heisei-university-guide?lang=en
s00000026367001,https://jpcampus.net/university/fukuyama-university
s00000026367001,https://jpcampus.net/university/fukuyama-university?lang=en
s00000026367001,https://jpcampus.net/university/gakushuin-university
s00000026367001,https://jpcampus.net/university/gakushuin-university?lang=en
s00000026367001,https://jpcampus.net/university/gakushuin-university_kr
s00000026367001,https://jpcampus.net/university/gakushuin-university_kr?lang=en
s00000026367001,https://jpcampus.net/university/gakushuin-womens-college-international-student-guide
s00000026367001,https://jpcampus.net/university/gakushuin-womens-college-international-student-guide?lang=en
s00000026367001,https://jpcampus.net/university/gakushuin-womens-college-international-student-guide_kr
s00000026367001,https://jpcampus.net/university/gakushuin-womens-college-international-student-guide_kr?lang=en
s00000026367001,https://jpcampus.net/university/gifu-pharmaceutical-university
s00000026367001,https://jpcampus.net/university/gifu-pharmaceutical-university?lang=en
s00000026367001,https://jpcampus.net/university/gifu-pharmaceutical-university_kr
s00000026367001,https://jpcampus.net/university/gifu-pharmaceutical-university_kr?lang=en
s00000026367001,https://jpcampus.net/university/gifu-shotoku-gakuen-university-comprehensive-guide
s00000026367001,https://jpcampus.net/university/gifu-shotoku-gakuen-university-comprehensive-guide?lang=en
s00000026367001,https://jpcampus.net/university/gifu-shotoku-gakuen-university-comprehensive-guide_kr
s00000026367001,https://jpcampus.net/university/gifu-shotoku-gakuen-university-comprehensive-guide_kr?lang=en
s00000026367001,https://jpcampus.net/university/gunma-prefectural-womens-university
s00000026367001,https://jpcampus.net/university/gunma-prefectural-womens-university?lang=en
s00000026367001,https://jpcampus.net/university/gunma-prefectural-womens-university_kr
s00000026367001,https://jpcampus.net/university/gunma-prefectural-womens-university_kr?lang=en
s00000026367001,https://jpcampus.net/university/gunma-university-guide-international-students
s00000026367001,https://jpcampus.net/university/gunma-university-guide-international-students?lang=en
s00000026367001,https://jpcampus.net/university/gunma-university-guide-international-students_kr
s00000026367001,https://jpcampus.net/university/gunma-university-guide-international-students_kr?lang=en
s00000026367001,https://jpcampus.net/university/gunma-university-of-health-and-welfare
s00000026367001,https://jpcampus.net/university/gunma-university-of-health-and-welfare?lang=en
s00000026367001,https://jpcampus.net/university/gunma-university-of-health-and-welfare_kr
s00000026367001,https://jpcampus.net/university/gunma-university-of-health-and-welfare_kr?lang=en
s00000026367001,https://jpcampus.net/university/hakuoh-university-guide-for-international-students
s00000026367001,https://jpcampus.net/university/hakuoh-university-guide-for-international-students?lang=en
s00000026367001,https://jpcampus.net/university/hakuoh-university-guide-for-international-students_kr
s00000026367001,https://jpcampus.net/university/hakuoh-university-guide-for-international-students_kr?lang=en
s00000026367001,https://jpcampus.net/university/hamamatsu-gakuin-university-guide-international-students
s00000026367001,https://jpcampus.net/university/hamamatsu-gakuin-university-guide-international-students?lang=en
s00000026367001,https://jpcampus.net/university/hamamatsu-gakuin-university-guide-international-students_kr
s00000026367001,https://jpcampus.net/university/hamamatsu-gakuin-university-guide-international-students_kr?lang=en
s00000026367001,https://jpcampus.net/university/hannan-university-guide
s00000026367001,https://jpcampus.net/university/hannan-university-guide?lang=en
s00000026367001,https://jpcampus.net/university/hannan-university-guide_kr
s00000026367001,https://jpcampus.net/university/hannan-university-guide_kr?lang=en
s00000026367001,https://jpcampus.net/university/heisei-college-of-music
s00000026367001,https://jpcampus.net/university/heisei-college-of-music?lang=en
s00000026367001,https://jpcampus.net/university/himeji-dokkyo-university-international-student-guide
s00000026367001,https://jpcampus.net/university/himeji-dokkyo-university-international-student-guide?lang=en
s00000026367001,https://jpcampus.net/university/himeji-dokkyo-university-international-student-guide_kr
s00000026367001,https://jpcampus.net/university/himeji-dokkyo-university-international-student-guide_kr?lang=en
s00000026367001,https://jpcampus.net/university/hirosaki-university-comprehensive-guide
s00000026367001,https://jpcampus.net/university/hirosaki-university-comprehensive-guide?lang=en
s00000026367001,https://jpcampus.net/university/hirosaki-university-comprehensive-guide_kr
s00000026367001,https://jpcampus.net/university/hirosaki-university-comprehensive-guide_kr?lang=en
s00000026367001,https://jpcampus.net/university/hiroshima-bunkyo-university-guide
s00000026367001,https://jpcampus.net/university/hiroshima-bunkyo-university-guide?lang=en
s00000026367001,https://jpcampus.net/university/hiroshima-city-university-guide
s00000026367001,https://jpcampus.net/university/hiroshima-city-university-guide?lang=en
s00000026367001,https://jpcampus.net/university/hiroshima-city-university-guide_kr
s00000026367001,https://jpcampus.net/university/hiroshima-city-university-guide_kr?lang=en
s00000026367001,https://jpcampus.net/university/hiroshima-institute-of-technology-international-student-guide
s00000026367001,https://jpcampus.net/university/hiroshima-institute-of-technology-international-student-guide?lang=en
s00000026367001,https://jpcampus.net/university/hiroshima-institute-of-technology-international-student-guide_kr
s00000026367001,https://jpcampus.net/university/hiroshima-institute-of-technology-international-student-guide_kr?lang=en
s00000026367001,https://jpcampus.net/university/hiroshima-international-university-guide
s00000026367001,https://jpcampus.net/university/hiroshima-international-university-guide?lang=en
s00000026367001,https://jpcampus.net/university/hiroshima-jogakuin-university
s00000026367001,https://jpcampus.net/university/hiroshima-jogakuin-university?lang=en
s00000026367001,https://jpcampus.net/university/hiroshima-kokusai-gakuin-university
s00000026367001,https://jpcampus.net/university/hiroshima-kokusai-gakuin-university?lang=en
s00000026367001,https://jpcampus.net/university/hiroshima-shudo-university-comprehensive-guide
s00000026367001,https://jpcampus.net/university/hiroshima-shudo-university-comprehensive-guide?lang=en
s00000026367001,https://jpcampus.net/university/hiroshima-shudo-university-comprehensive-guide_kr
s00000026367001,https://jpcampus.net/university/hiroshima-shudo-university-comprehensive-guide_kr?lang=en
s00000026367001,https://jpcampus.net/university/hiroshima-university
s00000026367001,https://jpcampus.net/university/hiroshima-university-of-economics-guide
s00000026367001,https://jpcampus.net/university/hiroshima-university-of-economics-guide?lang=en
s00000026367001,https://jpcampus.net/university/hiroshima-university-of-economics-guide_kr
s00000026367001,https://jpcampus.net/university/hiroshima-university-of-economics-guide_kr?lang=en
s00000026367001,https://jpcampus.net/university/hiroshima-university?lang=en
s00000026367001,https://jpcampus.net/university/hiroshima-university_kr
s00000026367001,https://jpcampus.net/university/hiroshima-university_kr?lang=en
s00000026367001,https://jpcampus.net/university/hitotsubashi-university
s00000026367001,https://jpcampus.net/university/hitotsubashi-university?lang=en
s00000026367001,https://jpcampus.net/university/hitotsubashi-university_kr
s00000026367001,https://jpcampus.net/university/hitotsubashi-university_kr?lang=en
s00000026367001,https://jpcampus.net/university/hokkai-gakuen-university-international-student-guide
s00000026367001,https://jpcampus.net/university/hokkai-gakuen-university-international-student-guide?lang=en
s00000026367001,https://jpcampus.net/university/hokkai-gakuen-university-international-student-guide_kr
s00000026367001,https://jpcampus.net/university/hokkai-gakuen-university-international-student-guide_kr?lang=en
s00000026367001,https://jpcampus.net/university/hokkaido-university
s00000026367001,https://jpcampus.net/university/hokkaido-university-of-education-guide
s00000026367001,https://jpcampus.net/university/hokkaido-university-of-education-guide?lang=en
s00000026367001,https://jpcampus.net/university/hokkaido-university-of-education-guide_kr
s00000026367001,https://jpcampus.net/university/hokkaido-university-of-education-guide_kr?lang=en
s00000026367001,https://jpcampus.net/university/hokkaido-university?lang=en
s00000026367001,https://jpcampus.net/university/hokkaido-university_kr
s00000026367001,https://jpcampus.net/university/hokkaido-university_kr?lang=en
s00000026367001,https://jpcampus.net/university/hokuriku-university-guide-for-international-students
s00000026367001,https://jpcampus.net/university/hokuriku-university-guide-for-international-students?lang=en
s00000026367001,https://jpcampus.net/university/hokuriku-university-guide-for-international-students_kr
s00000026367001,https://jpcampus.net/university/hokuriku-university-guide-for-international-students_kr?lang=en
s00000026367001,https://jpcampus.net/university/hokusei-gakuen-university-guide-for-international-students
s00000026367001,https://jpcampus.net/university/hokusei-gakuen-university-guide-for-international-students?lang=en
s00000026367001,https://jpcampus.net/university/hokusei-gakuen-university-guide-for-international-students_kr
s00000026367001,https://jpcampus.net/university/hokusei-gakuen-university-guide-for-international-students_kr?lang=en
s00000026367001,https://jpcampus.net/university/ibaraki-christian-university-comprehensive-guide
s00000026367001,https://jpcampus.net/university/ibaraki-christian-university-comprehensive-guide?lang=en
s00000026367001,https://jpcampus.net/university/ibaraki-christian-university-comprehensive-guide_kr
s00000026367001,https://jpcampus.net/university/ibaraki-christian-university-comprehensive-guide_kr?lang=en
s00000026367001,https://jpcampus.net/university/ibaraki-university-comprehensive-guide
s00000026367001,https://jpcampus.net/university/ibaraki-university-comprehensive-guide?lang=en
s00000026367001,https://jpcampus.net/university/ibaraki-university-comprehensive-guide_kr
s00000026367001,https://jpcampus.net/university/ibaraki-university-comprehensive-guide_kr?lang=en
s00000026367001,https://jpcampus.net/university/international-university-of-health-and-welfare-iuhw-guide
s00000026367001,https://jpcampus.net/university/international-university-of-health-and-welfare-iuhw-guide?lang=en
s00000026367001,https://jpcampus.net/university/international-university-of-health-and-welfare-iuhw-guide_kr
s00000026367001,https://jpcampus.net/university/international-university-of-health-and-welfare-iuhw-guide_kr?lang=en
s00000026367001,https://jpcampus.net/university/ishikawa-prefectural-university-guide
s00000026367001,https://jpcampus.net/university/ishikawa-prefectural-university-guide?lang=en
s00000026367001,https://jpcampus.net/university/ishikawa-prefectural-university-guide_kr
s00000026367001,https://jpcampus.net/university/ishikawa-prefectural-university-guide_kr?lang=en
s00000026367001,https://jpcampus.net/university/ishinomaki-senshu-university-international-student-guide
s00000026367001,https://jpcampus.net/university/ishinomaki-senshu-university-international-student-guide?lang=en
s00000026367001,https://jpcampus.net/university/ishinomaki-senshu-university-international-student-guide_kr
s00000026367001,https://jpcampus.net/university/ishinomaki-senshu-university-international-student-guide_kr?lang=en
s00000026367001,https://jpcampus.net/university/iwate-prefectural-university-guide
s00000026367001,https://jpcampus.net/university/iwate-prefectural-university-guide?lang=en
s00000026367001,https://jpcampus.net/university/iwate-prefectural-university-guide_kr
s00000026367001,https://jpcampus.net/university/iwate-prefectural-university-guide_kr?lang=en
s00000026367001,https://jpcampus.net/university/j-f-oberlin-university-international-guide
s00000026367001,https://jpcampus.net/university/j-f-oberlin-university-international-guide?lang=en
s00000026367001,https://jpcampus.net/university/j-f-oberlin-university-international-guide_kr
s00000026367001,https://jpcampus.net/university/j-f-oberlin-university-international-guide_kr?lang=en
s00000026367001,https://jpcampus.net/university/japan-university-of-economics-jue-guide
s00000026367001,https://jpcampus.net/university/japan-university-of-economics-jue-guide?lang=en
s00000026367001,https://jpcampus.net/university/japan-university-of-economics-jue-guide_kr
s00000026367001,https://jpcampus.net/university/japan-university-of-economics-jue-guide_kr?lang=en
s00000026367001,https://jpcampus.net/university/japan-womens-university-international-student-guide
s00000026367001,https://jpcampus.net/university/japan-womens-university-international-student-guide?lang=en
s00000026367001,https://jpcampus.net/university/japan-womens-university-international-student-guide_kr
s00000026367001,https://jpcampus.net/university/japan-womens-university-international-student-guide_kr?lang=en
s00000026367001,https://jpcampus.net/university/japanese-red-cross-kyushu-international-college-of-nursing
s00000026367001,https://jpcampus.net/university/japanese-red-cross-kyushu-international-college-of-nursing?lang=en
s00000026367001,https://jpcampus.net/university/jin-ai-university-guide
s00000026367001,https://jpcampus.net/university/jin-ai-university-guide?lang=en
s00000026367001,https://jpcampus.net/university/jin-ai-university-guide_kr
s00000026367001,https://jpcampus.net/university/jin-ai-university-guide_kr?lang=en
s00000026367001,https://jpcampus.net/university/jobu-university-international-student-guide
s00000026367001,https://jpcampus.net/university/jobu-university-international-student-guide?lang=en
s00000026367001,https://jpcampus.net/university/jobu-university-international-student-guide_kr
s00000026367001,https://jpcampus.net/university/jobu-university-international-student-guide_kr?lang=en
s00000026367001,https://jpcampus.net/university/josai-university-comprehensive-guide-international-students
s00000026367001,https://jpcampus.net/university/josai-university-comprehensive-guide-international-students?lang=en
s00000026367001,https://jpcampus.net/university/josai-university-comprehensive-guide-international-students_kr
s00000026367001,https://jpcampus.net/university/josai-university-comprehensive-guide-international-students_kr?lang=en
s00000026367001,https://jpcampus.net/university/kagawa-university-comprehensive-guide
s00000026367001,https://jpcampus.net/university/kagawa-university-comprehensive-guide?lang=en
s00000026367001,https://jpcampus.net/university/kagawa-university-comprehensive-guide_kr
s00000026367001,https://jpcampus.net/university/kagawa-university-comprehensive-guide_kr?lang=en
s00000026367001,https://jpcampus.net/university/kagoshima-university-guide
s00000026367001,https://jpcampus.net/university/kagoshima-university-guide?lang=en
s00000026367001,https://jpcampus.net/university/kagoshima-university-guide_kr
s00000026367001,https://jpcampus.net/university/kagoshima-university-guide_kr?lang=en
s00000026367001,https://jpcampus.net/university/kamakura-womens-university-comprehensive-guide
s00000026367001,https://jpcampus.net/university/kamakura-womens-university-comprehensive-guide?lang=en
s00000026367001,https://jpcampus.net/university/kamakura-womens-university-comprehensive-guide_kr
s00000026367001,https://jpcampus.net/university/kamakura-womens-university-comprehensive-guide_kr?lang=en
s00000026367001,https://jpcampus.net/university/kanagawa-university-international-student-guide
s00000026367001,https://jpcampus.net/university/kanagawa-university-international-student-guide?lang=en
s00000026367001,https://jpcampus.net/university/kanagawa-university-international-student-guide_kr
s00000026367001,https://jpcampus.net/university/kanagawa-university-international-student-guide_kr?lang=en
s00000026367001,https://jpcampus.net/university/kanagawa-university-of-human-services
s00000026367001,https://jpcampus.net/university/kanagawa-university-of-human-services?lang=en
s00000026367001,https://jpcampus.net/university/kanagawa-university-of-human-services_kr
s00000026367001,https://jpcampus.net/university/kanagawa-university-of-human-services_kr?lang=en
s00000026367001,https://jpcampus.net/university/kanazawa-gakuin-university-guide
s00000026367001,https://jpcampus.net/university/kanazawa-gakuin-university-guide?lang=en
s00000026367001,https://jpcampus.net/university/kanazawa-gakuin-university-guide_kr
s00000026367001,https://jpcampus.net/university/kanazawa-gakuin-university-guide_kr?lang=en
s00000026367001,https://jpcampus.net/university/kanazawa-institute-of-technology
s00000026367001,https://jpcampus.net/university/kanazawa-institute-of-technology?lang=en
s00000026367001,https://jpcampus.net/university/kanazawa-institute-of-technology_kr
s00000026367001,https://jpcampus.net/university/kanazawa-institute-of-technology_kr?lang=en
s00000026367001,https://jpcampus.net/university/kanazawa-seiryo-university-international-student-guide
s00000026367001,https://jpcampus.net/university/kanazawa-seiryo-university-international-student-guide?lang=en
s00000026367001,https://jpcampus.net/university/kanazawa-seiryo-university-international-student-guide_kr
s00000026367001,https://jpcampus.net/university/kanazawa-seiryo-university-international-student-guide_kr?lang=en
s00000026367001,https://jpcampus.net/university/kanazawa-university
s00000026367001,https://jpcampus.net/university/kanazawa-university?lang=en
s00000026367001,https://jpcampus.net/university/kanazawa-university_kr
s00000026367001,https://jpcampus.net/university/kanazawa-university_kr?lang=en
s00000026367001,https://jpcampus.net/university/kanda-university-of-international-studies
s00000026367001,https://jpcampus.net/university/kanda-university-of-international-studies?lang=en
s00000026367001,https://jpcampus.net/university/kanda-university-of-international-studies_kr
s00000026367001,https://jpcampus.net/university/kanda-university-of-international-studies_kr?lang=en
s00000026367001,https://jpcampus.net/university/kansai-gaidai-university
s00000026367001,https://jpcampus.net/university/kansai-gaidai-university?lang=en
s00000026367001,https://jpcampus.net/university/kansai-gaidai-university_kr
s00000026367001,https://jpcampus.net/university/kansai-gaidai-university_kr?lang=en
s00000026367001,https://jpcampus.net/university/kansai-university
s00000026367001,https://jpcampus.net/university/kansai-university-of-health-sciences
s00000026367001,https://jpcampus.net/university/kansai-university-of-health-sciences?lang=en
s00000026367001,https://jpcampus.net/university/kansai-university?lang=en
s00000026367001,https://jpcampus.net/university/kansai-university_kr
s00000026367001,https://jpcampus.net/university/kansai-university_kr?lang=en
s00000026367001,https://jpcampus.net/university/kanto-gakuen-university
s00000026367001,https://jpcampus.net/university/kanto-gakuen-university?lang=en
s00000026367001,https://jpcampus.net/university/kanto-gakuen-university_kr
s00000026367001,https://jpcampus.net/university/kanto-gakuen-university_kr?lang=en
s00000026367001,https://jpcampus.net/university/kawasaki-university-of-medical-welfare-guide
s00000026367001,https://jpcampus.net/university/kawasaki-university-of-medical-welfare-guide?lang=en
s00000026367001,https://jpcampus.net/university/kawasaki-university-of-medical-welfare-guide_kr
s00000026367001,https://jpcampus.net/university/kawasaki-university-of-medical-welfare-guide_kr?lang=en
s00000026367001,https://jpcampus.net/university/keio-university
s00000026367001,https://jpcampus.net/university/keio-university?lang=en
s00000026367001,https://jpcampus.net/university/keio-university_kr
s00000026367001,https://jpcampus.net/university/keio-university_kr?lang=en
s00000026367001,https://jpcampus.net/university/keiwa-college-international-student-guide
s00000026367001,https://jpcampus.net/university/keiwa-college-international-student-guide?lang=en
s00000026367001,https://jpcampus.net/university/keiwa-college-international-student-guide_kr
s00000026367001,https://jpcampus.net/university/keiwa-college-international-student-guide_kr?lang=en
s00000026367001,https://jpcampus.net/university/kindai-university
s00000026367001,https://jpcampus.net/university/kindai-university?lang=en
s00000026367001,https://jpcampus.net/university/kindai-university_kr
s00000026367001,https://jpcampus.net/university/kindai-university_kr?lang=en
s00000026367001,https://jpcampus.net/university/kinjo-gakuin-university-guide
s00000026367001,https://jpcampus.net/university/kinjo-gakuin-university-guide?lang=en
s00000026367001,https://jpcampus.net/university/kinjo-gakuin-university-guide_kr
s00000026367001,https://jpcampus.net/university/kinjo-gakuin-university-guide_kr?lang=en
s00000026367001,https://jpcampus.net/university/kinjo-university-ishikawa-guide
s00000026367001,https://jpcampus.net/university/kinjo-university-ishikawa-guide?lang=en
s00000026367001,https://jpcampus.net/university/kinjo-university-ishikawa-guide_kr
s00000026367001,https://jpcampus.net/university/kinjo-university-ishikawa-guide_kr?lang=en
s00000026367001,https://jpcampus.net/university/kiryu-university-guide-international-students
s00000026367001,https://jpcampus.net/university/kiryu-university-guide-international-students?lang=en
s00000026367001,https://jpcampus.net/university/kiryu-university-guide-international-students_kr
s00000026367001,https://jpcampus.net/university/kiryu-university-guide-international-students_kr?lang=en
s00000026367001,https://jpcampus.net/university/kobe-city-university-of-foreign-studies-guide
s00000026367001,https://jpcampus.net/university/kobe-city-university-of-foreign-studies-guide?lang=en
s00000026367001,https://jpcampus.net/university/kobe-city-university-of-foreign-studies-guide_kr
s00000026367001,https://jpcampus.net/university/kobe-city-university-of-foreign-studies-guide_kr?lang=en
s00000026367001,https://jpcampus.net/university/kobe-college-guide-international-students
s00000026367001,https://jpcampus.net/university/kobe-college-guide-international-students?lang=en
s00000026367001,https://jpcampus.net/university/kobe-college-guide-international-students_kr
s00000026367001,https://jpcampus.net/university/kobe-college-guide-international-students_kr?lang=en
s00000026367001,https://jpcampus.net/university/kobe-international-university
s00000026367001,https://jpcampus.net/university/kobe-international-university?lang=en
s00000026367001,https://jpcampus.net/university/kobe-international-university_kr
s00000026367001,https://jpcampus.net/university/kobe-international-university_kr?lang=en
s00000026367001,https://jpcampus.net/university/kobe-shinwa-university-guide
s00000026367001,https://jpcampus.net/university/kobe-shinwa-university-guide?lang=en
s00000026367001,https://jpcampus.net/university/kobe-shinwa-university-guide_kr
s00000026367001,https://jpcampus.net/university/kobe-shinwa-university-guide_kr?lang=en
s00000026367001,https://jpcampus.net/university/kobe-university
s00000026367001,https://jpcampus.net/university/kobe-university?lang=en
s00000026367001,https://jpcampus.net/university/kobe-university_kr
s00000026367001,https://jpcampus.net/university/kobe-university_kr?lang=en
s00000026367001,https://jpcampus.net/university/kobe-womens-university
s00000026367001,https://jpcampus.net/university/kobe-womens-university?lang=en
s00000026367001,https://jpcampus.net/university/kobe-womens-university_kr
s00000026367001,https://jpcampus.net/university/kobe-womens-university_kr?lang=en
s00000026367001,https://jpcampus.net/university/kochi-university-guide-international-students
s00000026367001,https://jpcampus.net/university/kochi-university-guide-international-students?lang=en
s00000026367001,https://jpcampus.net/university/kochi-university-guide-international-students_kr
s00000026367001,https://jpcampus.net/university/kochi-university-guide-international-students_kr?lang=en
s00000026367001,https://jpcampus.net/university/kochi-university-of-technology-kut-comprehensive-guide
s00000026367001,https://jpcampus.net/university/kochi-university-of-technology-kut-comprehensive-guide?lang=en
s00000026367001,https://jpcampus.net/university/kochi-university-of-technology-kut-comprehensive-guide_kr
s00000026367001,https://jpcampus.net/university/kochi-university-of-technology-kut-comprehensive-guide_kr?lang=en
s00000026367001,https://jpcampus.net/university/kogakkan-university
s00000026367001,https://jpcampus.net/university/kogakkan-university?lang=en
s00000026367001,https://jpcampus.net/university/kogakkan-university_kr
s00000026367001,https://jpcampus.net/university/kogakkan-university_kr?lang=en
s00000026367001,https://jpcampus.net/university/kokushikan-university
s00000026367001,https://jpcampus.net/university/kokushikan-university?lang=en
s00000026367001,https://jpcampus.net/university/kokushikan-university_kr
s00000026367001,https://jpcampus.net/university/kokushikan-university_kr?lang=en
s00000026367001,https://jpcampus.net/university/komazawa-university
s00000026367001,https://jpcampus.net/university/komazawa-university?lang=en
s00000026367001,https://jpcampus.net/university/komazawa-university_kr
s00000026367001,https://jpcampus.net/university/komazawa-university_kr?lang=en
s00000026367001,https://jpcampus.net/university/konan-university
s00000026367001,https://jpcampus.net/university/konan-university?lang=en
s00000026367001,https://jpcampus.net/university/konan-university_kr
s00000026367001,https://jpcampus.net/university/konan-university_kr?lang=en
s00000026367001,https://jpcampus.net/university/konan-womens-university-guide-international-students
s00000026367001,https://jpcampus.net/university/konan-womens-university-guide-international-students?lang=en
s00000026367001,https://jpcampus.net/university/konan-womens-university-guide-international-students_kr
s00000026367001,https://jpcampus.net/university/konan-womens-university-guide-international-students_kr?lang=en
s00000026367001,https://jpcampus.net/university/kumamoto-gakuen-university-comprehensive-guide
s00000026367001,https://jpcampus.net/university/kumamoto-gakuen-university-comprehensive-guide?lang=en
s00000026367001,https://jpcampus.net/university/kumamoto-gakuen-university-comprehensive-guide_kr
s00000026367001,https://jpcampus.net/university/kumamoto-gakuen-university-comprehensive-guide_kr?lang=en
s00000026367001,https://jpcampus.net/university/kurashiki-sakuyo-university
s00000026367001,https://jpcampus.net/university/kurashiki-sakuyo-university?lang=en
s00000026367001,https://jpcampus.net/university/kurume-university-guide
s00000026367001,https://jpcampus.net/university/kurume-university-guide?lang=en
s00000026367001,https://jpcampus.net/university/kurume-university-guide_kr
s00000026367001,https://jpcampus.net/university/kurume-university-guide_kr?lang=en
s00000026367001,https://jpcampus.net/university/kwansei-gakuin-university
s00000026367001,https://jpcampus.net/university/kwansei-gakuin-university?lang=en
s00000026367001,https://jpcampus.net/university/kwansei-gakuin-university_kr
s00000026367001,https://jpcampus.net/university/kwansei-gakuin-university_kr?lang=en
s00000026367001,https://jpcampus.net/university/kwassui-womens-university
s00000026367001,https://jpcampus.net/university/kwassui-womens-university?lang=en
s00000026367001,https://jpcampus.net/university/kyoai-gakuen-university-guide
s00000026367001,https://jpcampus.net/university/kyoai-gakuen-university-guide?lang=en
s00000026367001,https://jpcampus.net/university/kyoai-gakuen-university-guide_kr
s00000026367001,https://jpcampus.net/university/kyoai-gakuen-university-guide_kr?lang=en
s00000026367001,https://jpcampus.net/university/kyoto-city-university-of-arts-guide
s00000026367001,https://jpcampus.net/university/kyoto-city-university-of-arts-guide?lang=en
s00000026367001,https://jpcampus.net/university/kyoto-city-university-of-arts-guide_kr
s00000026367001,https://jpcampus.net/university/kyoto-city-university-of-arts-guide_kr?lang=en
s00000026367001,https://jpcampus.net/university/kyoto-koka-womens-university-international-student-guide
s00000026367001,https://jpcampus.net/university/kyoto-koka-womens-university-international-student-guide?lang=en
s00000026367001,https://jpcampus.net/university/kyoto-koka-womens-university-international-student-guide_kr
s00000026367001,https://jpcampus.net/university/kyoto-koka-womens-university-international-student-guide_kr?lang=en
s00000026367001,https://jpcampus.net/university/kyoto-prefectural-university-of-medicine-guide
s00000026367001,https://jpcampus.net/university/kyoto-prefectural-university-of-medicine-guide?lang=en
s00000026367001,https://jpcampus.net/university/kyoto-prefectural-university-of-medicine-guide_kr
s00000026367001,https://jpcampus.net/university/kyoto-prefectural-university-of-medicine-guide_kr?lang=en
s00000026367001,https://jpcampus.net/university/kyoto-tachibana-university-comprehensive-guide
s00000026367001,https://jpcampus.net/university/kyoto-tachibana-university-comprehensive-guide?lang=en
s00000026367001,https://jpcampus.net/university/kyoto-tachibana-university-comprehensive-guide_kr
s00000026367001,https://jpcampus.net/university/kyoto-tachibana-university-comprehensive-guide_kr?lang=en
s00000026367001,https://jpcampus.net/university/kyoto-university
s00000026367001,https://jpcampus.net/university/kyoto-university-of-advanced-science-comprehensive-guide
s00000026367001,https://jpcampus.net/university/kyoto-university-of-advanced-science-comprehensive-guide?lang=en
s00000026367001,https://jpcampus.net/university/kyoto-university-of-advanced-science-comprehensive-guide_kr
s00000026367001,https://jpcampus.net/university/kyoto-university-of-advanced-science-comprehensive-guide_kr?lang=en
s00000026367001,https://jpcampus.net/university/kyoto-university-of-art-and-design-kyobi
s00000026367001,https://jpcampus.net/university/kyoto-university-of-art-and-design-kyobi?lang=en
s00000026367001,https://jpcampus.net/university/kyoto-university-of-art-and-design-kyobi_kr
s00000026367001,https://jpcampus.net/university/kyoto-university-of-art-and-design-kyobi_kr?lang=en
s00000026367001,https://jpcampus.net/university/kyoto-university?lang=en
s00000026367001,https://jpcampus.net/university/kyoto-university_kr
s00000026367001,https://jpcampus.net/university/kyoto-university_kr?lang=en
s00000026367001,https://jpcampus.net/university/kyoto-womens-university-comprehensive-guide
s00000026367001,https://jpcampus.net/university/kyoto-womens-university-comprehensive-guide?lang=en
s00000026367001,https://jpcampus.net/university/kyoto-womens-university-comprehensive-guide_kr
s00000026367001,https://jpcampus.net/university/kyoto-womens-university-comprehensive-guide_kr?lang=en
s00000026367001,https://jpcampus.net/university/kyushu-dental-university-comprehensive-guide
s00000026367001,https://jpcampus.net/university/kyushu-dental-university-comprehensive-guide?lang=en
s00000026367001,https://jpcampus.net/university/kyushu-dental-university-comprehensive-guide_kr
s00000026367001,https://jpcampus.net/university/kyushu-dental-university-comprehensive-guide_kr?lang=en
s00000026367001,https://jpcampus.net/university/kyushu-institute-of-information-sciences
s00000026367001,https://jpcampus.net/university/kyushu-institute-of-information-sciences?lang=en
s00000026367001,https://jpcampus.net/university/kyushu-international-university
s00000026367001,https://jpcampus.net/university/kyushu-international-university?lang=en
s00000026367001,https://jpcampus.net/university/kyushu-international-university_kr
s00000026367001,https://jpcampus.net/university/kyushu-international-university_kr?lang=en
s00000026367001,https://jpcampus.net/university/kyushu-lutheran-college
s00000026367001,https://jpcampus.net/university/kyushu-lutheran-college?lang=en
s00000026367001,https://jpcampus.net/university/kyushu-university
s00000026367001,https://jpcampus.net/university/kyushu-university?lang=en
s00000026367001,https://jpcampus.net/university/kyushu-university_kr
s00000026367001,https://jpcampus.net/university/kyushu-university_kr?lang=en
s00000026367001,https://jpcampus.net/university/matsuyama-university-comprehensive-guide
s00000026367001,https://jpcampus.net/university/matsuyama-university-comprehensive-guide?lang=en
s00000026367001,https://jpcampus.net/university/matsuyama-university-comprehensive-guide_kr
s00000026367001,https://jpcampus.net/university/matsuyama-university-comprehensive-guide_kr?lang=en
s00000026367001,https://jpcampus.net/university/meiji-gakuin-university-comprehensive-guide
s00000026367001,https://jpcampus.net/university/meiji-gakuin-university-comprehensive-guide?lang=en
s00000026367001,https://jpcampus.net/university/meiji-gakuin-university-comprehensive-guide_kr
s00000026367001,https://jpcampus.net/university/meiji-gakuin-university-comprehensive-guide_kr?lang=en
s00000026367001,https://jpcampus.net/university/meiji-university
s00000026367001,https://jpcampus.net/university/meiji-university?lang=en
s00000026367001,https://jpcampus.net/university/meiji-university_kr
s00000026367001,https://jpcampus.net/university/meiji-university_kr?lang=en
s00000026367001,https://jpcampus.net/university/meijo-university-nagoya-guide
s00000026367001,https://jpcampus.net/university/meijo-university-nagoya-guide?lang=en
s00000026367001,https://jpcampus.net/university/meijo-university-nagoya-guide_kr
s00000026367001,https://jpcampus.net/university/meijo-university-nagoya-guide_kr?lang=en
s00000026367001,https://jpcampus.net/university/meikai-university-international-student-guide
s00000026367001,https://jpcampus.net/university/meikai-university-international-student-guide?lang=en
s00000026367001,https://jpcampus.net/university/meikai-university-international-student-guide_kr
s00000026367001,https://jpcampus.net/university/meikai-university-international-student-guide_kr?lang=en
s00000026367001,https://jpcampus.net/university/meio-university-okinawa-guide
s00000026367001,https://jpcampus.net/university/meio-university-okinawa-guide?lang=en
s00000026367001,https://jpcampus.net/university/meio-university-okinawa-guide_kr
s00000026367001,https://jpcampus.net/university/meio-university-okinawa-guide_kr?lang=en
s00000026367001,https://jpcampus.net/university/mie-prefectural-college-of-nursing
s00000026367001,https://jpcampus.net/university/mie-prefectural-college-of-nursing?lang=en
s00000026367001,https://jpcampus.net/university/mie-prefectural-college-of-nursing_kr
s00000026367001,https://jpcampus.net/university/mie-prefectural-college-of-nursing_kr?lang=en
s00000026367001,https://jpcampus.net/university/mie-university-guide-international-students
s00000026367001,https://jpcampus.net/university/mie-university-guide-international-students?lang=en
s00000026367001,https://jpcampus.net/university/mie-university-guide-international-students_kr
s00000026367001,https://jpcampus.net/university/mie-university-guide-international-students_kr?lang=en
s00000026367001,https://jpcampus.net/university/miyagi-gakuin-womens-university-guide
s00000026367001,https://jpcampus.net/university/miyagi-gakuin-womens-university-guide?lang=en
s00000026367001,https://jpcampus.net/university/miyagi-gakuin-womens-university-guide_kr
s00000026367001,https://jpcampus.net/university/miyagi-gakuin-womens-university-guide_kr?lang=en
s00000026367001,https://jpcampus.net/university/miyagi-university-international-student-guide
s00000026367001,https://jpcampus.net/university/miyagi-university-international-student-guide?lang=en
s00000026367001,https://jpcampus.net/university/miyagi-university-international-student-guide_kr
s00000026367001,https://jpcampus.net/university/miyagi-university-international-student-guide_kr?lang=en
s00000026367001,https://jpcampus.net/university/miyazaki-municipal-university-guide
s00000026367001,https://jpcampus.net/university/miyazaki-municipal-university-guide?lang=en
s00000026367001,https://jpcampus.net/university/miyazaki-municipal-university-guide_kr
s00000026367001,https://jpcampus.net/university/miyazaki-municipal-university-guide_kr?lang=en
s00000026367001,https://jpcampus.net/university/momoyama-gakuin-university-international-student-guide
s00000026367001,https://jpcampus.net/university/momoyama-gakuin-university-international-student-guide?lang=en
s00000026367001,https://jpcampus.net/university/momoyama-gakuin-university-international-student-guide_kr
s00000026367001,https://jpcampus.net/university/momoyama-gakuin-university-international-student-guide_kr?lang=en
s00000026367001,https://jpcampus.net/university/mukogawa-womens-university
s00000026367001,https://jpcampus.net/university/mukogawa-womens-university?lang=en
s00000026367001,https://jpcampus.net/university/mukogawa-womens-university_kr
s00000026367001,https://jpcampus.net/university/mukogawa-womens-university_kr?lang=en
s00000026367001,https://jpcampus.net/university/musashino-art-university
s00000026367001,https://jpcampus.net/university/musashino-art-university?lang=en
s00000026367001,https://jpcampus.net/university/musashino-art-university_kr
s00000026367001,https://jpcampus.net/university/musashino-art-university_kr?lang=en
s00000026367001,https://jpcampus.net/university/nagaoka-university-international-student-guide
s00000026367001,https://jpcampus.net/university/nagaoka-university-international-student-guide?lang=en
s00000026367001,https://jpcampus.net/university/nagaoka-university-international-student-guide_kr
s00000026367001,https://jpcampus.net/university/nagaoka-university-international-student-guide_kr?lang=en
s00000026367001,https://jpcampus.net/university/nagasaki-international-university
s00000026367001,https://jpcampus.net/university/nagasaki-international-university?lang=en
s00000026367001,https://jpcampus.net/university/nagasaki-junshin-catholic-university
s00000026367001,https://jpcampus.net/university/nagasaki-junshin-catholic-university?lang=en
s00000026367001,https://jpcampus.net/university/nagasaki-university
s00000026367001,https://jpcampus.net/university/nagasaki-university?lang=en
s00000026367001,https://jpcampus.net/university/nagasaki-university_kr
s00000026367001,https://jpcampus.net/university/nagasaki-university_kr?lang=en
s00000026367001,https://jpcampus.net/university/nagoya-bunri-university-guide
s00000026367001,https://jpcampus.net/university/nagoya-bunri-university-guide?lang=en
s00000026367001,https://jpcampus.net/university/nagoya-bunri-university-guide_kr
s00000026367001,https://jpcampus.net/university/nagoya-bunri-university-guide_kr?lang=en
s00000026367001,https://jpcampus.net/university/nagoya-city-university-guide
s00000026367001,https://jpcampus.net/university/nagoya-city-university-guide?lang=en
s00000026367001,https://jpcampus.net/university/nagoya-city-university-guide_kr
s00000026367001,https://jpcampus.net/university/nagoya-city-university-guide_kr?lang=en
s00000026367001,https://jpcampus.net/university/nagoya-gakuin-university-comprehensive-guide
s00000026367001,https://jpcampus.net/university/nagoya-gakuin-university-comprehensive-guide?lang=en
s00000026367001,https://jpcampus.net/university/nagoya-gakuin-university-comprehensive-guide_kr
s00000026367001,https://jpcampus.net/university/nagoya-gakuin-university-comprehensive-guide_kr?lang=en
s00000026367001,https://jpcampus.net/university/nagoya-ryujo-womens-university-guide
s00000026367001,https://jpcampus.net/university/nagoya-ryujo-womens-university-guide?lang=en
s00000026367001,https://jpcampus.net/university/nagoya-ryujo-womens-university-guide_kr
s00000026367001,https://jpcampus.net/university/nagoya-ryujo-womens-university-guide_kr?lang=en
s00000026367001,https://jpcampus.net/university/nagoya-university-of-commerce-business-nucb
s00000026367001,https://jpcampus.net/university/nagoya-university-of-commerce-business-nucb?lang=en
s00000026367001,https://jpcampus.net/university/nagoya-university-of-commerce-business-nucb_kr
s00000026367001,https://jpcampus.net/university/nagoya-university-of-commerce-business-nucb_kr?lang=en
s00000026367001,https://jpcampus.net/university/nagoya-university-of-foreign-studies-comprehensive-guide
s00000026367001,https://jpcampus.net/university/nagoya-university-of-foreign-studies-comprehensive-guide?lang=en
s00000026367001,https://jpcampus.net/university/nagoya-university-of-foreign-studies-comprehensive-guide_kr
s00000026367001,https://jpcampus.net/university/nagoya-university-of-foreign-studies-comprehensive-guide_kr?lang=en
s00000026367001,https://jpcampus.net/university/nakamura-gakuen-university
s00000026367001,https://jpcampus.net/university/nakamura-gakuen-university?lang=en
s00000026367001,https://jpcampus.net/university/nara-medical-university-guide
s00000026367001,https://jpcampus.net/university/nara-medical-university-guide?lang=en
s00000026367001,https://jpcampus.net/university/nara-medical-university-guide_kr
s00000026367001,https://jpcampus.net/university/nara-medical-university-guide_kr?lang=en
s00000026367001,https://jpcampus.net/university/nara-womens-university-guide
s00000026367001,https://jpcampus.net/university/nara-womens-university-guide?lang=en
s00000026367001,https://jpcampus.net/university/nara-womens-university-guide_kr
s00000026367001,https://jpcampus.net/university/nara-womens-university-guide_kr?lang=en
s00000026367001,https://jpcampus.net/university/national-institute-of-fitness-and-sports-in-kanoya-guide
s00000026367001,https://jpcampus.net/university/national-institute-of-fitness-and-sports-in-kanoya-guide?lang=en
s00000026367001,https://jpcampus.net/university/national-institute-of-fitness-and-sports-in-kanoya-guide_kr
s00000026367001,https://jpcampus.net/university/national-institute-of-fitness-and-sports-in-kanoya-guide_kr?lang=en
s00000026367001,https://jpcampus.net/university/nihon-fukushi-university-comprehensive-guide
s00000026367001,https://jpcampus.net/university/nihon-fukushi-university-comprehensive-guide?lang=en
s00000026367001,https://jpcampus.net/university/nihon-fukushi-university-comprehensive-guide_kr
s00000026367001,https://jpcampus.net/university/nihon-fukushi-university-comprehensive-guide_kr?lang=en
s00000026367001,https://jpcampus.net/university/niigata-sangyo-university-international-student-guide
s00000026367001,https://jpcampus.net/university/niigata-sangyo-university-international-student-guide?lang=en
s00000026367001,https://jpcampus.net/university/niigata-sangyo-university-international-student-guide_kr
s00000026367001,https://jpcampus.net/university/niigata-sangyo-university-international-student-guide_kr?lang=en
s00000026367001,https://jpcampus.net/university/niigata-university
s00000026367001,https://jpcampus.net/university/niigata-university-of-international-and-information-studies
s00000026367001,https://jpcampus.net/university/niigata-university-of-international-and-information-studies?lang=en
s00000026367001,https://jpcampus.net/university/niigata-university-of-international-and-information-studies_kr
s00000026367001,https://jpcampus.net/university/niigata-university-of-international-and-information-studies_kr?lang=en
s00000026367001,https://jpcampus.net/university/niigata-university?lang=en
s00000026367001,https://jpcampus.net/university/niigata-university_kr
s00000026367001,https://jpcampus.net/university/niigata-university_kr?lang=en
s00000026367001,https://jpcampus.net/university/nippon-bunri-university-guide
s00000026367001,https://jpcampus.net/university/nippon-bunri-university-guide?lang=en
s00000026367001,https://jpcampus.net/university/nippon-bunri-university-guide_kr
s00000026367001,https://jpcampus.net/university/nippon-bunri-university-guide_kr?lang=en
s00000026367001,https://jpcampus.net/university/obihiro-university-of-agriculture-and-veterinary-medicine
s00000026367001,https://jpcampus.net/university/obihiro-university-of-agriculture-and-veterinary-medicine?lang=en
s00000026367001,https://jpcampus.net/university/obihiro-university-of-agriculture-and-veterinary-medicine_kr
s00000026367001,https://jpcampus.net/university/obihiro-university-of-agriculture-and-veterinary-medicine_kr?lang=en
s00000026367001,https://jpcampus.net/university/ohka-gakuen-university-guide-international-students
s00000026367001,https://jpcampus.net/university/ohka-gakuen-university-guide-international-students?lang=en
s00000026367001,https://jpcampus.net/university/ohka-gakuen-university-guide-international-students_kr
s00000026367001,https://jpcampus.net/university/ohka-gakuen-university-guide-international-students_kr?lang=en
s00000026367001,https://jpcampus.net/university/ohtani-university-kyoto-international-student-guide
s00000026367001,https://jpcampus.net/university/ohtani-university-kyoto-international-student-guide?lang=en
s00000026367001,https://jpcampus.net/university/ohtani-university-kyoto-international-student-guide_kr
s00000026367001,https://jpcampus.net/university/ohtani-university-kyoto-international-student-guide_kr?lang=en
s00000026367001,https://jpcampus.net/university/okayama-prefectural-university-guide
s00000026367001,https://jpcampus.net/university/okayama-prefectural-university-guide?lang=en
s00000026367001,https://jpcampus.net/university/okayama-prefectural-university-guide_kr
s00000026367001,https://jpcampus.net/university/okayama-prefectural-university-guide_kr?lang=en
s00000026367001,https://jpcampus.net/university/okayama-shoka-university-guide
s00000026367001,https://jpcampus.net/university/okayama-shoka-university-guide?lang=en
s00000026367001,https://jpcampus.net/university/okayama-shoka-university-guide_kr
s00000026367001,https://jpcampus.net/university/okayama-shoka-university-guide_kr?lang=en
s00000026367001,https://jpcampus.net/university/okayama-university-of-science-guide
s00000026367001,https://jpcampus.net/university/okayama-university-of-science-guide?lang=en
s00000026367001,https://jpcampus.net/university/okayama-university-of-science-guide_kr
s00000026367001,https://jpcampus.net/university/okayama-university-of-science-guide_kr?lang=en
s00000026367001,https://jpcampus.net/university/okazaki-womens-university-junior-college-guide
s00000026367001,https://jpcampus.net/university/okazaki-womens-university-junior-college-guide?lang=en
s00000026367001,https://jpcampus.net/university/okazaki-womens-university-junior-college-guide_kr
s00000026367001,https://jpcampus.net/university/okazaki-womens-university-junior-college-guide_kr?lang=en
s00000026367001,https://jpcampus.net/university/okinawa-international-university-okiu
s00000026367001,https://jpcampus.net/university/okinawa-international-university-okiu?lang=en
s00000026367001,https://jpcampus.net/university/okinawa-international-university-okiu_kr
s00000026367001,https://jpcampus.net/university/okinawa-international-university-okiu_kr?lang=en
s00000026367001,https://jpcampus.net/university/okinawa-prefectural-university-of-arts
s00000026367001,https://jpcampus.net/university/okinawa-prefectural-university-of-arts?lang=en
s00000026367001,https://jpcampus.net/university/okinawa-prefectural-university-of-arts_kr
s00000026367001,https://jpcampus.net/university/okinawa-prefectural-university-of-arts_kr?lang=en
s00000026367001,https://jpcampus.net/university/osaka-electro-communication-university-international-student-guide
s00000026367001,https://jpcampus.net/university/osaka-electro-communication-university-international-student-guide?lang=en
s00000026367001,https://jpcampus.net/university/osaka-electro-communication-university-international-student-guide_kr
s00000026367001,https://jpcampus.net/university/osaka-electro-communication-university-international-student-guide_kr?lang=en
s00000026367001,https://jpcampus.net/university/osaka-gakuin-university-comprehensive-guide
s00000026367001,https://jpcampus.net/university/osaka-gakuin-university-comprehensive-guide?lang=en
s00000026367001,https://jpcampus.net/university/osaka-gakuin-university-comprehensive-guide_kr
s00000026367001,https://jpcampus.net/university/osaka-gakuin-university-comprehensive-guide_kr?lang=en
s00000026367001,https://jpcampus.net/university/osaka-institute-of-technology-guide
s00000026367001,https://jpcampus.net/university/osaka-institute-of-technology-guide?lang=en
s00000026367001,https://jpcampus.net/university/osaka-institute-of-technology-guide_kr
s00000026367001,https://jpcampus.net/university/osaka-institute-of-technology-guide_kr?lang=en
s00000026367001,https://jpcampus.net/university/osaka-international-university
s00000026367001,https://jpcampus.net/university/osaka-international-university?lang=en
s00000026367001,https://jpcampus.net/university/osaka-international-university_kr
s00000026367001,https://jpcampus.net/university/osaka-international-university_kr?lang=en
s00000026367001,https://jpcampus.net/university/osaka-metropolitan-university-omu-guide
s00000026367001,https://jpcampus.net/university/osaka-metropolitan-university-omu-guide?lang=en
s00000026367001,https://jpcampus.net/university/osaka-metropolitan-university-omu-guide_kr
s00000026367001,https://jpcampus.net/university/osaka-metropolitan-university-omu-guide_kr?lang=en
s00000026367001,https://jpcampus.net/university/osaka-sangyo-university-guide
s00000026367001,https://jpcampus.net/university/osaka-sangyo-university-guide?lang=en
s00000026367001,https://jpcampus.net/university/osaka-sangyo-university-guide_kr
s00000026367001,https://jpcampus.net/university/osaka-sangyo-university-guide_kr?lang=en
s00000026367001,https://jpcampus.net/university/osaka-seikei-university-comprehensive-guide
s00000026367001,https://jpcampus.net/university/osaka-seikei-university-comprehensive-guide?lang=en
s00000026367001,https://jpcampus.net/university/osaka-seikei-university-comprehensive-guide_kr
s00000026367001,https://jpcampus.net/university/osaka-seikei-university-comprehensive-guide_kr?lang=en
s00000026367001,https://jpcampus.net/university/osaka-university-of-arts-guide
s00000026367001,https://jpcampus.net/university/osaka-university-of-arts-guide?lang=en
s00000026367001,https://jpcampus.net/university/osaka-university-of-arts-guide_kr
s00000026367001,https://jpcampus.net/university/osaka-university-of-arts-guide_kr?lang=en
s00000026367001,https://jpcampus.net/university/osaka-university-of-commerce-guide
s00000026367001,https://jpcampus.net/university/osaka-university-of-commerce-guide?lang=en
s00000026367001,https://jpcampus.net/university/osaka-university-of-commerce-guide_kr
s00000026367001,https://jpcampus.net/university/osaka-university-of-commerce-guide_kr?lang=en
s00000026367001,https://jpcampus.net/university/osaka-university-of-economics-guide
s00000026367001,https://jpcampus.net/university/osaka-university-of-economics-guide?lang=en
s00000026367001,https://jpcampus.net/university/osaka-university-of-economics-guide_kr
s00000026367001,https://jpcampus.net/university/osaka-university-of-economics-guide_kr?lang=en
s00000026367001,https://jpcampus.net/university/otaru-university-of-commerce-guide
s00000026367001,https://jpcampus.net/university/otaru-university-of-commerce-guide?lang=en
s00000026367001,https://jpcampus.net/university/otaru-university-of-commerce-guide_kr
s00000026367001,https://jpcampus.net/university/otaru-university-of-commerce-guide_kr?lang=en
s00000026367001,https://jpcampus.net/university/otemae-university-guide-for-international-students
s00000026367001,https://jpcampus.net/university/otemae-university-guide-for-international-students?lang=en
s00000026367001,https://jpcampus.net/university/otemae-university-guide-for-international-students_kr
s00000026367001,https://jpcampus.net/university/otemae-university-guide-for-international-students_kr?lang=en
s00000026367001,https://jpcampus.net/university/otemon-gakuin-university
s00000026367001,https://jpcampus.net/university/otemon-gakuin-university?lang=en
s00000026367001,https://jpcampus.net/university/otemon-gakuin-university_kr
s00000026367001,https://jpcampus.net/university/otemon-gakuin-university_kr?lang=en
s00000026367001,https://jpcampus.net/university/prefectural-university-of-hiroshima
s00000026367001,https://jpcampus.net/university/prefectural-university-of-hiroshima?lang=en
s00000026367001,https://jpcampus.net/university/prefectural-university-of-hiroshima_kr
s00000026367001,https://jpcampus.net/university/prefectural-university-of-hiroshima_kr?lang=en
s00000026367001,https://jpcampus.net/university/prefectural-university-of-kumamoto
s00000026367001,https://jpcampus.net/university/prefectural-university-of-kumamoto?lang=en
s00000026367001,https://jpcampus.net/university/prefectural-university-of-kumamoto_kr
s00000026367001,https://jpcampus.net/university/prefectural-university-of-kumamoto_kr?lang=en
s00000026367001,https://jpcampus.net/university/ritsumeikan-university
s00000026367001,https://jpcampus.net/university/ritsumeikan-university?lang=en
s00000026367001,https://jpcampus.net/university/ritsumeikan-university_kr
s00000026367001,https://jpcampus.net/university/ritsumeikan-university_kr?lang=en
s00000026367001,https://jpcampus.net/university/ryukoku-university
s00000026367001,https://jpcampus.net/university/ryukoku-university?lang=en
s00000026367001,https://jpcampus.net/university/ryukoku-university_kr
s00000026367001,https://jpcampus.net/university/ryukoku-university_kr?lang=en
s00000026367001,https://jpcampus.net/university/saga-university-international-student-guide
s00000026367001,https://jpcampus.net/university/saga-university-international-student-guide?lang=en
s00000026367001,https://jpcampus.net/university/saga-university-international-student-guide_kr
s00000026367001,https://jpcampus.net/university/saga-university-international-student-guide_kr?lang=en
s00000026367001,https://jpcampus.net/university/saitama-institute-of-technology-guide
s00000026367001,https://jpcampus.net/university/saitama-institute-of-technology-guide?lang=en
s00000026367001,https://jpcampus.net/university/saitama-institute-of-technology-guide_kr
s00000026367001,https://jpcampus.net/university/saitama-institute-of-technology-guide_kr?lang=en
s00000026367001,https://jpcampus.net/university/saitama-university
s00000026367001,https://jpcampus.net/university/saitama-university?lang=en
s00000026367001,https://jpcampus.net/university/saitama-university_kr
s00000026367001,https://jpcampus.net/university/saitama-university_kr?lang=en
s00000026367001,https://jpcampus.net/university/sakushin-gakuin-university-guide
s00000026367001,https://jpcampus.net/university/sakushin-gakuin-university-guide?lang=en
s00000026367001,https://jpcampus.net/university/sakushin-gakuin-university-guide_kr
s00000026367001,https://jpcampus.net/university/sakushin-gakuin-university-guide_kr?lang=en
s00000026367001,https://jpcampus.net/university/sanno-university-comprehensive-guide-for-international-students
s00000026367001,https://jpcampus.net/university/sanno-university-comprehensive-guide-for-international-students?lang=en
s00000026367001,https://jpcampus.net/university/sanno-university-comprehensive-guide-for-international-students_kr
s00000026367001,https://jpcampus.net/university/sanno-university-comprehensive-guide-for-international-students_kr?lang=en
s00000026367001,https://jpcampus.net/university/sanyo-gakuen-university
s00000026367001,https://jpcampus.net/university/sanyo-gakuen-university?lang=en
s00000026367001,https://jpcampus.net/university/seigakuin-university-guide-international-students
s00000026367001,https://jpcampus.net/university/seigakuin-university-guide-international-students?lang=en
s00000026367001,https://jpcampus.net/university/seigakuin-university-guide-international-students_kr
s00000026367001,https://jpcampus.net/university/seigakuin-university-guide-international-students_kr?lang=en
s00000026367001,https://jpcampus.net/university/seinan-gakuin-university-fukuoka
s00000026367001,https://jpcampus.net/university/seinan-gakuin-university-fukuoka?lang=en
s00000026367001,https://jpcampus.net/university/seinan-gakuin-university-fukuoka_kr
s00000026367001,https://jpcampus.net/university/seinan-gakuin-university-fukuoka_kr?lang=en
s00000026367001,https://jpcampus.net/university/senshu-university
s00000026367001,https://jpcampus.net/university/senshu-university?lang=en
s00000026367001,https://jpcampus.net/university/senshu-university_kr
s00000026367001,https://jpcampus.net/university/senshu-university_kr?lang=en
s00000026367001,https://jpcampus.net/university/setsunan-university-comprehensive-guide
s00000026367001,https://jpcampus.net/university/setsunan-university-comprehensive-guide?lang=en
s00000026367001,https://jpcampus.net/university/setsunan-university-comprehensive-guide_kr
s00000026367001,https://jpcampus.net/university/setsunan-university-comprehensive-guide_kr?lang=en
s00000026367001,https://jpcampus.net/university/shikoku-gakuin-university-guide
s00000026367001,https://jpcampus.net/university/shikoku-gakuin-university-guide?lang=en
s00000026367001,https://jpcampus.net/university/shikoku-gakuin-university-guide_kr
s00000026367001,https://jpcampus.net/university/shikoku-gakuin-university-guide_kr?lang=en
s00000026367001,https://jpcampus.net/university/shikoku-university
s00000026367001,https://jpcampus.net/university/shikoku-university?lang=en
s00000026367001,https://jpcampus.net/university/shimane-university-comprehensive-guide
s00000026367001,https://jpcampus.net/university/shimane-university-comprehensive-guide?lang=en
s00000026367001,https://jpcampus.net/university/shimane-university-comprehensive-guide_kr
s00000026367001,https://jpcampus.net/university/shimane-university-comprehensive-guide_kr?lang=en
s00000026367001,https://jpcampus.net/university/shinshu-university
s00000026367001,https://jpcampus.net/university/shinshu-university?lang=en
s00000026367001,https://jpcampus.net/university/shinshu-university_kr
s00000026367001,https://jpcampus.net/university/shinshu-university_kr?lang=en
s00000026367001,https://jpcampus.net/university/shitennoji-university-international-student-guide
s00000026367001,https://jpcampus.net/university/shitennoji-university-international-student-guide?lang=en
s00000026367001,https://jpcampus.net/university/shitennoji-university-international-student-guide_kr
s00000026367001,https://jpcampus.net/university/shitennoji-university-international-student-guide_kr?lang=en
s00000026367001,https://jpcampus.net/university/shizuoka-university-of-welfare
s00000026367001,https://jpcampus.net/university/shizuoka-university-of-welfare?lang=en
s00000026367001,https://jpcampus.net/university/shizuoka-university-of-welfare_kr
s00000026367001,https://jpcampus.net/university/shizuoka-university-of-welfare_kr?lang=en
s00000026367001,https://jpcampus.net/university/shujitsu-university-international-student-guide
s00000026367001,https://jpcampus.net/university/shujitsu-university-international-student-guide?lang=en
s00000026367001,https://jpcampus.net/university/shujitsu-university-international-student-guide_kr
s00000026367001,https://jpcampus.net/university/shujitsu-university-international-student-guide_kr?lang=en
s00000026367001,https://jpcampus.net/university/sojo-university-comprehensive-guide
s00000026367001,https://jpcampus.net/university/sojo-university-comprehensive-guide?lang=en
s00000026367001,https://jpcampus.net/university/sojo-university-comprehensive-guide_kr
s00000026367001,https://jpcampus.net/university/sojo-university-comprehensive-guide_kr?lang=en
s00000026367001,https://jpcampus.net/university/sonoda-gakuen-womens-university-guide
s00000026367001,https://jpcampus.net/university/sonoda-gakuen-womens-university-guide?lang=en
s00000026367001,https://jpcampus.net/university/sonoda-gakuen-womens-university-guide_kr
s00000026367001,https://jpcampus.net/university/sonoda-gakuen-womens-university-guide_kr?lang=en
s00000026367001,https://jpcampus.net/university/sophia-university
s00000026367001,https://jpcampus.net/university/sophia-university?lang=en
s00000026367001,https://jpcampus.net/university/sophia-university_kr
s00000026367001,https://jpcampus.net/university/sophia-university_kr?lang=en
s00000026367001,https://jpcampus.net/university/st-catherine-university
s00000026367001,https://jpcampus.net/university/st-catherine-university?lang=en
s00000026367001,https://jpcampus.net/university/sugiyama-jogakuen-university-guide
s00000026367001,https://jpcampus.net/university/sugiyama-jogakuen-university-guide?lang=en
s00000026367001,https://jpcampus.net/university/sugiyama-jogakuen-university-guide_kr
s00000026367001,https://jpcampus.net/university/sugiyama-jogakuen-university-guide_kr?lang=en
s00000026367001,https://jpcampus.net/university/surugadai-university-guide-international-students
s00000026367001,https://jpcampus.net/university/surugadai-university-guide-international-students?lang=en
s00000026367001,https://jpcampus.net/university/surugadai-university-guide-international-students_kr
s00000026367001,https://jpcampus.net/university/surugadai-university-guide-international-students_kr?lang=en
s00000026367001,https://jpcampus.net/university/suzuka-university-of-medical-science-guide
s00000026367001,https://jpcampus.net/university/suzuka-university-of-medical-science-guide?lang=en
s00000026367001,https://jpcampus.net/university/suzuka-university-of-medical-science-guide_kr
s00000026367001,https://jpcampus.net/university/suzuka-university-of-medical-science-guide_kr?lang=en
s00000026367001,https://jpcampus.net/university/takamatsu-university
s00000026367001,https://jpcampus.net/university/takamatsu-university?lang=en
s00000026367001,https://jpcampus.net/university/takaoka-university-of-law
s00000026367001,https://jpcampus.net/university/takaoka-university-of-law?lang=en
s00000026367001,https://jpcampus.net/university/takaoka-university-of-law_kr
s00000026367001,https://jpcampus.net/university/takaoka-university-of-law_kr?lang=en
s00000026367001,https://jpcampus.net/university/takasaki-city-university-of-economics-comprehensive-guide
s00000026367001,https://jpcampus.net/university/takasaki-city-university-of-economics-comprehensive-guide?lang=en
s00000026367001,https://jpcampus.net/university/takasaki-city-university-of-economics-comprehensive-guide_kr
s00000026367001,https://jpcampus.net/university/takasaki-city-university-of-economics-comprehensive-guide_kr?lang=en
s00000026367001,https://jpcampus.net/university/tenri-university-guide-international-students
s00000026367001,https://jpcampus.net/university/tenri-university-guide-international-students?lang=en
s00000026367001,https://jpcampus.net/university/tenri-university-guide-international-students_kr
s00000026367001,https://jpcampus.net/university/tenri-university-guide-international-students_kr?lang=en
s00000026367001,https://jpcampus.net/university/tezukayama-gakuin-university
s00000026367001,https://jpcampus.net/university/tezukayama-gakuin-university?lang=en
s00000026367001,https://jpcampus.net/university/tezukayama-gakuin-university_kr
s00000026367001,https://jpcampus.net/university/tezukayama-gakuin-university_kr?lang=en
s00000026367001,https://jpcampus.net/university/tezukayama-university-nara-comprehensive-guide
s00000026367001,https://jpcampus.net/university/tezukayama-university-nara-comprehensive-guide?lang=en
s00000026367001,https://jpcampus.net/university/tezukayama-university-nara-comprehensive-guide_kr
s00000026367001,https://jpcampus.net/university/tezukayama-university-nara-comprehensive-guide_kr?lang=en
s00000026367001,https://jpcampus.net/university/the-university-of-aizu-guide-international-students
s00000026367001,https://jpcampus.net/university/the-university-of-aizu-guide-international-students?lang=en
s00000026367001,https://jpcampus.net/university/the-university-of-aizu-guide-international-students_kr
s00000026367001,https://jpcampus.net/university/the-university-of-aizu-guide-international-students_kr?lang=en
s00000026367001,https://jpcampus.net/university/the-university-of-kitakyushu-international-student-guide
s00000026367001,https://jpcampus.net/university/the-university-of-kitakyushu-international-student-guide?lang=en
s00000026367001,https://jpcampus.net/university/the-university-of-kitakyushu-international-student-guide_kr
s00000026367001,https://jpcampus.net/university/the-university-of-kitakyushu-international-student-guide_kr?lang=en
s00000026367001,https://jpcampus.net/university/the-university-of-shiga-prefecture-guide
s00000026367001,https://jpcampus.net/university/the-university-of-shiga-prefecture-guide?lang=en
s00000026367001,https://jpcampus.net/university/the-university-of-shiga-prefecture-guide_kr
s00000026367001,https://jpcampus.net/university/the-university-of-shiga-prefecture-guide_kr?lang=en
s00000026367001,https://jpcampus.net/university/tohoku-fukushi-university-guide
s00000026367001,https://jpcampus.net/university/tohoku-fukushi-university-guide?lang=en
s00000026367001,https://jpcampus.net/university/tohoku-fukushi-university-guide_kr
s00000026367001,https://jpcampus.net/university/tohoku-fukushi-university-guide_kr?lang=en
s00000026367001,https://jpcampus.net/university/tohoku-gakuin-university-comprehensive-guide
s00000026367001,https://jpcampus.net/university/tohoku-gakuin-university-comprehensive-guide?lang=en
s00000026367001,https://jpcampus.net/university/tohoku-gakuin-university-comprehensive-guide_kr
s00000026367001,https://jpcampus.net/university/tohoku-gakuin-university-comprehensive-guide_kr?lang=en
s00000026367001,https://jpcampus.net/university/tohoku-institute-of-technology-guide
s00000026367001,https://jpcampus.net/university/tohoku-institute-of-technology-guide?lang=en
s00000026367001,https://jpcampus.net/university/tohoku-institute-of-technology-guide_kr
s00000026367001,https://jpcampus.net/university/tohoku-institute-of-technology-guide_kr?lang=en
s00000026367001,https://jpcampus.net/university/toin-university-of-yokohama-international-student-guide
s00000026367001,https://jpcampus.net/university/toin-university-of-yokohama-international-student-guide?lang=en
s00000026367001,https://jpcampus.net/university/toin-university-of-yokohama-international-student-guide_kr
s00000026367001,https://jpcampus.net/university/toin-university-of-yokohama-international-student-guide_kr?lang=en
s00000026367001,https://jpcampus.net/university/tokiwa-university-international-student-guide
s00000026367001,https://jpcampus.net/university/tokiwa-university-international-student-guide?lang=en
s00000026367001,https://jpcampus.net/university/tokiwa-university-international-student-guide_kr
s00000026367001,https://jpcampus.net/university/tokiwa-university-international-student-guide_kr?lang=en
s00000026367001,https://jpcampus.net/university/tokoha-university-shizuoka-guide
s00000026367001,https://jpcampus.net/university/tokoha-university-shizuoka-guide?lang=en
s00000026367001,https://jpcampus.net/university/tokoha-university-shizuoka-guide_kr
s00000026367001,https://jpcampus.net/university/tokoha-university-shizuoka-guide_kr?lang=en
s00000026367001,https://jpcampus.net/university/tokushima-bunri-university
s00000026367001,https://jpcampus.net/university/tokushima-bunri-university?lang=en
s00000026367001,https://jpcampus.net/university/tokuyama-university-shunan-public-university
s00000026367001,https://jpcampus.net/university/tokuyama-university-shunan-public-university?lang=en
s00000026367001,https://jpcampus.net/university/tokyo-city-university-international-student-guide
s00000026367001,https://jpcampus.net/university/tokyo-city-university-international-student-guide?lang=en
s00000026367001,https://jpcampus.net/university/tokyo-city-university-international-student-guide_kr
s00000026367001,https://jpcampus.net/university/tokyo-city-university-international-student-guide_kr?lang=en
s00000026367001,https://jpcampus.net/university/tokyo-metropolitan-university-tmu-guide
s00000026367001,https://jpcampus.net/university/tokyo-metropolitan-university-tmu-guide?lang=en
s00000026367001,https://jpcampus.net/university/tokyo-metropolitan-university-tmu-guide_kr
s00000026367001,https://jpcampus.net/university/tokyo-metropolitan-university-tmu-guide_kr?lang=en
s00000026367001,https://jpcampus.net/university/tokyo-university-foreign-studies-tufs-guide
s00000026367001,https://jpcampus.net/university/tokyo-university-foreign-studies-tufs-guide?lang=en
s00000026367001,https://jpcampus.net/university/tokyo-university-foreign-studies-tufs-guide_kr
s00000026367001,https://jpcampus.net/university/tokyo-university-foreign-studies-tufs-guide_kr?lang=en
s00000026367001,https://jpcampus.net/university/tokyo-university-of-science
s00000026367001,https://jpcampus.net/university/tokyo-university-of-science?lang=en
s00000026367001,https://jpcampus.net/university/tokyo-university-of-science_kr
s00000026367001,https://jpcampus.net/university/tokyo-university-of-science_kr?lang=en
s00000026367001,https://jpcampus.net/university/tokyo-university-of-the-arts
s00000026367001,https://jpcampus.net/university/tokyo-university-of-the-arts?lang=en
s00000026367001,https://jpcampus.net/university/tokyo-university-of-the-arts_kr
s00000026367001,https://jpcampus.net/university/tokyo-university-of-the-arts_kr?lang=en
s00000026367001,https://jpcampus.net/university/tokyo-university-social-welfare-guide
s00000026367001,https://jpcampus.net/university/tokyo-university-social-welfare-guide?lang=en
s00000026367001,https://jpcampus.net/university/tokyo-university-social-welfare-guide_kr
s00000026367001,https://jpcampus.net/university/tokyo-university-social-welfare-guide_kr?lang=en
s00000026367001,https://jpcampus.net/university/tottori-university-international-student-guide
s00000026367001,https://jpcampus.net/university/tottori-university-international-student-guide?lang=en
s00000026367001,https://jpcampus.net/university/tottori-university-international-student-guide_kr
s00000026367001,https://jpcampus.net/university/tottori-university-international-student-guide_kr?lang=en
s00000026367001,https://jpcampus.net/university/toyama-prefectural-university-guide
s00000026367001,https://jpcampus.net/university/toyama-prefectural-university-guide?lang=en
s00000026367001,https://jpcampus.net/university/toyama-prefectural-university-guide_kr
s00000026367001,https://jpcampus.net/university/toyama-prefectural-university-guide_kr?lang=en
s00000026367001,https://jpcampus.net/university/toyama-university-of-international-studies-guide
s00000026367001,https://jpcampus.net/university/toyama-university-of-international-studies-guide?lang=en
s00000026367001,https://jpcampus.net/university/toyama-university-of-international-studies-guide_kr
s00000026367001,https://jpcampus.net/university/toyama-university-of-international-studies-guide_kr?lang=en
s00000026367001,https://jpcampus.net/university/toyo-eiwa-university-guide
s00000026367001,https://jpcampus.net/university/toyo-eiwa-university-guide?lang=en
s00000026367001,https://jpcampus.net/university/toyo-eiwa-university-guide_kr
s00000026367001,https://jpcampus.net/university/toyo-eiwa-university-guide_kr?lang=en
s00000026367001,https://jpcampus.net/university/toyo-university
s00000026367001,https://jpcampus.net/university/toyo-university?lang=en
s00000026367001,https://jpcampus.net/university/toyo-university_kr
s00000026367001,https://jpcampus.net/university/toyo-university_kr?lang=en
s00000026367001,https://jpcampus.net/university/tsuda-university-international-students-guide
s00000026367001,https://jpcampus.net/university/tsuda-university-international-students-guide?lang=en
s00000026367001,https://jpcampus.net/university/tsuda-university-international-students-guide_kr
s00000026367001,https://jpcampus.net/university/tsuda-university-international-students-guide_kr?lang=en
s00000026367001,https://jpcampus.net/university/tsukuba-international-university-guide
s00000026367001,https://jpcampus.net/university/tsukuba-international-university-guide?lang=en
s00000026367001,https://jpcampus.net/university/tsukuba-international-university-guide_kr
s00000026367001,https://jpcampus.net/university/tsukuba-international-university-guide_kr?lang=en
s00000026367001,https://jpcampus.net/university/tsurumi-university-guide-for-international-students
s00000026367001,https://jpcampus.net/university/tsurumi-university-guide-for-international-students?lang=en
s00000026367001,https://jpcampus.net/university/tsurumi-university-guide-for-international-students_kr
s00000026367001,https://jpcampus.net/university/tsurumi-university-guide-for-international-students_kr?lang=en
s00000026367001,https://jpcampus.net/university/university-of-east-asia
s00000026367001,https://jpcampus.net/university/university-of-east-asia?lang=en
s00000026367001,https://jpcampus.net/university/university-of-electro-communications-uec-guide
s00000026367001,https://jpcampus.net/university/university-of-electro-communications-uec-guide?lang=en
s00000026367001,https://jpcampus.net/university/university-of-electro-communications-uec-guide_kr
s00000026367001,https://jpcampus.net/university/university-of-electro-communications-uec-guide_kr?lang=en
s00000026367001,https://jpcampus.net/university/university-of-fukui
s00000026367001,https://jpcampus.net/university/university-of-fukui?lang=en
s00000026367001,https://jpcampus.net/university/university-of-fukui_kr
s00000026367001,https://jpcampus.net/university/university-of-fukui_kr?lang=en
s00000026367001,https://jpcampus.net/university/university-of-hyogo-comprehensive-guide
s00000026367001,https://jpcampus.net/university/university-of-hyogo-comprehensive-guide?lang=en
s00000026367001,https://jpcampus.net/university/university-of-hyogo-comprehensive-guide_kr
s00000026367001,https://jpcampus.net/university/university-of-hyogo-comprehensive-guide_kr?lang=en
s00000026367001,https://jpcampus.net/university/university-of-marketing-and-distribution-sciences-guide
s00000026367001,https://jpcampus.net/university/university-of-marketing-and-distribution-sciences-guide?lang=en
s00000026367001,https://jpcampus.net/university/university-of-marketing-and-distribution-sciences-guide_kr
s00000026367001,https://jpcampus.net/university/university-of-marketing-and-distribution-sciences-guide_kr?lang=en
s00000026367001,https://jpcampus.net/university/university-of-nagasaki-guide
s00000026367001,https://jpcampus.net/university/university-of-nagasaki-guide?lang=en
s00000026367001,https://jpcampus.net/university/university-of-nagasaki-guide_kr
s00000026367001,https://jpcampus.net/university/university-of-nagasaki-guide_kr?lang=en
s00000026367001,https://jpcampus.net/university/university-of-niigata-prefecture
s00000026367001,https://jpcampus.net/university/university-of-niigata-prefecture?lang=en
s00000026367001,https://jpcampus.net/university/university-of-niigata-prefecture_kr
s00000026367001,https://jpcampus.net/university/university-of-niigata-prefecture_kr?lang=en
s00000026367001,https://jpcampus.net/university/university-of-shizuoka-guide-international-students
s00000026367001,https://jpcampus.net/university/university-of-shizuoka-guide-international-students?lang=en
s00000026367001,https://jpcampus.net/university/university-of-shizuoka-guide-international-students_kr
s00000026367001,https://jpcampus.net/university/university-of-shizuoka-guide-international-students_kr?lang=en
s00000026367001,https://jpcampus.net/university/university-of-the-ryukyus-okinawa
s00000026367001,https://jpcampus.net/university/university-of-the-ryukyus-okinawa?lang=en
s00000026367001,https://jpcampus.net/university/university-of-the-ryukyus-okinawa_kr
s00000026367001,https://jpcampus.net/university/university-of-the-ryukyus-okinawa_kr?lang=en
s00000026367001,https://jpcampus.net/university/university-of-toyama-international-student-guide
s00000026367001,https://jpcampus.net/university/university-of-toyama-international-student-guide?lang=en
s00000026367001,https://jpcampus.net/university/university-of-toyama-international-student-guide_kr
s00000026367001,https://jpcampus.net/university/university-of-toyama-international-student-guide_kr?lang=en
s00000026367001,https://jpcampus.net/university/wakayama-medical-university-international-student-guide
s00000026367001,https://jpcampus.net/university/wakayama-medical-university-international-student-guide?lang=en
s00000026367001,https://jpcampus.net/university/wakayama-medical-university-international-student-guide_kr
s00000026367001,https://jpcampus.net/university/wakayama-medical-university-international-student-guide_kr?lang=en
s00000026367001,https://jpcampus.net/university/wakayama-university-international-student-guide
s00000026367001,https://jpcampus.net/university/wakayama-university-international-student-guide?lang=en
s00000026367001,https://jpcampus.net/university/wakayama-university-international-student-guide_kr
s00000026367001,https://jpcampus.net/university/wakayama-university-international-student-guide_kr?lang=en
s00000026367001,https://jpcampus.net/university/wayo-womens-university-guide
s00000026367001,https://jpcampus.net/university/wayo-womens-university-guide?lang=en
s00000026367001,https://jpcampus.net/university/wayo-womens-university-guide_kr
s00000026367001,https://jpcampus.net/university/wayo-womens-university-guide_kr?lang=en
s00000026367001,https://jpcampus.net/university/yamagata-prefectural-university-of-health-sciences-guide
s00000026367001,https://jpcampus.net/university/yamagata-prefectural-university-of-health-sciences-guide?lang=en
s00000026367001,https://jpcampus.net/university/yamagata-prefectural-university-of-health-sciences-guide_kr
s00000026367001,https://jpcampus.net/university/yamagata-prefectural-university-of-health-sciences-guide_kr?lang=en
s00000026367001,https://jpcampus.net/university/yamaguchi-gakugei-university
s00000026367001,https://jpcampus.net/university/yamaguchi-gakugei-university?lang=en
s00000026367001,https://jpcampus.net/university/yamaguchi-prefectural-university-guide
s00000026367001,https://jpcampus.net/university/yamaguchi-prefectural-university-guide?lang=en
s00000026367001,https://jpcampus.net/university/yamaguchi-prefectural-university-guide_kr
s00000026367001,https://jpcampus.net/university/yamaguchi-prefectural-university-guide_kr?lang=en
s00000026367001,https://jpcampus.net/university/yamaguchi-university-comprehensive-guide
s00000026367001,https://jpcampus.net/university/yamaguchi-university-comprehensive-guide?lang=en
s00000026367001,https://jpcampus.net/university/yamaguchi-university-comprehensive-guide_kr
s00000026367001,https://jpcampus.net/university/yamaguchi-university-comprehensive-guide_kr?lang=en
s00000026367001,https://jpcampus.net/university/yamanashi-gakuin-university-comprehensive-guide
s00000026367001,https://jpcampus.net/university/yamanashi-gakuin-university-comprehensive-guide?lang=en
s00000026367001,https://jpcampus.net/university/yamanashi-gakuin-university-comprehensive-guide_kr
s00000026367001,https://jpcampus.net/university/yamanashi-gakuin-university-comprehensive-guide_kr?lang=en
s00000026367001,https://jpcampus.net/university/yamanashi-prefectural-university-international-student-guide
s00000026367001,https://jpcampus.net/university/yamanashi-prefectural-university-international-student-guide?lang=en
s00000026367001,https://jpcampus.net/university/yamanashi-prefectural-university-international-student-guide_kr
s00000026367001,https://jpcampus.net/university/yamanashi-prefectural-university-international-student-guide_kr?lang=en
s00000026367001,https://jpcampus.net/university/yasuda-womens-university-guide
s00000026367001,https://jpcampus.net/university/yasuda-womens-university-guide?lang=en
s00000026367001,https://jpcampus.net/university/yasuda-womens-university-guide_kr
s00000026367001,https://jpcampus.net/university/yasuda-womens-university-guide_kr?lang=en
s00000026367001,https://jpcampus.net/university/yokkaichi-university-guide
s00000026367001,https://jpcampus.net/university/yokkaichi-university-guide?lang=en
s00000026367001,https://jpcampus.net/university/yokkaichi-university-guide_kr
s00000026367001,https://jpcampus.net/university/yokkaichi-university-guide_kr?lang=en
s00000026367001,https://jpcampus.net/university/yokohama-city-university-ycu-comprehensive-guide
s00000026367001,https://jpcampus.net/university/yokohama-city-university-ycu-comprehensive-guide?lang=en
s00000026367001,https://jpcampus.net/university/yokohama-city-university-ycu-comprehensive-guide_kr
s00000026367001,https://jpcampus.net/university/yokohama-city-university-ycu-comprehensive-guide_kr?lang=en
s00000026367001,https://jpcampus.net/university/yokohama-college-of-commerce-guide
s00000026367001,https://jpcampus.net/university/yokohama-college-of-commerce-guide?lang=en
s00000026367001,https://jpcampus.net/university/yokohama-college-of-commerce-guide_kr
s00000026367001,https://jpcampus.net/university/yokohama-college-of-commerce-guide_kr?lang=en
s00000026367001,https://jpfun.net/item/alts_bandai_en
s00000026367001,https://jpfun.net/item/alts_bandai_en?lang=ko
s00000026367001,https://jpfun.net/item/alts_bandai_ko
s00000026367001,https://jpfun.net/item/alts_bandai_ko?lang=ko
s00000026367001,https://jpfun.net/item/appi_kogen_en
s00000026367001,https://jpfun.net/item/appi_kogen_en?lang=ko
s00000026367001,https://jpfun.net/item/appi_kogen_ko
s00000026367001,https://jpfun.net/item/appi_kogen_ko?lang=ko
s00000026367001,https://jpfun.net/item/asahidake_en
s00000026367001,https://jpfun.net/item/asahidake_en?lang=ko
s00000026367001,https://jpfun.net/item/asahidake_ko
s00000026367001,https://jpfun.net/item/asahidake_ko?lang=ko
s00000026367001,https://jpfun.net/item/chiba_hebara_en
s00000026367001,https://jpfun.net/item/chiba_hebara_en?lang=ko
s00000026367001,https://jpfun.net/item/chiba_hebara_ko
s00000026367001,https://jpfun.net/item/chiba_hebara_ko?lang=ko
s00000026367001,https://jpfun.net/item/chiba_kujukuri_en
s00000026367001,https://jpfun.net/item/chiba_kujukuri_en?lang=ko
s00000026367001,https://jpfun.net/item/chiba_kujukuri_ko
s00000026367001,https://jpfun.net/item/chiba_kujukuri_ko?lang=ko
s00000026367001,https://jpfun.net/item/chubu_norikura_camp_en
s00000026367001,https://jpfun.net/item/chubu_norikura_camp_en?lang=ko
s00000026367001,https://jpfun.net/item/chubu_norikura_camp_ko
s00000026367001,https://jpfun.net/item/chubu_norikura_camp_ko?lang=ko
s00000026367001,https://jpfun.net/item/chugoku_setouchi_camp_en
s00000026367001,https://jpfun.net/item/chugoku_setouchi_camp_en?lang=ko
s00000026367001,https://jpfun.net/item/chugoku_setouchi_camp_ko
s00000026367001,https://jpfun.net/item/chugoku_setouchi_camp_ko?lang=ko
s00000026367001,https://jpfun.net/item/dynaland_en
s00000026367001,https://jpfun.net/item/dynaland_en?lang=ko
s00000026367001,https://jpfun.net/item/dynaland_ko
s00000026367001,https://jpfun.net/item/dynaland_ko?lang=ko
s00000026367001,https://jpfun.net/item/fuji_kawaguchiko_camp_en
s00000026367001,https://jpfun.net/item/fuji_kawaguchiko_camp_en?lang=ko
s00000026367001,https://jpfun.net/item/fuji_kawaguchiko_camp_ko
s00000026367001,https://jpfun.net/item/fuji_kawaguchiko_camp_ko?lang=ko
s00000026367001,https://jpfun.net/item/fuji_motosu_camp_en
s00000026367001,https://jpfun.net/item/fuji_motosu_camp_en?lang=ko
s00000026367001,https://jpfun.net/item/fuji_motosu_camp_ko
s00000026367001,https://jpfun.net/item/fuji_motosu_camp_ko?lang=ko
s00000026367001,https://jpfun.net/item/fuji_yamanakako_camp_en
s00000026367001,https://jpfun.net/item/fuji_yamanakako_camp_en?lang=ko
s00000026367001,https://jpfun.net/item/fuji_yamanakako_camp_ko
s00000026367001,https://jpfun.net/item/fuji_yamanakako_camp_ko?lang=ko
s00000026367001,https://jpfun.net/item/fukushima_nakoso_en
s00000026367001,https://jpfun.net/item/fukushima_nakoso_en?lang=ko
s00000026367001,https://jpfun.net/item/fukushima_nakoso_ko
s00000026367001,https://jpfun.net/item/fukushima_nakoso_ko?lang=ko
s00000026367001,https://jpfun.net/item/furano_en
s00000026367001,https://jpfun.net/item/furano_en?lang=ko
s00000026367001,https://jpfun.net/item/furano_ko
s00000026367001,https://jpfun.net/item/furano_ko?lang=ko
s00000026367001,https://jpfun.net/item/gala_yuzawa_en
s00000026367001,https://jpfun.net/item/gala_yuzawa_en?lang=ko
s00000026367001,https://jpfun.net/item/gala_yuzawa_ko
s00000026367001,https://jpfun.net/item/gala_yuzawa_ko?lang=ko
s00000026367001,https://jpfun.net/item/geto_kogen_en
s00000026367001,https://jpfun.net/item/geto_kogen_en?lang=ko
s00000026367001,https://jpfun.net/item/geto_kogen_ko
s00000026367001,https://jpfun.net/item/geto_kogen_ko?lang=ko
s00000026367001,https://jpfun.net/item/hakuba_47_en
s00000026367001,https://jpfun.net/item/hakuba_47_en?lang=ko
s00000026367001,https://jpfun.net/item/hakuba_47_ko
s00000026367001,https://jpfun.net/item/hakuba_47_ko?lang=ko
s00000026367001,https://jpfun.net/item/hakuba_camp_en
s00000026367001,https://jpfun.net/item/hakuba_camp_en?lang=ko
s00000026367001,https://jpfun.net/item/hakuba_camp_ko
s00000026367001,https://jpfun.net/item/hakuba_camp_ko?lang=ko
s00000026367001,https://jpfun.net/item/hakuba_cortina_en
s00000026367001,https://jpfun.net/item/hakuba_cortina_en?lang=ko
s00000026367001,https://jpfun.net/item/hakuba_cortina_ko
s00000026367001,https://jpfun.net/item/hakuba_cortina_ko?lang=ko
s00000026367001,https://jpfun.net/item/hakuba_goryu_en
s00000026367001,https://jpfun.net/item/hakuba_goryu_en?lang=ko
s00000026367001,https://jpfun.net/item/hakuba_goryu_ko
s00000026367001,https://jpfun.net/item/hakuba_goryu_ko?lang=ko
s00000026367001,https://jpfun.net/item/hakuba_happo_one_en
s00000026367001,https://jpfun.net/item/hakuba_happo_one_en?lang=ko
s00000026367001,https://jpfun.net/item/hakuba_happo_one_ko
s00000026367001,https://jpfun.net/item/hakuba_happo_one_ko?lang=ko
s00000026367001,https://jpfun.net/item/hakuba_iwatake_en
s00000026367001,https://jpfun.net/item/hakuba_iwatake_en?lang=ko
s00000026367001,https://jpfun.net/item/hakuba_iwatake_ko
s00000026367001,https://jpfun.net/item/hakuba_iwatake_ko?lang=ko
s00000026367001,https://jpfun.net/item/hirayu_onsen_en
s00000026367001,https://jpfun.net/item/hirayu_onsen_en?lang=ko
s00000026367001,https://jpfun.net/item/hirayu_onsen_ko
s00000026367001,https://jpfun.net/item/hirayu_onsen_ko?lang=ko
s00000026367001,https://jpfun.net/item/hokkaido_furano_camp_en
s00000026367001,https://jpfun.net/item/hokkaido_furano_camp_en?lang=ko
s00000026367001,https://jpfun.net/item/hokkaido_furano_camp_ko
s00000026367001,https://jpfun.net/item/hokkaido_furano_camp_ko?lang=ko
s00000026367001,https://jpfun.net/item/hokkaido_toya_camp_en
s00000026367001,https://jpfun.net/item/hokkaido_toya_camp_en?lang=ko
s00000026367001,https://jpfun.net/item/hokkaido_toya_camp_ko
s00000026367001,https://jpfun.net/item/hokkaido_toya_camp_ko?lang=ko
s00000026367001,https://jpfun.net/item/hunter_mountain_shiobara_en
s00000026367001,https://jpfun.net/item/hunter_mountain_shiobara_en?lang=ko
s00000026367001,https://jpfun.net/item/hunter_mountain_shiobara_ko
s00000026367001,https://jpfun.net/item/hunter_mountain_shiobara_ko?lang=ko
s00000026367001,https://jpfun.net/item/ibaraki_oaraibaraki_en
s00000026367001,https://jpfun.net/item/ibaraki_oaraibaraki_en?lang=ko
s00000026367001,https://jpfun.net/item/ibaraki_oaraibaraki_ko
s00000026367001,https://jpfun.net/item/ibaraki_oaraibaraki_ko?lang=ko
s00000026367001,https://jpfun.net/item/ipponsugi_en
s00000026367001,https://jpfun.net/item/ipponsugi_en?lang=ko
s00000026367001,https://jpfun.net/item/ipponsugi_ko
s00000026367001,https://jpfun.net/item/ipponsugi_ko?lang=ko
s00000026367001,https://jpfun.net/item/iwappara_en
s00000026367001,https://jpfun.net/item/iwappara_en?lang=ko
s00000026367001,https://jpfun.net/item/iwappara_ko
s00000026367001,https://jpfun.net/item/iwappara_ko?lang=ko
s00000026367001,https://jpfun.net/item/izu_ito_en
s00000026367001,https://jpfun.net/item/izu_ito_en?lang=ko
s00000026367001,https://jpfun.net/item/izu_ito_ko
s00000026367001,https://jpfun.net/item/izu_ito_ko?lang=ko
s00000026367001,https://jpfun.net/item/izu_oshima_en
s00000026367001,https://jpfun.net/item/izu_oshima_en?lang=ko
s00000026367001,https://jpfun.net/item/izu_oshima_ko
s00000026367001,https://jpfun.net/item/izu_oshima_ko?lang=ko
s00000026367001,https://jpfun.net/item/izu_shimoda_en
s00000026367001,https://jpfun.net/item/izu_shimoda_en?lang=ko
s00000026367001,https://jpfun.net/item/izu_shimoda_ko
s00000026367001,https://jpfun.net/item/izu_shimoda_ko?lang=ko
s00000026367001,https://jpfun.net/item/joetsu_kokusai_en
s00000026367001,https://jpfun.net/item/joetsu_kokusai_en?lang=ko
s00000026367001,https://jpfun.net/item/joetsu_kokusai_ko
s00000026367001,https://jpfun.net/item/joetsu_kokusai_ko?lang=ko
s00000026367001,https://jpfun.net/item/kagoshima_amami_en
s00000026367001,https://jpfun.net/item/kagoshima_amami_en?lang=ko
s00000026367001,https://jpfun.net/item/kagoshima_amami_ko
s00000026367001,https://jpfun.net/item/kagoshima_amami_ko?lang=ko
s00000026367001,https://jpfun.net/item/kagoshima_yakushima_en
s00000026367001,https://jpfun.net/item/kagoshima_yakushima_en?lang=ko
s00000026367001,https://jpfun.net/item/kagoshima_yakushima_ko
s00000026367001,https://jpfun.net/item/kagoshima_yakushima_ko?lang=ko
s00000026367001,https://jpfun.net/item/kagura_en
s00000026367001,https://jpfun.net/item/kagura_en?lang=ko
s00000026367001,https://jpfun.net/item/kagura_ko
s00000026367001,https://jpfun.net/item/kagura_ko?lang=ko
s00000026367001,https://jpfun.net/item/kanto_hakone_camp_en
s00000026367001,https://jpfun.net/item/kanto_hakone_camp_en?lang=ko
s00000026367001,https://jpfun.net/item/kanto_hakone_camp_ko
s00000026367001,https://jpfun.net/item/kanto_hakone_camp_ko?lang=ko
s00000026367001,https://jpfun.net/item/karuizawa_prince_en
s00000026367001,https://jpfun.net/item/karuizawa_prince_en?lang=ko
s00000026367001,https://jpfun.net/item/karuizawa_prince_ko
s00000026367001,https://jpfun.net/item/karuizawa_prince_ko?lang=ko
s00000026367001,https://jpfun.net/item/kawaba_en
s00000026367001,https://jpfun.net/item/kawaba_en?lang=ko
s00000026367001,https://jpfun.net/item/kawaba_ko
s00000026367001,https://jpfun.net/item/kawaba_ko?lang=ko
s00000026367001,https://jpfun.net/item/kirifuri_kogen_en
s00000026367001,https://jpfun.net/item/kirifuri_kogen_en?lang=ko
s00000026367001,https://jpfun.net/item/kirifuri_kogen_ko
s00000026367001,https://jpfun.net/item/kirifuri_kogen_ko?lang=ko
s00000026367001,https://jpfun.net/item/kiroro_en
s00000026367001,https://jpfun.net/item/kiroro_en?lang=ko
s00000026367001,https://jpfun.net/item/kiroro_ko
s00000026367001,https://jpfun.net/item/kiroro_ko?lang=ko
s00000026367001,https://jpfun.net/item/kochi_irisaki_en
s00000026367001,https://jpfun.net/item/kochi_irisaki_en?lang=ko
s00000026367001,https://jpfun.net/item/kochi_irisaki_ko
s00000026367001,https://jpfun.net/item/kochi_irisaki_ko?lang=ko
s00000026367001,https://jpfun.net/item/kusatsu_kokusai_en
s00000026367001,https://jpfun.net/item/kusatsu_kokusai_en?lang=ko
s00000026367001,https://jpfun.net/item/kusatsu_kokusai_ko
s00000026367001,https://jpfun.net/item/kusatsu_kokusai_ko?lang=ko
s00000026367001,https://jpfun.net/item/madarao_kogen_en
s00000026367001,https://jpfun.net/item/madarao_kogen_en?lang=ko
s00000026367001,https://jpfun.net/item/madarao_kogen_ko
s00000026367001,https://jpfun.net/item/madarao_kogen_ko?lang=ko
s00000026367001,https://jpfun.net/item/maiko_snow_resort_en
s00000026367001,https://jpfun.net/item/maiko_snow_resort_en?lang=ko
s00000026367001,https://jpfun.net/item/maiko_snow_resort_ko
s00000026367001,https://jpfun.net/item/maiko_snow_resort_ko?lang=ko
s00000026367001,https://jpfun.net/item/manza_onsen_en
s00000026367001,https://jpfun.net/item/manza_onsen_en?lang=ko
s00000026367001,https://jpfun.net/item/manza_onsen_ko
s00000026367001,https://jpfun.net/item/manza_onsen_ko?lang=ko
s00000026367001,https://jpfun.net/item/minakami_hotaka_en
s00000026367001,https://jpfun.net/item/minakami_hotaka_en?lang=ko
s00000026367001,https://jpfun.net/item/minakami_hotaka_ko
s00000026367001,https://jpfun.net/item/minakami_hotaka_ko?lang=ko
s00000026367001,https://jpfun.net/item/mt_jeans_nasu_en
s00000026367001,https://jpfun.net/item/mt_jeans_nasu_en?lang=ko
s00000026367001,https://jpfun.net/item/mt_jeans_nasu_ko
s00000026367001,https://jpfun.net/item/mt_jeans_nasu_ko?lang=ko
s00000026367001,https://jpfun.net/item/myoko_suginohara_en
s00000026367001,https://jpfun.net/item/myoko_suginohara_en?lang=ko
s00000026367001,https://jpfun.net/item/myoko_suginohara_ko
s00000026367001,https://jpfun.net/item/myoko_suginohara_ko?lang=ko
s00000026367001,https://jpfun.net/item/naeba_en
s00000026367001,https://jpfun.net/item/naeba_en?lang=ko
s00000026367001,https://jpfun.net/item/naeba_ko
s00000026367001,https://jpfun.net/item/naeba_ko?lang=ko
s00000026367001,https://jpfun.net/item/nagano_karuizawa_camp_en
s00000026367001,https://jpfun.net/item/nagano_karuizawa_camp_en?lang=ko
s00000026367001,https://jpfun.net/item/nagano_karuizawa_camp_ko
s00000026367001,https://jpfun.net/item/nagano_karuizawa_camp_ko?lang=ko
s00000026367001,https://jpfun.net/item/nagano_tateshina_camp_en
s00000026367001,https://jpfun.net/item/nagano_tateshina_camp_en?lang=ko
s00000026367001,https://jpfun.net/item/nagano_tateshina_camp_ko
s00000026367001,https://jpfun.net/item/nagano_tateshina_camp_ko?lang=ko
s00000026367001,https://jpfun.net/item/nasu_onsen_family_en
s00000026367001,https://jpfun.net/item/nasu_onsen_family_en?lang=ko
s00000026367001,https://jpfun.net/item/nasu_onsen_family_ko
s00000026367001,https://jpfun.net/item/nasu_onsen_family_ko?lang=ko
s00000026367001,https://jpfun.net/item/niseko_annupuri_en
s00000026367001,https://jpfun.net/item/niseko_annupuri_en?lang=ko
s00000026367001,https://jpfun.net/item/niseko_annupuri_ko
s00000026367001,https://jpfun.net/item/niseko_annupuri_ko?lang=ko
s00000026367001,https://jpfun.net/item/niseko_grand_hirafu_en
s00000026367001,https://jpfun.net/item/niseko_grand_hirafu_en?lang=ko
s00000026367001,https://jpfun.net/item/niseko_grand_hirafu_ko
s00000026367001,https://jpfun.net/item/niseko_grand_hirafu_ko?lang=ko
s00000026367001,https://jpfun.net/item/niseko_hanazono_en
s00000026367001,https://jpfun.net/item/niseko_hanazono_en?lang=ko
s00000026367001,https://jpfun.net/item/niseko_hanazono_ko
s00000026367001,https://jpfun.net/item/niseko_hanazono_ko?lang=ko
s00000026367001,https://jpfun.net/item/niseko_village_en
s00000026367001,https://jpfun.net/item/niseko_village_en?lang=ko
s00000026367001,https://jpfun.net/item/niseko_village_ko
s00000026367001,https://jpfun.net/item/niseko_village_ko?lang=ko
s00000026367001,https://jpfun.net/item/nozawa_onsen_en
s00000026367001,https://jpfun.net/item/nozawa_onsen_en?lang=ko
s00000026367001,https://jpfun.net/item/nozawa_onsen_ko
s00000026367001,https://jpfun.net/item/nozawa_onsen_ko?lang=ko
s00000026367001,https://jpfun.net/item/okinawa_blue_cave_en
s00000026367001,https://jpfun.net/item/okinawa_blue_cave_en?lang=ko
s00000026367001,https://jpfun.net/item/okinawa_blue_cave_ko
s00000026367001,https://jpfun.net/item/okinawa_blue_cave_ko?lang=ko
s00000026367001,https://jpfun.net/item/okinawa_ishigaki_manta_en
s00000026367001,https://jpfun.net/item/okinawa_ishigaki_manta_en?lang=ko
s00000026367001,https://jpfun.net/item/okinawa_ishigaki_manta_ko
s00000026367001,https://jpfun.net/item/okinawa_ishigaki_manta_ko?lang=ko
s00000026367001,https://jpfun.net/item/okinawa_ishigaki_surf_en
s00000026367001,https://jpfun.net/item/okinawa_ishigaki_surf_en?lang=ko
s00000026367001,https://jpfun.net/item/okinawa_ishigaki_surf_ko
s00000026367001,https://jpfun.net/item/okinawa_ishigaki_surf_ko?lang=ko
s00000026367001,https://jpfun.net/item/okinawa_kerama_en
s00000026367001,https://jpfun.net/item/okinawa_kerama_en?lang=ko
s00000026367001,https://jpfun.net/item/okinawa_kerama_ko
s00000026367001,https://jpfun.net/item/okinawa_kerama_ko?lang=ko
s00000026367001,https://jpfun.net/item/okinawa_minna_en
s00000026367001,https://jpfun.net/item/okinawa_minna_en?lang=ko
s00000026367001,https://jpfun.net/item/okinawa_minna_ko
s00000026367001,https://jpfun.net/item/okinawa_minna_ko?lang=ko
s00000026367001,https://jpfun.net/item/okinawa_miyako_dive_en
s00000026367001,https://jpfun.net/item/okinawa_miyako_dive_en?lang=ko
s00000026367001,https://jpfun.net/item/okinawa_miyako_dive_ko
s00000026367001,https://jpfun.net/item/okinawa_miyako_dive_ko?lang=ko
s00000026367001,https://jpfun.net/item/okinawa_sunayama_en
s00000026367001,https://jpfun.net/item/okinawa_sunayama_en?lang=ko
s00000026367001,https://jpfun.net/item/okinawa_sunayama_ko
s00000026367001,https://jpfun.net/item/okinawa_sunayama_ko?lang=ko
s00000026367001,https://jpfun.net/item/okinawa_yomitan_en
s00000026367001,https://jpfun.net/item/okinawa_yomitan_en?lang=ko
s00000026367001,https://jpfun.net/item/okinawa_yomitan_ko
s00000026367001,https://jpfun.net/item/okinawa_yomitan_ko?lang=ko
s00000026367001,https://jpfun.net/item/okinawa_yonaguni_en
s00000026367001,https://jpfun.net/item/okinawa_yonaguni_en?lang=ko
s00000026367001,https://jpfun.net/item/okinawa_yonaguni_ko
s00000026367001,https://jpfun.net/item/okinawa_yonaguni_ko?lang=ko
s00000026367001,https://jpfun.net/item/rusutsu_en
s00000026367001,https://jpfun.net/item/rusutsu_en?lang=ko
s00000026367001,https://jpfun.net/item/rusutsu_ko
s00000026367001,https://jpfun.net/item/rusutsu_ko?lang=ko
s00000026367001,https://jpfun.net/item/sahoro_en
s00000026367001,https://jpfun.net/item/sahoro_en?lang=ko
s00000026367001,https://jpfun.net/item/sahoro_ko
s00000026367001,https://jpfun.net/item/sahoro_ko?lang=ko
s00000026367001,https://jpfun.net/item/sapporo_kokusai_en
s00000026367001,https://jpfun.net/item/sapporo_kokusai_en?lang=ko
s00000026367001,https://jpfun.net/item/sapporo_kokusai_ko
s00000026367001,https://jpfun.net/item/sapporo_kokusai_ko?lang=ko
s00000026367001,https://jpfun.net/item/sapporo_teine_en
s00000026367001,https://jpfun.net/item/sapporo_teine_en?lang=ko
s00000026367001,https://jpfun.net/item/sapporo_teine_ko
s00000026367001,https://jpfun.net/item/sapporo_teine_ko?lang=ko
s00000026367001,https://jpfun.net/item/shiga_kogen_en
s00000026367001,https://jpfun.net/item/shiga_kogen_en?lang=ko
s00000026367001,https://jpfun.net/item/shiga_kogen_ko
s00000026367001,https://jpfun.net/item/shiga_kogen_ko?lang=ko
s00000026367001,https://jpfun.net/item/shimanami_camp_en
s00000026367001,https://jpfun.net/item/shimanami_camp_en?lang=ko
s00000026367001,https://jpfun.net/item/shimanami_camp_ko
s00000026367001,https://jpfun.net/item/shimanami_camp_ko?lang=ko
s00000026367001,https://jpfun.net/item/shizuoka_iso_en
s00000026367001,https://jpfun.net/item/shizuoka_iso_en?lang=ko
s00000026367001,https://jpfun.net/item/shizuoka_iso_ko
s00000026367001,https://jpfun.net/item/shizuoka_iso_ko?lang=ko
s00000026367001,https://jpfun.net/item/shizuoka_ohsezaki_en
s00000026367001,https://jpfun.net/item/shizuoka_ohsezaki_en?lang=ko
s00000026367001,https://jpfun.net/item/shizuoka_ohsezaki_ko
s00000026367001,https://jpfun.net/item/shizuoka_ohsezaki_ko?lang=ko
s00000026367001,https://jpfun.net/item/shonan_chigasaki_en
s00000026367001,https://jpfun.net/item/shonan_chigasaki_en?lang=ko
s00000026367001,https://jpfun.net/item/shonan_chigasaki_ko
s00000026367001,https://jpfun.net/item/shonan_chigasaki_ko?lang=ko
s00000026367001,https://jpfun.net/item/shonan_kugenuma_en
s00000026367001,https://jpfun.net/item/shonan_kugenuma_en?lang=ko
s00000026367001,https://jpfun.net/item/shonan_kugenuma_ko
s00000026367001,https://jpfun.net/item/shonan_kugenuma_ko?lang=ko
s00000026367001,https://jpfun.net/item/shonan_tsujido_en
s00000026367001,https://jpfun.net/item/shonan_tsujido_en?lang=ko
s00000026367001,https://jpfun.net/item/shonan_tsujido_ko
s00000026367001,https://jpfun.net/item/shonan_tsujido_ko?lang=ko
s00000026367001,https://jpfun.net/item/takasu_snow_park_en
s00000026367001,https://jpfun.net/item/takasu_snow_park_en?lang=ko
s00000026367001,https://jpfun.net/item/takasu_snow_park_ko
s00000026367001,https://jpfun.net/item/takasu_snow_park_ko?lang=ko
s00000026367001,https://jpfun.net/item/tangram_ski_circus_en
s00000026367001,https://jpfun.net/item/tangram_ski_circus_en?lang=ko
s00000026367001,https://jpfun.net/item/tangram_ski_circus_ko
s00000026367001,https://jpfun.net/item/tangram_ski_circus_ko?lang=ko
s00000026367001,https://jpfun.net/item/tomamu_en
s00000026367001,https://jpfun.net/item/tomamu_en?lang=ko
s00000026367001,https://jpfun.net/item/tomamu_ko
s00000026367001,https://jpfun.net/item/tomamu_ko?lang=ko
s00000026367001,https://jpfun.net/item/tsugaike_kogen_en
s00000026367001,https://jpfun.net/item/tsugaike_kogen_en?lang=ko
s00000026367001,https://jpfun.net/item/tsugaike_kogen_ko
s00000026367001,https://jpfun.net/item/tsugaike_kogen_ko?lang=ko
s00000026367001,https://jpfun.net/item/washigatake_en
s00000026367001,https://jpfun.net/item/washigatake_en?lang=ko
s00000026367001,https://jpfun.net/item/washigatake_ko
s00000026367001,https://jpfun.net/item/washigatake_ko?lang=ko
s00000026367001,https://jpfun.net/item/yuzawa_kogen_en
s00000026367001,https://jpfun.net/item/yuzawa_kogen_en?lang=ko
s00000026367001,https://jpfun.net/item/yuzawa_kogen_ko
s00000026367001,https://jpfun.net/item/yuzawa_kogen_ko?lang=ko
s00000026367001,https://jpfun.net/item/zao_onsen_en
s00000026367001,https://jpfun.net/item/zao_onsen_en?lang=ko
s00000026367001,https://jpfun.net/item/zao_onsen_ko
s00000026367001,https://jpfun.net/item/zao_onsen_ko?lang=ko
s00000026367001,https://okcaddie.net/course/abashiri_lakeside_golf_en
s00000026367001,https://okcaddie.net/course/abashiri_lakeside_golf_en?lang=ko
s00000026367001,https://okcaddie.net/course/abashiri_lakeside_golf_ko
s00000026367001,https://okcaddie.net/course/abashiri_lakeside_golf_ko?lang=ko
s00000026367001,https://okcaddie.net/course/abc_golf_club_en
s00000026367001,https://okcaddie.net/course/abc_golf_club_en?lang=ko
s00000026367001,https://okcaddie.net/course/abc_golf_club_ko
s00000026367001,https://okcaddie.net/course/abc_golf_club_ko?lang=ko
s00000026367001,https://okcaddie.net/course/abiko_golf_club_en
s00000026367001,https://okcaddie.net/course/abiko_golf_club_en?lang=ko
s00000026367001,https://okcaddie.net/course/abiko_golf_club_ko
s00000026367001,https://okcaddie.net/course/abiko_golf_club_ko?lang=ko
s00000026367001,https://okcaddie.net/course/accordia_golf_narita_airport_en
s00000026367001,https://okcaddie.net/course/accordia_golf_narita_airport_en?lang=ko
s00000026367001,https://okcaddie.net/course/accordia_golf_narita_airport_ko
s00000026367001,https://okcaddie.net/course/accordia_golf_narita_airport_ko?lang=ko
s00000026367001,https://okcaddie.net/course/aichi_country_club_en
s00000026367001,https://okcaddie.net/course/aichi_country_club_en?lang=ko
s00000026367001,https://okcaddie.net/course/aichi_country_club_ko
s00000026367001,https://okcaddie.net/course/aichi_country_club_ko?lang=ko
s00000026367001,https://okcaddie.net/course/akita_minami_golf_en
s00000026367001,https://okcaddie.net/course/akita_minami_golf_en?lang=ko
s00000026367001,https://okcaddie.net/course/akita_minami_golf_ko
s00000026367001,https://okcaddie.net/course/akita_minami_golf_ko?lang=ko
s00000026367001,https://okcaddie.net/course/aomori_country_club_en
s00000026367001,https://okcaddie.net/course/aomori_country_club_en?lang=ko
s00000026367001,https://okcaddie.net/course/aomori_country_club_ko
s00000026367001,https://okcaddie.net/course/aomori_country_club_ko?lang=ko
s00000026367001,https://okcaddie.net/course/appi_kogen_golf_club_en
s00000026367001,https://okcaddie.net/course/appi_kogen_golf_club_en?lang=ko
s00000026367001,https://okcaddie.net/course/appi_kogen_golf_club_ko
s00000026367001,https://okcaddie.net/course/appi_kogen_golf_club_ko?lang=ko
s00000026367001,https://okcaddie.net/course/arima_royal_golf_club_en
s00000026367001,https://okcaddie.net/course/arima_royal_golf_club_en?lang=ko
s00000026367001,https://okcaddie.net/course/arima_royal_golf_club_ko
s00000026367001,https://okcaddie.net/course/arima_royal_golf_club_ko?lang=ko
s00000026367001,https://okcaddie.net/course/asahikawa_kokusai_golf_en
s00000026367001,https://okcaddie.net/course/asahikawa_kokusai_golf_en?lang=ko
s00000026367001,https://okcaddie.net/course/asahikawa_kokusai_golf_ko
s00000026367001,https://okcaddie.net/course/asahikawa_kokusai_golf_ko?lang=ko
s00000026367001,https://okcaddie.net/course/ashinoko_country_club_en
s00000026367001,https://okcaddie.net/course/ashinoko_country_club_en?lang=ko
s00000026367001,https://okcaddie.net/course/ashinoko_country_club_ko
s00000026367001,https://okcaddie.net/course/ashinoko_country_club_ko?lang=ko
s00000026367001,https://okcaddie.net/course/aso_resort_grandvrio_en
s00000026367001,https://okcaddie.net/course/aso_resort_grandvrio_en?lang=ko
s00000026367001,https://okcaddie.net/course/aso_resort_grandvrio_ko
s00000026367001,https://okcaddie.net/course/aso_resort_grandvrio_ko?lang=ko
s00000026367001,https://okcaddie.net/course/aso_sky_blue_golf_club_en
s00000026367001,https://okcaddie.net/course/aso_sky_blue_golf_club_en?lang=ko
s00000026367001,https://okcaddie.net/course/aso_sky_blue_golf_club_ko
s00000026367001,https://okcaddie.net/course/aso_sky_blue_golf_club_ko?lang=ko
s00000026367001,https://okcaddie.net/course/atta_terrace_golf_resort_en
s00000026367001,https://okcaddie.net/course/atta_terrace_golf_resort_en?lang=ko
s00000026367001,https://okcaddie.net/course/atta_terrace_golf_resort_ko
s00000026367001,https://okcaddie.net/course/atta_terrace_golf_resort_ko?lang=ko
s00000026367001,https://okcaddie.net/course/banyan_tree_golf_club_en
s00000026367001,https://okcaddie.net/course/banyan_tree_golf_club_en?lang=ko
s00000026367001,https://okcaddie.net/course/banyan_tree_golf_club_ko
s00000026367001,https://okcaddie.net/course/banyan_tree_golf_club_ko?lang=ko
s00000026367001,https://okcaddie.net/course/beppu_golf_club_en
s00000026367001,https://okcaddie.net/course/beppu_golf_club_en?lang=ko
s00000026367001,https://okcaddie.net/course/beppu_golf_club_ko
s00000026367001,https://okcaddie.net/course/beppu_golf_club_ko?lang=ko
s00000026367001,https://okcaddie.net/course/bise_village_links_en
s00000026367001,https://okcaddie.net/course/bise_village_links_en?lang=ko
s00000026367001,https://okcaddie.net/course/bise_village_links_ko
s00000026367001,https://okcaddie.net/course/bise_village_links_ko?lang=ko
s00000026367001,https://okcaddie.net/course/caledonian_golf_club_en
s00000026367001,https://okcaddie.net/course/caledonian_golf_club_en?lang=ko
s00000026367001,https://okcaddie.net/course/caledonian_golf_club_ko
s00000026367001,https://okcaddie.net/course/caledonian_golf_club_ko?lang=ko
s00000026367001,https://okcaddie.net/course/camellia_hills_country_club_en
s00000026367001,https://okcaddie.net/course/camellia_hills_country_club_en?lang=ko
s00000026367001,https://okcaddie.net/course/camellia_hills_country_club_ko
s00000026367001,https://okcaddie.net/course/camellia_hills_country_club_ko?lang=ko
s00000026367001,https://okcaddie.net/course/cherry_hills_golf_club_en
s00000026367001,https://okcaddie.net/course/cherry_hills_golf_club_en?lang=ko
s00000026367001,https://okcaddie.net/course/cherry_hills_golf_club_ko
s00000026367001,https://okcaddie.net/course/cherry_hills_golf_club_ko?lang=ko
s00000026367001,https://okcaddie.net/course/cherry_hills_robert_trent_jones_en
s00000026367001,https://okcaddie.net/course/cherry_hills_robert_trent_jones_en?lang=ko
s00000026367001,https://okcaddie.net/course/cherry_hills_robert_trent_jones_ko
s00000026367001,https://okcaddie.net/course/cherry_hills_robert_trent_jones_ko?lang=ko
s00000026367001,https://okcaddie.net/course/chiba_country_club_umesato_en
s00000026367001,https://okcaddie.net/course/chiba_country_club_umesato_en?lang=ko
s00000026367001,https://okcaddie.net/course/chiba_country_club_umesato_ko
s00000026367001,https://okcaddie.net/course/chiba_country_club_umesato_ko?lang=ko
s00000026367001,https://okcaddie.net/course/chiran_country_club_en
s00000026367001,https://okcaddie.net/course/chiran_country_club_en?lang=ko
s00000026367001,https://okcaddie.net/course/chiran_country_club_ko
s00000026367001,https://okcaddie.net/course/chiran_country_club_ko?lang=ko
s00000026367001,https://okcaddie.net/course/chukyo_golf_club_en
s00000026367001,https://okcaddie.net/course/chukyo_golf_club_en?lang=ko
s00000026367001,https://okcaddie.net/course/chukyo_golf_club_ko
s00000026367001,https://okcaddie.net/course/chukyo_golf_club_ko?lang=ko
s00000026367001,https://okcaddie.net/course/eagle_point_golf_club_en
s00000026367001,https://okcaddie.net/course/eagle_point_golf_club_en?lang=ko
s00000026367001,https://okcaddie.net/course/eagle_point_golf_club_ko
s00000026367001,https://okcaddie.net/course/eagle_point_golf_club_ko?lang=ko
s00000026367001,https://okcaddie.net/course/ehime_golf_club_en
s00000026367001,https://okcaddie.net/course/ehime_golf_club_en?lang=ko
s00000026367001,https://okcaddie.net/course/ehime_golf_club_ko
s00000026367001,https://okcaddie.net/course/ehime_golf_club_ko?lang=ko
s00000026367001,https://okcaddie.net/course/ehime_golf_club_main_en
s00000026367001,https://okcaddie.net/course/ehime_golf_club_main_en?lang=ko
s00000026367001,https://okcaddie.net/course/ehime_golf_club_main_ko
s00000026367001,https://okcaddie.net/course/ehime_golf_club_main_ko?lang=ko
s00000026367001,https://okcaddie.net/course/ena_kogen_golf_club_en
s00000026367001,https://okcaddie.net/course/ena_kogen_golf_club_en?lang=ko
s00000026367001,https://okcaddie.net/course/ena_kogen_golf_club_ko
s00000026367001,https://okcaddie.net/course/ena_kogen_golf_club_ko?lang=ko
s00000026367001,https://okcaddie.net/course/eniwa_country_club_en
s00000026367001,https://okcaddie.net/course/eniwa_country_club_en?lang=ko
s00000026367001,https://okcaddie.net/course/eniwa_country_club_ko
s00000026367001,https://okcaddie.net/course/eniwa_country_club_ko?lang=ko
s00000026367001,https://okcaddie.net/course/enoshima_golf_club_en
s00000026367001,https://okcaddie.net/course/enoshima_golf_club_en?lang=ko
s00000026367001,https://okcaddie.net/course/enoshima_golf_club_ko
s00000026367001,https://okcaddie.net/course/enoshima_golf_club_ko?lang=ko
s00000026367001,https://okcaddie.net/course/fuchu_country_club_en
s00000026367001,https://okcaddie.net/course/fuchu_country_club_en?lang=ko
s00000026367001,https://okcaddie.net/course/fuchu_country_club_ko
s00000026367001,https://okcaddie.net/course/fuchu_country_club_ko?lang=ko
s00000026367001,https://okcaddie.net/course/fuji_country_club_en
s00000026367001,https://okcaddie.net/course/fuji_country_club_en?lang=ko
s00000026367001,https://okcaddie.net/course/fuji_country_club_ko
s00000026367001,https://okcaddie.net/course/fuji_country_club_ko?lang=ko
s00000026367001,https://okcaddie.net/course/fujizakura_country_club_en
s00000026367001,https://okcaddie.net/course/fujizakura_country_club_en?lang=ko
s00000026367001,https://okcaddie.net/course/fujizakura_country_club_ko
s00000026367001,https://okcaddie.net/course/fujizakura_country_club_ko?lang=ko
s00000026367001,https://okcaddie.net/course/fukuoka_country_club_en
s00000026367001,https://okcaddie.net/course/fukuoka_country_club_en?lang=ko
s00000026367001,https://okcaddie.net/course/fukuoka_country_club_ko
s00000026367001,https://okcaddie.net/course/fukuoka_country_club_ko?lang=ko
s00000026367001,https://okcaddie.net/course/fukuoka_international_en
s00000026367001,https://okcaddie.net/course/fukuoka_international_en?lang=ko
s00000026367001,https://okcaddie.net/course/fukuoka_international_ko
s00000026367001,https://okcaddie.net/course/fukuoka_international_ko?lang=ko
s00000026367001,https://okcaddie.net/course/fukuoka_kokusai_golf_en
s00000026367001,https://okcaddie.net/course/fukuoka_kokusai_golf_en?lang=ko
s00000026367001,https://okcaddie.net/course/fukuoka_kokusai_golf_ko
s00000026367001,https://okcaddie.net/course/fukuoka_kokusai_golf_ko?lang=ko
s00000026367001,https://okcaddie.net/course/fukushima_azuma_golf_en
s00000026367001,https://okcaddie.net/course/fukushima_azuma_golf_en?lang=ko
s00000026367001,https://okcaddie.net/course/fukushima_azuma_golf_ko
s00000026367001,https://okcaddie.net/course/fukushima_azuma_golf_ko?lang=ko
s00000026367001,https://okcaddie.net/course/fukushima_golf_club_en
s00000026367001,https://okcaddie.net/course/fukushima_golf_club_en?lang=ko
s00000026367001,https://okcaddie.net/course/fukushima_golf_club_ko
s00000026367001,https://okcaddie.net/course/fukushima_golf_club_ko?lang=ko
s00000026367001,https://okcaddie.net/course/gifu_north_golf_club_en
s00000026367001,https://okcaddie.net/course/gifu_north_golf_club_en?lang=ko
s00000026367001,https://okcaddie.net/course/gifu_north_golf_club_ko
s00000026367001,https://okcaddie.net/course/gifu_north_golf_club_ko?lang=ko
s00000026367001,https://okcaddie.net/course/gifu_seki_country_club_en
s00000026367001,https://okcaddie.net/course/gifu_seki_country_club_en?lang=ko
s00000026367001,https://okcaddie.net/course/gifu_seki_country_club_ko
s00000026367001,https://okcaddie.net/course/gifu_seki_country_club_ko?lang=ko
s00000026367001,https://okcaddie.net/course/golden_valley_golf_club_en
s00000026367001,https://okcaddie.net/course/golden_valley_golf_club_en?lang=ko
s00000026367001,https://okcaddie.net/course/golden_valley_golf_club_ko
s00000026367001,https://okcaddie.net/course/golden_valley_golf_club_ko?lang=ko
s00000026367001,https://okcaddie.net/course/hakone_country_club_en
s00000026367001,https://okcaddie.net/course/hakone_country_club_en?lang=ko
s00000026367001,https://okcaddie.net/course/hakone_country_club_ko
s00000026367001,https://okcaddie.net/course/hakone_country_club_ko?lang=ko
s00000026367001,https://okcaddie.net/course/hanshin_public_golf_en
s00000026367001,https://okcaddie.net/course/hanshin_public_golf_en?lang=ko
s00000026367001,https://okcaddie.net/course/hanshin_public_golf_ko
s00000026367001,https://okcaddie.net/course/hanshin_public_golf_ko?lang=ko
s00000026367001,https://okcaddie.net/course/hiratsuka_fuji_golf_course_en
s00000026367001,https://okcaddie.net/course/hiratsuka_fuji_golf_course_en?lang=ko
s00000026367001,https://okcaddie.net/course/hiratsuka_fuji_golf_course_ko
s00000026367001,https://okcaddie.net/course/hiratsuka_fuji_golf_course_ko?lang=ko
s00000026367001,https://okcaddie.net/course/hirono_golf_club_en
s00000026367001,https://okcaddie.net/course/hirono_golf_club_en?lang=ko
s00000026367001,https://okcaddie.net/course/hirono_golf_club_ko
s00000026367001,https://okcaddie.net/course/hirono_golf_club_ko?lang=ko
s00000026367001,https://okcaddie.net/course/hiroshima_country_club_en
s00000026367001,https://okcaddie.net/course/hiroshima_country_club_en?lang=ko
s00000026367001,https://okcaddie.net/course/hiroshima_country_club_ko
s00000026367001,https://okcaddie.net/course/hiroshima_country_club_ko?lang=ko
s00000026367001,https://okcaddie.net/course/hiroshima_kokusai_golf_en
s00000026367001,https://okcaddie.net/course/hiroshima_kokusai_golf_en?lang=ko
s00000026367001,https://okcaddie.net/course/hiroshima_kokusai_golf_ko
s00000026367001,https://okcaddie.net/course/hiroshima_kokusai_golf_ko?lang=ko
s00000026367001,https://okcaddie.net/course/hokkaido_brooks_golf_en
s00000026367001,https://okcaddie.net/course/hokkaido_brooks_golf_en?lang=ko
s00000026367001,https://okcaddie.net/course/hokkaido_brooks_golf_ko
s00000026367001,https://okcaddie.net/course/hokkaido_brooks_golf_ko?lang=ko
s00000026367001,https://okcaddie.net/course/hokkaido_classic_golf_club_en
s00000026367001,https://okcaddie.net/course/hokkaido_classic_golf_club_en?lang=ko
s00000026367001,https://okcaddie.net/course/hokkaido_classic_golf_club_ko
s00000026367001,https://okcaddie.net/course/hokkaido_classic_golf_club_ko?lang=ko
s00000026367001,https://okcaddie.net/course/ibaraki_golf_club_en
s00000026367001,https://okcaddie.net/course/ibaraki_golf_club_en?lang=ko
s00000026367001,https://okcaddie.net/course/ibaraki_golf_club_ko
s00000026367001,https://okcaddie.net/course/ibaraki_golf_club_ko?lang=ko
s00000026367001,https://okcaddie.net/course/ibusuki_golf_club_en
s00000026367001,https://okcaddie.net/course/ibusuki_golf_club_en?lang=ko
s00000026367001,https://okcaddie.net/course/ibusuki_golf_club_ko
s00000026367001,https://okcaddie.net/course/ibusuki_golf_club_ko?lang=ko
s00000026367001,https://okcaddie.net/course/inuyama_country_club_en
s00000026367001,https://okcaddie.net/course/inuyama_country_club_en?lang=ko
s00000026367001,https://okcaddie.net/course/inuyama_country_club_ko
s00000026367001,https://okcaddie.net/course/inuyama_country_club_ko?lang=ko
s00000026367001,https://okcaddie.net/course/iwate_numakunai_golf_en
s00000026367001,https://okcaddie.net/course/iwate_numakunai_golf_en?lang=ko
s00000026367001,https://okcaddie.net/course/iwate_numakunai_golf_ko
s00000026367001,https://okcaddie.net/course/iwate_numakunai_golf_ko?lang=ko
s00000026367001,https://okcaddie.net/course/izu_ohito_country_club_en
s00000026367001,https://okcaddie.net/course/izu_ohito_country_club_en?lang=ko
s00000026367001,https://okcaddie.net/course/izu_ohito_country_club_ko
s00000026367001,https://okcaddie.net/course/izu_ohito_country_club_ko?lang=ko
s00000026367001,https://okcaddie.net/course/jfe_setonaikai_golf_club_en
s00000026367001,https://okcaddie.net/course/jfe_setonaikai_golf_club_en?lang=ko
s00000026367001,https://okcaddie.net/course/jfe_setonaikai_golf_club_ko
s00000026367001,https://okcaddie.net/course/jfe_setonaikai_golf_club_ko?lang=ko
s00000026367001,https://okcaddie.net/course/jun_classic_country_club_en
s00000026367001,https://okcaddie.net/course/jun_classic_country_club_en?lang=ko
s00000026367001,https://okcaddie.net/course/jun_classic_country_club_ko
s00000026367001,https://okcaddie.net/course/jun_classic_country_club_ko?lang=ko
s00000026367001,https://okcaddie.net/course/kagawa_prefectural_golf_en
s00000026367001,https://okcaddie.net/course/kagawa_prefectural_golf_en?lang=ko
s00000026367001,https://okcaddie.net/course/kagawa_prefectural_golf_ko
s00000026367001,https://okcaddie.net/course/kagawa_prefectural_golf_ko?lang=ko
s00000026367001,https://okcaddie.net/course/kagoshima_airport_36_cc_en
s00000026367001,https://okcaddie.net/course/kagoshima_airport_36_cc_en?lang=ko
s00000026367001,https://okcaddie.net/course/kagoshima_airport_36_cc_ko
s00000026367001,https://okcaddie.net/course/kagoshima_airport_36_cc_ko?lang=ko
s00000026367001,https://okcaddie.net/course/kagoshima_kokusai_golf_en
s00000026367001,https://okcaddie.net/course/kagoshima_kokusai_golf_en?lang=ko
s00000026367001,https://okcaddie.net/course/kagoshima_kokusai_golf_ko
s00000026367001,https://okcaddie.net/course/kagoshima_kokusai_golf_ko?lang=ko
s00000026367001,https://okcaddie.net/course/kagoshima_takachiho_en
s00000026367001,https://okcaddie.net/course/kagoshima_takachiho_en?lang=ko
s00000026367001,https://okcaddie.net/course/kagoshima_takachiho_ko
s00000026367001,https://okcaddie.net/course/kagoshima_takachiho_ko?lang=ko
s00000026367001,https://okcaddie.net/course/kansai_classic_golf_club_en
s00000026367001,https://okcaddie.net/course/kansai_classic_golf_club_en?lang=ko
s00000026367001,https://okcaddie.net/course/kansai_classic_golf_club_ko
s00000026367001,https://okcaddie.net/course/kansai_classic_golf_club_ko?lang=ko
s00000026367001,https://okcaddie.net/course/kansai_golf_club_en
s00000026367001,https://okcaddie.net/course/kansai_golf_club_en?lang=ko
s00000026367001,https://okcaddie.net/course/kansai_golf_club_ko
s00000026367001,https://okcaddie.net/course/kansai_golf_club_ko?lang=ko
s00000026367001,https://okcaddie.net/course/kanucha_golf_course_en
s00000026367001,https://okcaddie.net/course/kanucha_golf_course_en?lang=ko
s00000026367001,https://okcaddie.net/course/kanucha_golf_course_ko
s00000026367001,https://okcaddie.net/course/kanucha_golf_course_ko?lang=ko
s00000026367001,https://okcaddie.net/course/karuizawa_72_golf_east_en
s00000026367001,https://okcaddie.net/course/karuizawa_72_golf_east_en?lang=ko
s00000026367001,https://okcaddie.net/course/karuizawa_72_golf_east_ko
s00000026367001,https://okcaddie.net/course/karuizawa_72_golf_east_ko?lang=ko
s00000026367001,https://okcaddie.net/course/karuizawa_asama_golf_course_en
s00000026367001,https://okcaddie.net/course/karuizawa_asama_golf_course_en?lang=ko
s00000026367001,https://okcaddie.net/course/karuizawa_asama_golf_course_ko
s00000026367001,https://okcaddie.net/course/karuizawa_asama_golf_course_ko?lang=ko
s00000026367001,https://okcaddie.net/course/kasumigaseki_country_club_en
s00000026367001,https://okcaddie.net/course/kasumigaseki_country_club_en?lang=ko
s00000026367001,https://okcaddie.net/course/kasumigaseki_country_club_ko
s00000026367001,https://okcaddie.net/course/kasumigaseki_country_club_ko?lang=ko
s00000026367001,https://okcaddie.net/course/katayamazu_golf_club_en
s00000026367001,https://okcaddie.net/course/katayamazu_golf_club_en?lang=ko
s00000026367001,https://okcaddie.net/course/katayamazu_golf_club_ko
s00000026367001,https://okcaddie.net/course/katayamazu_golf_club_ko?lang=ko
s00000026367001,https://okcaddie.net/course/katsura_golf_club_en
s00000026367001,https://okcaddie.net/course/katsura_golf_club_en?lang=ko
s00000026367001,https://okcaddie.net/course/katsura_golf_club_ko
s00000026367001,https://okcaddie.net/course/katsura_golf_club_ko?lang=ko
s00000026367001,https://okcaddie.net/course/katsuragi_golf_club_en
s00000026367001,https://okcaddie.net/course/katsuragi_golf_club_en?lang=ko
s00000026367001,https://okcaddie.net/course/katsuragi_golf_club_ko
s00000026367001,https://okcaddie.net/course/katsuragi_golf_club_ko?lang=ko
s00000026367001,https://okcaddie.net/course/kawana_hotel_golf_course_fuji_course_en
s00000026367001,https://okcaddie.net/course/kawana_hotel_golf_course_fuji_course_en?lang=ko
s00000026367001,https://okcaddie.net/course/kawana_hotel_golf_course_fuji_course_ko
s00000026367001,https://okcaddie.net/course/kawana_hotel_golf_course_fuji_course_ko?lang=ko
s00000026367001,https://okcaddie.net/course/keya_golf_club_en
s00000026367001,https://okcaddie.net/course/keya_golf_club_en?lang=ko
s00000026367001,https://okcaddie.net/course/keya_golf_club_ko
s00000026367001,https://okcaddie.net/course/keya_golf_club_ko?lang=ko
s00000026367001,https://okcaddie.net/course/kinojo_golf_club_en
s00000026367001,https://okcaddie.net/course/kinojo_golf_club_en?lang=ko
s00000026367001,https://okcaddie.net/course/kinojo_golf_club_ko
s00000026367001,https://okcaddie.net/course/kinojo_golf_club_ko?lang=ko
s00000026367001,https://okcaddie.net/course/kishu_golf_club_en
s00000026367001,https://okcaddie.net/course/kishu_golf_club_en?lang=ko
s00000026367001,https://okcaddie.net/course/kishu_golf_club_ko
s00000026367001,https://okcaddie.net/course/kishu_golf_club_ko?lang=ko
s00000026367001,https://okcaddie.net/course/kobe_grand_hill_en
s00000026367001,https://okcaddie.net/course/kobe_grand_hill_en?lang=ko
s00000026367001,https://okcaddie.net/course/kobe_grand_hill_ko
s00000026367001,https://okcaddie.net/course/kobe_grand_hill_ko?lang=ko
s00000026367001,https://okcaddie.net/course/kochi_golf_club_en
s00000026367001,https://okcaddie.net/course/kochi_golf_club_en?lang=ko
s00000026367001,https://okcaddie.net/course/kochi_golf_club_heights_en
s00000026367001,https://okcaddie.net/course/kochi_golf_club_heights_en?lang=ko
s00000026367001,https://okcaddie.net/course/kochi_golf_club_heights_ko
s00000026367001,https://okcaddie.net/course/kochi_golf_club_heights_ko?lang=ko
s00000026367001,https://okcaddie.net/course/kochi_golf_club_ko
s00000026367001,https://okcaddie.net/course/kochi_golf_club_ko?lang=ko
s00000026367001,https://okcaddie.net/course/kochi_kuroshio_country_club_en
s00000026367001,https://okcaddie.net/course/kochi_kuroshio_country_club_en?lang=ko
s00000026367001,https://okcaddie.net/course/kochi_kuroshio_country_club_ko
s00000026367001,https://okcaddie.net/course/kochi_kuroshio_country_club_ko?lang=ko
s00000026367001,https://okcaddie.net/course/koga_golf_club_en
s00000026367001,https://okcaddie.net/course/koga_golf_club_en?lang=ko
s00000026367001,https://okcaddie.net/course/koga_golf_club_ko
s00000026367001,https://okcaddie.net/course/koga_golf_club_ko?lang=ko
s00000026367001,https://okcaddie.net/course/koganei_golf_club_en
s00000026367001,https://okcaddie.net/course/koganei_golf_club_en?lang=ko
s00000026367001,https://okcaddie.net/course/koganei_golf_club_ko
s00000026367001,https://okcaddie.net/course/koganei_golf_club_ko?lang=ko
s00000026367001,https://okcaddie.net/course/kotohira_golf_club_en
s00000026367001,https://okcaddie.net/course/kotohira_golf_club_en?lang=ko
s00000026367001,https://okcaddie.net/course/kotohira_golf_club_ko
s00000026367001,https://okcaddie.net/course/kotohira_golf_club_ko?lang=ko
s00000026367001,https://okcaddie.net/course/kujyu_kogen_golf_en
s00000026367001,https://okcaddie.net/course/kujyu_kogen_golf_en?lang=ko
s00000026367001,https://okcaddie.net/course/kujyu_kogen_golf_ko
s00000026367001,https://okcaddie.net/course/kujyu_kogen_golf_ko?lang=ko
s00000026367001,https://okcaddie.net/course/kumamoto_airport_country_club_en
s00000026367001,https://okcaddie.net/course/kumamoto_airport_country_club_en?lang=ko
s00000026367001,https://okcaddie.net/course/kumamoto_airport_country_club_ko
s00000026367001,https://okcaddie.net/course/kumamoto_airport_country_club_ko?lang=ko
s00000026367001,https://okcaddie.net/course/kumamoto_castle_golf_en
s00000026367001,https://okcaddie.net/course/kumamoto_castle_golf_en?lang=ko
s00000026367001,https://okcaddie.net/course/kumamoto_castle_golf_ko
s00000026367001,https://okcaddie.net/course/kumamoto_castle_golf_ko?lang=ko
s00000026367001,https://okcaddie.net/course/kumamoto_chuo_golf_en
s00000026367001,https://okcaddie.net/course/kumamoto_chuo_golf_en?lang=ko
s00000026367001,https://okcaddie.net/course/kumamoto_chuo_golf_ko
s00000026367001,https://okcaddie.net/course/kumamoto_chuo_golf_ko?lang=ko
s00000026367001,https://okcaddie.net/course/kushiro_marsh_golf_en
s00000026367001,https://okcaddie.net/course/kushiro_marsh_golf_en?lang=ko
s00000026367001,https://okcaddie.net/course/kushiro_marsh_golf_ko
s00000026367001,https://okcaddie.net/course/kushiro_marsh_golf_ko?lang=ko
s00000026367001,https://okcaddie.net/course/kyoto_golf_club_kamigamo_en
s00000026367001,https://okcaddie.net/course/kyoto_golf_club_kamigamo_en?lang=ko
s00000026367001,https://okcaddie.net/course/kyoto_golf_club_kamigamo_ko
s00000026367001,https://okcaddie.net/course/kyoto_golf_club_kamigamo_ko?lang=ko
s00000026367001,https://okcaddie.net/course/kyoto_ohara_public_en
s00000026367001,https://okcaddie.net/course/kyoto_ohara_public_en?lang=ko
s00000026367001,https://okcaddie.net/course/kyoto_ohara_public_ko
s00000026367001,https://okcaddie.net/course/kyoto_ohara_public_ko?lang=ko
s00000026367001,https://okcaddie.net/course/lake_wood_golf_club_en
s00000026367001,https://okcaddie.net/course/lake_wood_golf_club_en?lang=ko
s00000026367001,https://okcaddie.net/course/lake_wood_golf_club_ko
s00000026367001,https://okcaddie.net/course/lake_wood_golf_club_ko?lang=ko
s00000026367001,https://okcaddie.net/course/matsuyama_golf_club_en
s00000026367001,https://okcaddie.net/course/matsuyama_golf_club_en?lang=ko
s00000026367001,https://okcaddie.net/course/matsuyama_golf_club_ko
s00000026367001,https://okcaddie.net/course/matsuyama_golf_club_ko?lang=ko
s00000026367001,https://okcaddie.net/course/matsuyama_seaside_golf_en
s00000026367001,https://okcaddie.net/course/matsuyama_seaside_golf_en?lang=ko
s00000026367001,https://okcaddie.net/course/matsuyama_seaside_golf_ko
s00000026367001,https://okcaddie.net/course/matsuyama_seaside_golf_ko?lang=ko
s00000026367001,https://okcaddie.net/course/mie_country_club_en
s00000026367001,https://okcaddie.net/course/mie_country_club_en?lang=ko
s00000026367001,https://okcaddie.net/course/mie_country_club_ko
s00000026367001,https://okcaddie.net/course/mie_country_club_ko?lang=ko
s00000026367001,https://okcaddie.net/course/mie_kokusai_golf_club_en
s00000026367001,https://okcaddie.net/course/mie_kokusai_golf_club_en?lang=ko
s00000026367001,https://okcaddie.net/course/mie_kokusai_golf_club_ko
s00000026367001,https://okcaddie.net/course/mie_kokusai_golf_club_ko?lang=ko
s00000026367001,https://okcaddie.net/course/miki_golf_club_en
s00000026367001,https://okcaddie.net/course/miki_golf_club_en?lang=ko
s00000026367001,https://okcaddie.net/course/miki_golf_club_ko
s00000026367001,https://okcaddie.net/course/miki_golf_club_ko?lang=ko
s00000026367001,https://okcaddie.net/course/miyazaki_country_club_en
s00000026367001,https://okcaddie.net/course/miyazaki_country_club_en?lang=ko
s00000026367001,https://okcaddie.net/course/miyazaki_country_club_ko
s00000026367001,https://okcaddie.net/course/miyazaki_country_club_ko?lang=ko
s00000026367001,https://okcaddie.net/course/miyazaki_lakeside_golf_en
s00000026367001,https://okcaddie.net/course/miyazaki_lakeside_golf_en?lang=ko
s00000026367001,https://okcaddie.net/course/miyazaki_lakeside_golf_ko
s00000026367001,https://okcaddie.net/course/miyazaki_lakeside_golf_ko?lang=ko
s00000026367001,https://okcaddie.net/course/miyazaki_tom_watson_night_en
s00000026367001,https://okcaddie.net/course/miyazaki_tom_watson_night_en?lang=ko
s00000026367001,https://okcaddie.net/course/miyazaki_tom_watson_night_ko
s00000026367001,https://okcaddie.net/course/miyazaki_tom_watson_night_ko?lang=ko
s00000026367001,https://okcaddie.net/course/miyoshi_country_club_en
s00000026367001,https://okcaddie.net/course/miyoshi_country_club_en?lang=ko
s00000026367001,https://okcaddie.net/course/miyoshi_country_club_ko
s00000026367001,https://okcaddie.net/course/miyoshi_country_club_ko?lang=ko
s00000026367001,https://okcaddie.net/course/moji_golf_club_en
s00000026367001,https://okcaddie.net/course/moji_golf_club_en?lang=ko
s00000026367001,https://okcaddie.net/course/moji_golf_club_ko
s00000026367001,https://okcaddie.net/course/moji_golf_club_ko?lang=ko
s00000026367001,https://okcaddie.net/course/musashi_country_club_sasai_en
s00000026367001,https://okcaddie.net/course/musashi_country_club_sasai_en?lang=ko
s00000026367001,https://okcaddie.net/course/musashi_country_club_sasai_ko
s00000026367001,https://okcaddie.net/course/musashi_country_club_sasai_ko?lang=ko
s00000026367001,https://okcaddie.net/course/nagano_country_club_en
s00000026367001,https://okcaddie.net/course/nagano_country_club_en?lang=ko
s00000026367001,https://okcaddie.net/course/nagano_country_club_ko
s00000026367001,https://okcaddie.net/course/nagano_country_club_ko?lang=ko
s00000026367001,https://okcaddie.net/course/nagasaki_international_en
s00000026367001,https://okcaddie.net/course/nagasaki_international_en?lang=ko
s00000026367001,https://okcaddie.net/course/nagasaki_international_ko
s00000026367001,https://okcaddie.net/course/nagasaki_international_ko?lang=ko
s00000026367001,https://okcaddie.net/course/nago_bay_golf_course_en
s00000026367001,https://okcaddie.net/course/nago_bay_golf_course_en?lang=ko
s00000026367001,https://okcaddie.net/course/nago_bay_golf_course_ko
s00000026367001,https://okcaddie.net/course/nago_bay_golf_course_ko?lang=ko
s00000026367001,https://okcaddie.net/course/nagoya_green_country_club_en
s00000026367001,https://okcaddie.net/course/nagoya_green_country_club_en?lang=ko
s00000026367001,https://okcaddie.net/course/nagoya_green_country_club_ko
s00000026367001,https://okcaddie.net/course/nagoya_green_country_club_ko?lang=ko
s00000026367001,https://okcaddie.net/course/narita_golf_club_en
s00000026367001,https://okcaddie.net/course/narita_golf_club_en?lang=ko
s00000026367001,https://okcaddie.net/course/narita_golf_club_ko
s00000026367001,https://okcaddie.net/course/narita_golf_club_ko?lang=ko
s00000026367001,https://okcaddie.net/course/naruo_golf_club_en
s00000026367001,https://okcaddie.net/course/naruo_golf_club_en?lang=ko
s00000026367001,https://okcaddie.net/course/naruo_golf_club_ko
s00000026367001,https://okcaddie.net/course/naruo_golf_club_ko?lang=ko
s00000026367001,https://okcaddie.net/course/nasu_golf_club_en
s00000026367001,https://okcaddie.net/course/nasu_golf_club_en?lang=ko
s00000026367001,https://okcaddie.net/course/nasu_golf_club_ko
s00000026367001,https://okcaddie.net/course/nasu_golf_club_ko?lang=ko
s00000026367001,https://okcaddie.net/course/nasu_kogen_golf_club_en
s00000026367001,https://okcaddie.net/course/nasu_kogen_golf_club_en?lang=ko
s00000026367001,https://okcaddie.net/course/nasu_kogen_golf_club_ko
s00000026367001,https://okcaddie.net/course/nasu_kogen_golf_club_ko?lang=ko
s00000026367001,https://okcaddie.net/course/nasu_ogawa_golf_club_en
s00000026367001,https://okcaddie.net/course/nasu_ogawa_golf_club_en?lang=ko
s00000026367001,https://okcaddie.net/course/nasu_ogawa_golf_club_ko
s00000026367001,https://okcaddie.net/course/nasu_ogawa_golf_club_ko?lang=ko
s00000026367001,https://okcaddie.net/course/natsudomari_golf_links_en
s00000026367001,https://okcaddie.net/course/natsudomari_golf_links_en?lang=ko
s00000026367001,https://okcaddie.net/course/natsudomari_golf_links_ko
s00000026367001,https://okcaddie.net/course/natsudomari_golf_links_ko?lang=ko
s00000026367001,https://okcaddie.net/course/nemun_sato_golf_club_en
s00000026367001,https://okcaddie.net/course/nemun_sato_golf_club_en?lang=ko
s00000026367001,https://okcaddie.net/course/nemun_sato_golf_club_ko
s00000026367001,https://okcaddie.net/course/nemun_sato_golf_club_ko?lang=ko
s00000026367001,https://okcaddie.net/course/nidom_classic_course_en
s00000026367001,https://okcaddie.net/course/nidom_classic_course_en?lang=ko
s00000026367001,https://okcaddie.net/course/nidom_classic_course_ko
s00000026367001,https://okcaddie.net/course/nidom_classic_course_ko?lang=ko
s00000026367001,https://okcaddie.net/course/niigata_country_club_en
s00000026367001,https://okcaddie.net/course/niigata_country_club_en?lang=ko
s00000026367001,https://okcaddie.net/course/niigata_country_club_ko
s00000026367001,https://okcaddie.net/course/niigata_country_club_ko?lang=ko
s00000026367001,https://okcaddie.net/course/nikko_country_club_en
s00000026367001,https://okcaddie.net/course/nikko_country_club_en?lang=ko
s00000026367001,https://okcaddie.net/course/nikko_country_club_ko
s00000026367001,https://okcaddie.net/course/nikko_country_club_ko?lang=ko
s00000026367001,https://okcaddie.net/course/nishinasuno_country_club_en
s00000026367001,https://okcaddie.net/course/nishinasuno_country_club_en?lang=ko
s00000026367001,https://okcaddie.net/course/nishinasuno_country_club_ko
s00000026367001,https://okcaddie.net/course/nishinasuno_country_club_ko?lang=ko
s00000026367001,https://okcaddie.net/course/nishinippon_country_club_en
s00000026367001,https://okcaddie.net/course/nishinippon_country_club_en?lang=ko
s00000026367001,https://okcaddie.net/course/nishinippon_country_club_ko
s00000026367001,https://okcaddie.net/course/nishinippon_country_club_ko?lang=ko
s00000026367001,https://okcaddie.net/course/nishinomiya_country_club_en
s00000026367001,https://okcaddie.net/course/nishinomiya_country_club_en?lang=ko
s00000026367001,https://okcaddie.net/course/nishinomiya_country_club_ko
s00000026367001,https://okcaddie.net/course/nishinomiya_country_club_ko?lang=ko
s00000026367001,https://okcaddie.net/course/oak_village_golf_club_en
s00000026367001,https://okcaddie.net/course/oak_village_golf_club_en?lang=ko
s00000026367001,https://okcaddie.net/course/oak_village_golf_club_ko
s00000026367001,https://okcaddie.net/course/oak_village_golf_club_ko?lang=ko
s00000026367001,https://okcaddie.net/course/oarai_golf_club_en
s00000026367001,https://okcaddie.net/course/oarai_golf_club_en?lang=ko
s00000026367001,https://okcaddie.net/course/oarai_golf_club_ko
s00000026367001,https://okcaddie.net/course/oarai_golf_club_ko?lang=ko
s00000026367001,https://okcaddie.net/course/ocean_castle_golf_en
s00000026367001,https://okcaddie.net/course/ocean_castle_golf_en?lang=ko
s00000026367001,https://okcaddie.net/course/ocean_castle_golf_ko
s00000026367001,https://okcaddie.net/course/ocean_castle_golf_ko?lang=ko
s00000026367001,https://okcaddie.net/course/oita_country_club_en
s00000026367001,https://okcaddie.net/course/oita_country_club_en?lang=ko
s00000026367001,https://okcaddie.net/course/oita_country_club_ko
s00000026367001,https://okcaddie.net/course/oita_country_club_ko?lang=ko
s00000026367001,https://okcaddie.net/course/oita_tokyu_golf_en
s00000026367001,https://okcaddie.net/course/oita_tokyu_golf_en?lang=ko
s00000026367001,https://okcaddie.net/course/oita_tokyu_golf_ko
s00000026367001,https://okcaddie.net/course/oita_tokyu_golf_ko?lang=ko
s00000026367001,https://okcaddie.net/course/okayama_country_club_en
s00000026367001,https://okcaddie.net/course/okayama_country_club_en?lang=ko
s00000026367001,https://okcaddie.net/course/okayama_country_club_ko
s00000026367001,https://okcaddie.net/course/okayama_country_club_ko?lang=ko
s00000026367001,https://okcaddie.net/course/okayama_goshuin_golf_club_en
s00000026367001,https://okcaddie.net/course/okayama_goshuin_golf_club_en?lang=ko
s00000026367001,https://okcaddie.net/course/okayama_goshuin_golf_club_ko
s00000026367001,https://okcaddie.net/course/okayama_goshuin_golf_club_ko?lang=ko
s00000026367001,https://okcaddie.net/course/okayama_royal_golf_en
s00000026367001,https://okcaddie.net/course/okayama_royal_golf_en?lang=ko
s00000026367001,https://okcaddie.net/course/okayama_royal_golf_ko
s00000026367001,https://okcaddie.net/course/okayama_royal_golf_ko?lang=ko
s00000026367001,https://okcaddie.net/course/okinawa_country_club_en
s00000026367001,https://okcaddie.net/course/okinawa_country_club_en?lang=ko
s00000026367001,https://okcaddie.net/course/okinawa_country_club_ko
s00000026367001,https://okcaddie.net/course/okinawa_country_club_ko?lang=ko
s00000026367001,https://okcaddie.net/course/osaka_golf_club_en
s00000026367001,https://okcaddie.net/course/osaka_golf_club_en?lang=ko
s00000026367001,https://okcaddie.net/course/osaka_golf_club_ko
s00000026367001,https://okcaddie.net/course/osaka_golf_club_ko?lang=ko
s00000026367001,https://okcaddie.net/course/otaru_golf_club_en
s00000026367001,https://okcaddie.net/course/otaru_golf_club_en?lang=ko
s00000026367001,https://okcaddie.net/course/otaru_golf_club_ko
s00000026367001,https://okcaddie.net/course/otaru_golf_club_ko?lang=ko
s00000026367001,https://okcaddie.net/course/pacific_golf_club_en
s00000026367001,https://okcaddie.net/course/pacific_golf_club_en?lang=ko
s00000026367001,https://okcaddie.net/course/pacific_golf_club_ko
s00000026367001,https://okcaddie.net/course/pacific_golf_club_ko?lang=ko
s00000026367001,https://okcaddie.net/course/palm_hills_golf_resort_en
s00000026367001,https://okcaddie.net/course/palm_hills_golf_resort_en?lang=ko
s00000026367001,https://okcaddie.net/course/palm_hills_golf_resort_ko
s00000026367001,https://okcaddie.net/course/palm_hills_golf_resort_ko?lang=ko
s00000026367001,https://okcaddie.net/course/passage_kinkai_en
s00000026367001,https://okcaddie.net/course/passage_kinkai_en?lang=ko
s00000026367001,https://okcaddie.net/course/passage_kinkai_island_en
s00000026367001,https://okcaddie.net/course/passage_kinkai_island_en?lang=ko
s00000026367001,https://okcaddie.net/course/passage_kinkai_island_ko
s00000026367001,https://okcaddie.net/course/passage_kinkai_island_ko?lang=ko
s00000026367001,https://okcaddie.net/course/passage_kinkai_ko
s00000026367001,https://okcaddie.net/course/passage_kinkai_ko?lang=ko
s00000026367001,https://okcaddie.net/course/pgm_golf_resort_okinawa_en
s00000026367001,https://okcaddie.net/course/pgm_golf_resort_okinawa_en?lang=ko
s00000026367001,https://okcaddie.net/course/pgm_golf_resort_okinawa_ko
s00000026367001,https://okcaddie.net/course/pgm_golf_resort_okinawa_ko?lang=ko
s00000026367001,https://okcaddie.net/course/pgm_ishioka_golf_club_en
s00000026367001,https://okcaddie.net/course/pgm_ishioka_golf_club_en?lang=ko
s00000026367001,https://okcaddie.net/course/pgm_ishioka_golf_club_ko
s00000026367001,https://okcaddie.net/course/pgm_ishioka_golf_club_ko?lang=ko
s00000026367001,https://okcaddie.net/course/phoenix_country_club_en
s00000026367001,https://okcaddie.net/course/phoenix_country_club_en?lang=ko
s00000026367001,https://okcaddie.net/course/phoenix_country_club_ko
s00000026367001,https://okcaddie.net/course/phoenix_country_club_ko?lang=ko
s00000026367001,https://okcaddie.net/course/phoenix_seagaia_resort_en
s00000026367001,https://okcaddie.net/course/phoenix_seagaia_resort_en?lang=ko
s00000026367001,https://okcaddie.net/course/phoenix_seagaia_resort_ko
s00000026367001,https://okcaddie.net/course/phoenix_seagaia_resort_ko?lang=ko
s00000026367001,https://okcaddie.net/course/rokko_kokusai_golf_club_en
s00000026367001,https://okcaddie.net/course/rokko_kokusai_golf_club_en?lang=ko
s00000026367001,https://okcaddie.net/course/rokko_kokusai_golf_club_ko
s00000026367001,https://okcaddie.net/course/rokko_kokusai_golf_club_ko?lang=ko
s00000026367001,https://okcaddie.net/course/rope_club_en
s00000026367001,https://okcaddie.net/course/rope_club_en?lang=ko
s00000026367001,https://okcaddie.net/course/rope_club_ko
s00000026367001,https://okcaddie.net/course/rope_club_ko?lang=ko
s00000026367001,https://okcaddie.net/course/ryugasaki_country_club_en
s00000026367001,https://okcaddie.net/course/ryugasaki_country_club_en?lang=ko
s00000026367001,https://okcaddie.net/course/ryugasaki_country_club_ko
s00000026367001,https://okcaddie.net/course/ryugasaki_country_club_ko?lang=ko
s00000026367001,https://okcaddie.net/course/ryukyu_golf_club_en
s00000026367001,https://okcaddie.net/course/ryukyu_golf_club_en?lang=ko
s00000026367001,https://okcaddie.net/course/ryukyu_golf_club_ko
s00000026367001,https://okcaddie.net/course/ryukyu_golf_club_ko?lang=ko
s00000026367001,https://okcaddie.net/course/saga_classic_golf_club_en
s00000026367001,https://okcaddie.net/course/saga_classic_golf_club_en?lang=ko
s00000026367001,https://okcaddie.net/course/saga_classic_golf_club_ko
s00000026367001,https://okcaddie.net/course/saga_classic_golf_club_ko?lang=ko
s00000026367001,https://okcaddie.net/course/saga_country_club_en
s00000026367001,https://okcaddie.net/course/saga_country_club_en?lang=ko
s00000026367001,https://okcaddie.net/course/saga_country_club_ko
s00000026367001,https://okcaddie.net/course/saga_country_club_ko?lang=ko
s00000026367001,https://okcaddie.net/course/sagamihara_golf_club_en
s00000026367001,https://okcaddie.net/course/sagamihara_golf_club_en?lang=ko
s00000026367001,https://okcaddie.net/course/sagamihara_golf_club_ko
s00000026367001,https://okcaddie.net/course/sagamihara_golf_club_ko?lang=ko
s00000026367001,https://okcaddie.net/course/sample_golf_club_en
s00000026367001,https://okcaddie.net/course/sample_golf_club_en?lang=ko
s00000026367001,https://okcaddie.net/course/sample_golf_club_ko
s00000026367001,https://okcaddie.net/course/sample_golf_club_ko?lang=ko
s00000026367001,https://okcaddie.net/course/sanda_golf_club_en
s00000026367001,https://okcaddie.net/course/sanda_golf_club_en?lang=ko
s00000026367001,https://okcaddie.net/course/sanda_golf_club_ko
s00000026367001,https://okcaddie.net/course/sanda_golf_club_ko?lang=ko
s00000026367001,https://okcaddie.net/course/sapporo_country_club_en
s00000026367001,https://okcaddie.net/course/sapporo_country_club_en?lang=ko
s00000026367001,https://okcaddie.net/course/sapporo_country_club_ko
s00000026367001,https://okcaddie.net/course/sapporo_country_club_ko?lang=ko
s00000026367001,https://okcaddie.net/course/sapporo_golf_club_wattsu_course_en
s00000026367001,https://okcaddie.net/course/sapporo_golf_club_wattsu_course_en?lang=ko
s00000026367001,https://okcaddie.net/course/sapporo_golf_club_wattsu_course_ko
s00000026367001,https://okcaddie.net/course/sapporo_golf_club_wattsu_course_ko?lang=ko
s00000026367001,https://okcaddie.net/course/satsuma_resort_golf_club_en
s00000026367001,https://okcaddie.net/course/satsuma_resort_golf_club_en?lang=ko
s00000026367001,https://okcaddie.net/course/satsuma_resort_golf_club_ko
s00000026367001,https://okcaddie.net/course/satsuma_resort_golf_club_ko?lang=ko
s00000026367001,https://okcaddie.net/course/sayama_golf_club_en
s00000026367001,https://okcaddie.net/course/sayama_golf_club_en?lang=ko
s00000026367001,https://okcaddie.net/course/sayama_golf_club_ko
s00000026367001,https://okcaddie.net/course/sayama_golf_club_ko?lang=ko
s00000026367001,https://okcaddie.net/course/sendai_country_club_en
s00000026367001,https://okcaddie.net/course/sendai_country_club_en?lang=ko
s00000026367001,https://okcaddie.net/course/seta_golf_course_north_en
s00000026367001,https://okcaddie.net/course/seta_golf_course_north_en?lang=ko
s00000026367001,https://okcaddie.net/course/seta_golf_course_north_ko
s00000026367001,https://okcaddie.net/course/seta_golf_course_north_ko?lang=ko
s00000026367001,https://okcaddie.net/course/seto_inland_sea_golf_en
s00000026367001,https://okcaddie.net/course/seto_inland_sea_golf_en?lang=ko
s00000026367001,https://okcaddie.net/course/seto_inland_sea_golf_ko
s00000026367001,https://okcaddie.net/course/seto_inland_sea_golf_ko?lang=ko
s00000026367001,https://okcaddie.net/course/shima_country_club_en
s00000026367001,https://okcaddie.net/course/shima_country_club_en?lang=ko
s00000026367001,https://okcaddie.net/course/shima_country_club_ko
s00000026367001,https://okcaddie.net/course/shima_country_club_ko?lang=ko
s00000026367001,https://okcaddie.net/course/shimonoseki_golf_club_en
s00000026367001,https://okcaddie.net/course/shimonoseki_golf_club_en?lang=ko
s00000026367001,https://okcaddie.net/course/shimonoseki_golf_club_ko
s00000026367001,https://okcaddie.net/course/shimonoseki_golf_club_ko?lang=ko
s00000026367001,https://okcaddie.net/course/shishido_hills_country_club_en
s00000026367001,https://okcaddie.net/course/shishido_hills_country_club_en?lang=ko
s00000026367001,https://okcaddie.net/course/shishido_hills_country_club_ko
s00000026367001,https://okcaddie.net/course/shishido_hills_country_club_ko?lang=ko
s00000026367001,https://okcaddie.net/course/shizukuishi_golf_course_en
s00000026367001,https://okcaddie.net/course/shizukuishi_golf_course_en?lang=ko
s00000026367001,https://okcaddie.net/course/shizukuishi_golf_course_ko
s00000026367001,https://okcaddie.net/course/shizukuishi_golf_course_ko?lang=ko
s00000026367001,https://okcaddie.net/course/sodegaura_country_club_en
s00000026367001,https://okcaddie.net/course/sodegaura_country_club_en?lang=ko
s00000026367001,https://okcaddie.net/course/sodegaura_country_club_ko
s00000026367001,https://okcaddie.net/course/sodegaura_country_club_ko?lang=ko
s00000026367001,https://okcaddie.net/course/southern_links_en
s00000026367001,https://okcaddie.net/course/southern_links_en?lang=ko
s00000026367001,https://okcaddie.net/course/southern_links_golf_club_en
s00000026367001,https://okcaddie.net/course/southern_links_golf_club_en?lang=ko
s00000026367001,https://okcaddie.net/course/southern_links_golf_club_ko
s00000026367001,https://okcaddie.net/course/southern_links_golf_club_ko?lang=ko
s00000026367001,https://okcaddie.net/course/southern_links_ko
s00000026367001,https://okcaddie.net/course/southern_links_ko?lang=ko
s00000026367001,https://okcaddie.net/course/spa_resort_hawaiians_golf_en
s00000026367001,https://okcaddie.net/course/spa_resort_hawaiians_golf_en?lang=ko
s00000026367001,https://okcaddie.net/course/spa_resort_hawaiians_golf_ko
s00000026367001,https://okcaddie.net/course/spa_resort_hawaiians_golf_ko?lang=ko
s00000026367001,https://okcaddie.net/course/suwa_lake_view_golf_club_en
s00000026367001,https://okcaddie.net/course/suwa_lake_view_golf_club_en?lang=ko
s00000026367001,https://okcaddie.net/course/suwa_lake_view_golf_club_ko
s00000026367001,https://okcaddie.net/course/suwa_lake_view_golf_club_ko?lang=ko
s00000026367001,https://okcaddie.net/course/taiheiyo_club_gotemba_course_en
s00000026367001,https://okcaddie.net/course/taiheiyo_club_gotemba_course_en?lang=ko
s00000026367001,https://okcaddie.net/course/taiheiyo_club_gotemba_course_ko
s00000026367001,https://okcaddie.net/course/taiheiyo_club_gotemba_course_ko?lang=ko
s00000026367001,https://okcaddie.net/course/takachiho_country_club_en
s00000026367001,https://okcaddie.net/course/takachiho_country_club_en?lang=ko
s00000026367001,https://okcaddie.net/course/takachiho_country_club_ko
s00000026367001,https://okcaddie.net/course/takachiho_country_club_ko?lang=ko
s00000026367001,https://okcaddie.net/course/takamatsu_country_club_en
s00000026367001,https://okcaddie.net/course/takamatsu_country_club_en?lang=ko
s00000026367001,https://okcaddie.net/course/takamatsu_country_club_ko
s00000026367001,https://okcaddie.net/course/takamatsu_country_club_ko?lang=ko
s00000026367001,https://okcaddie.net/course/takamatsu_gold_country_club_en
s00000026367001,https://okcaddie.net/course/takamatsu_gold_country_club_en?lang=ko
s00000026367001,https://okcaddie.net/course/takamatsu_gold_country_club_ko
s00000026367001,https://okcaddie.net/course/takamatsu_gold_country_club_ko?lang=ko
s00000026367001,https://okcaddie.net/course/takanodai_country_club_en
s00000026367001,https://okcaddie.net/course/takanodai_country_club_en?lang=ko
s00000026367001,https://okcaddie.net/course/takanodai_country_club_ko
s00000026367001,https://okcaddie.net/course/takanodai_country_club_ko?lang=ko
s00000026367001,https://okcaddie.net/course/takarazuka_golf_club_en
s00000026367001,https://okcaddie.net/course/takarazuka_golf_club_en?lang=ko
s00000026367001,https://okcaddie.net/course/takarazuka_golf_club_ko
s00000026367001,https://okcaddie.net/course/takarazuka_golf_club_ko?lang=ko
s00000026367001,https://okcaddie.net/course/tateshina_highland_golf_club_en
s00000026367001,https://okcaddie.net/course/tateshina_highland_golf_club_en?lang=ko
s00000026367001,https://okcaddie.net/course/tateshina_highland_golf_club_ko
s00000026367001,https://okcaddie.net/course/tateshina_highland_golf_club_ko?lang=ko
s00000026367001,https://okcaddie.net/course/the_country_club_japan_en
s00000026367001,https://okcaddie.net/course/the_country_club_japan_en?lang=ko
s00000026367001,https://okcaddie.net/course/the_country_club_japan_ko
s00000026367001,https://okcaddie.net/course/the_country_club_japan_ko?lang=ko
s00000026367001,https://okcaddie.net/course/the_masters_amakusa_course_en
s00000026367001,https://okcaddie.net/course/the_masters_amakusa_course_en?lang=ko
s00000026367001,https://okcaddie.net/course/the_masters_amakusa_course_ko
s00000026367001,https://okcaddie.net/course/the_masters_amakusa_course_ko?lang=ko
s00000026367001,https://okcaddie.net/course/the_north_country_golf_club_en
s00000026367001,https://okcaddie.net/course/the_north_country_golf_club_en?lang=ko
s00000026367001,https://okcaddie.net/course/the_north_country_golf_club_ko
s00000026367001,https://okcaddie.net/course/the_north_country_golf_club_ko?lang=ko
s00000026367001,https://okcaddie.net/course/the_royal_golf_club_en
s00000026367001,https://okcaddie.net/course/the_royal_golf_club_en?lang=ko
s00000026367001,https://okcaddie.net/course/the_royal_golf_club_ko
s00000026367001,https://okcaddie.net/course/the_royal_golf_club_ko?lang=ko
s00000026367001,https://okcaddie.net/course/the_southern_links_resort_en
s00000026367001,https://okcaddie.net/course/the_southern_links_resort_en?lang=ko
s00000026367001,https://okcaddie.net/course/the_southern_links_resort_ko
s00000026367001,https://okcaddie.net/course/the_southern_links_resort_ko?lang=ko
s00000026367001,https://okcaddie.net/course/the_windsor_golf_course_en
s00000026367001,https://okcaddie.net/course/the_windsor_golf_course_en?lang=ko
s00000026367001,https://okcaddie.net/course/the_windsor_golf_course_ko
s00000026367001,https://okcaddie.net/course/the_windsor_golf_course_ko?lang=ko
s00000026367001,https://okcaddie.net/course/toba_country_club_en
s00000026367001,https://okcaddie.net/course/toba_country_club_en?lang=ko
s00000026367001,https://okcaddie.net/course/toba_country_club_ko
s00000026367001,https://okcaddie.net/course/toba_country_club_ko?lang=ko
s00000026367001,https://okcaddie.net/course/tokushima_golf_club_en
s00000026367001,https://okcaddie.net/course/tokushima_golf_club_en?lang=ko
s00000026367001,https://okcaddie.net/course/tokushima_golf_club_ko
s00000026367001,https://okcaddie.net/course/tokushima_golf_club_ko?lang=ko
s00000026367001,https://okcaddie.net/course/tokyo_golf_club_en
s00000026367001,https://okcaddie.net/course/tokyo_golf_club_en?lang=ko
s00000026367001,https://okcaddie.net/course/tokyo_golf_club_ko
s00000026367001,https://okcaddie.net/course/tokyo_golf_club_ko?lang=ko
s00000026367001,https://okcaddie.net/course/tom_watson_golf_course_en
s00000026367001,https://okcaddie.net/course/tom_watson_golf_course_en?lang=ko
s00000026367001,https://okcaddie.net/course/tom_watson_golf_course_ko
s00000026367001,https://okcaddie.net/course/tom_watson_golf_course_ko?lang=ko
s00000026367001,https://okcaddie.net/course/totsuka_country_club_en
s00000026367001,https://okcaddie.net/course/totsuka_country_club_en?lang=ko
s00000026367001,https://okcaddie.net/course/totsuka_country_club_ko
s00000026367001,https://okcaddie.net/course/totsuka_country_club_ko?lang=ko
s00000026367001,https://okcaddie.net/course/towada_highland_golf_club_en
s00000026367001,https://okcaddie.net/course/towada_highland_golf_club_en?lang=ko
s00000026367001,https://okcaddie.net/course/towada_highland_golf_club_ko
s00000026367001,https://okcaddie.net/course/towada_highland_golf_club_ko?lang=ko
s00000026367001,https://okcaddie.net/course/toyama_kokusai_golf_en
s00000026367001,https://okcaddie.net/course/toyama_kokusai_golf_en?lang=ko
s00000026367001,https://okcaddie.net/course/toyama_kokusai_golf_ko
s00000026367001,https://okcaddie.net/course/toyama_kokusai_golf_ko?lang=ko
s00000026367001,https://okcaddie.net/course/ube_72_country_club_en
s00000026367001,https://okcaddie.net/course/ube_72_country_club_en?lang=ko
s00000026367001,https://okcaddie.net/course/ube_72_country_club_ko
s00000026367001,https://okcaddie.net/course/ube_72_country_club_ko?lang=ko
s00000026367001,https://okcaddie.net/course/ueda_sugadaira_kogen_golf_en
s00000026367001,https://okcaddie.net/course/ueda_sugadaira_kogen_golf_en?lang=ko
s00000026367001,https://okcaddie.net/course/ueda_sugadaira_kogen_golf_ko
s00000026367001,https://okcaddie.net/course/ueda_sugadaira_kogen_golf_ko?lang=ko
s00000026367001,https://okcaddie.net/course/wakagi_golf_club_en
s00000026367001,https://okcaddie.net/course/wakagi_golf_club_en?lang=ko
s00000026367001,https://okcaddie.net/course/wakagi_golf_club_ko
s00000026367001,https://okcaddie.net/course/wakagi_golf_club_ko?lang=ko
s00000026367001,https://okcaddie.net/course/wakamatsu_golf_club_en
s00000026367001,https://okcaddie.net/course/wakamatsu_golf_club_en?lang=ko
s00000026367001,https://okcaddie.net/course/wakamatsu_golf_club_ko
s00000026367001,https://okcaddie.net/course/wakamatsu_golf_club_ko?lang=ko
s00000026367001,https://okcaddie.net/course/wakayama_golf_club_en
s00000026367001,https://okcaddie.net/course/wakayama_golf_club_en?lang=ko
s00000026367001,https://okcaddie.net/course/wakayama_golf_club_ko
s00000026367001,https://okcaddie.net/course/wakayama_golf_club_ko?lang=ko
s00000026367001,https://okcaddie.net/course/yokohama_country_club_en
s00000026367001,https://okcaddie.net/course/yokohama_country_club_en?lang=ko
s00000026367001,https://okcaddie.net/course/yokohama_country_club_ko
s00000026367001,https://okcaddie.net/course/yokohama_country_club_ko?lang=ko
s00000026367001,https://okcaddie.net/course/zao_country_club_en
s00000026367001,https://okcaddie.net/course/zao_country_club_en?lang=ko
s00000026367001,https://okcaddie.net/course/zao_country_club_ko
s00000026367001,https://okcaddie.net/course/zao_country_club_ko?lang=ko
s00000026367001,https://okcaddie.net/guide/autumn-leaves-golf_en
s00000026367001,https://okcaddie.net/guide/autumn-leaves-golf_en?lang=ko
s00000026367001,https://okcaddie.net/guide/autumn-leaves-golf_ko
s00000026367001,https://okcaddie.net/guide/autumn-leaves-golf_ko?lang=ko
s00000026367001,https://okcaddie.net/guide/beginner-friendly-courses_en
s00000026367001,https://okcaddie.net/guide/beginner-friendly-courses_en?lang=ko
s00000026367001,https://okcaddie.net/guide/beginner-friendly-courses_ko
s00000026367001,https://okcaddie.net/guide/beginner-friendly-courses_ko?lang=ko
s00000026367001,https://okcaddie.net/guide/best-golf-restaurants_en
s00000026367001,https://okcaddie.net/guide/best-golf-restaurants_en?lang=ko
s00000026367001,https://okcaddie.net/guide/best-golf-restaurants_ko
s00000026367001,https://okcaddie.net/guide/best-golf-restaurants_ko?lang=ko
s00000026367001,https://okcaddie.net/guide/best-winter-golf_en
s00000026367001,https://okcaddie.net/guide/best-winter-golf_en?lang=ko
s00000026367001,https://okcaddie.net/guide/best-winter-golf_ko
s00000026367001,https://okcaddie.net/guide/best-winter-golf_ko?lang=ko
s00000026367001,https://okcaddie.net/guide/booking-tips-japan_en
s00000026367001,https://okcaddie.net/guide/booking-tips-japan_en?lang=ko
s00000026367001,https://okcaddie.net/guide/booking-tips-japan_ko
s00000026367001,https://okcaddie.net/guide/booking-tips-japan_ko?lang=ko
s00000026367001,https://okcaddie.net/guide/caddy-tip-culture_en
s00000026367001,https://okcaddie.net/guide/caddy-tip-culture_en?lang=ko
s00000026367001,https://okcaddie.net/guide/caddy-tip-culture_ko
s00000026367001,https://okcaddie.net/guide/caddy-tip-culture_ko?lang=ko
s00000026367001,https://okcaddie.net/guide/chiba-golf-paradise_en
s00000026367001,https://okcaddie.net/guide/chiba-golf-paradise_en?lang=ko
s00000026367001,https://okcaddie.net/guide/chiba-golf-paradise_ko
s00000026367001,https://okcaddie.net/guide/chiba-golf-paradise_ko?lang=ko
s00000026367001,https://okcaddie.net/guide/dress-code-guide_en
s00000026367001,https://okcaddie.net/guide/dress-code-guide_en?lang=ko
s00000026367001,https://okcaddie.net/guide/dress-code-guide_ko
s00000026367001,https://okcaddie.net/guide/dress-code-guide_ko?lang=ko
s00000026367001,https://okcaddie.net/guide/driving-cart-rules_en
s00000026367001,https://okcaddie.net/guide/driving-cart-rules_en?lang=ko
s00000026367001,https://okcaddie.net/guide/driving-cart-rules_ko
s00000026367001,https://okcaddie.net/guide/driving-cart-rules_ko?lang=ko
s00000026367001,https://okcaddie.net/guide/driving-distance-etiquette_en
s00000026367001,https://okcaddie.net/guide/driving-distance-etiquette_en?lang=ko
s00000026367001,https://okcaddie.net/guide/driving-distance-etiquette_ko
s00000026367001,https://okcaddie.net/guide/driving-distance-etiquette_ko?lang=ko
s00000026367001,https://okcaddie.net/guide/golf-and-shopping-gotemba_en
s00000026367001,https://okcaddie.net/guide/golf-and-shopping-gotemba_en?lang=ko
s00000026367001,https://okcaddie.net/guide/golf-and-shopping-gotemba_ko
s00000026367001,https://okcaddie.net/guide/golf-and-shopping-gotemba_ko?lang=ko
s00000026367001,https://okcaddie.net/guide/golf-etiquette-japan_en
s00000026367001,https://okcaddie.net/guide/golf-etiquette-japan_en?lang=ko
s00000026367001,https://okcaddie.net/guide/golf-etiquette-japan_ko
s00000026367001,https://okcaddie.net/guide/golf-etiquette-japan_ko?lang=ko
s00000026367001,https://okcaddie.net/guide/golf-language-essentials_en
s00000026367001,https://okcaddie.net/guide/golf-language-essentials_en?lang=ko
s00000026367001,https://okcaddie.net/guide/golf-language-essentials_ko
s00000026367001,https://okcaddie.net/guide/golf-language-essentials_ko?lang=ko
s00000026367001,https://okcaddie.net/guide/golf-tax-exemption_en
s00000026367001,https://okcaddie.net/guide/golf-tax-exemption_en?lang=ko
s00000026367001,https://okcaddie.net/guide/golf-tax-exemption_ko
s00000026367001,https://okcaddie.net/guide/golf-tax-exemption_ko?lang=ko
s00000026367001,https://okcaddie.net/guide/golf-trolley-experience_en
s00000026367001,https://okcaddie.net/guide/golf-trolley-experience_en?lang=ko
s00000026367001,https://okcaddie.net/guide/golf-trolley-experience_ko
s00000026367001,https://okcaddie.net/guide/golf-trolley-experience_ko?lang=ko
s00000026367001,https://okcaddie.net/guide/golfing-with-kids_en
s00000026367001,https://okcaddie.net/guide/golfing-with-kids_en?lang=ko
s00000026367001,https://okcaddie.net/guide/golfing-with-kids_ko
s00000026367001,https://okcaddie.net/guide/golfing-with-kids_ko?lang=ko
s00000026367001,https://okcaddie.net/guide/half-time-lunch_en
s00000026367001,https://okcaddie.net/guide/half-time-lunch_en?lang=ko
s00000026367001,https://okcaddie.net/guide/half-time-lunch_ko
s00000026367001,https://okcaddie.net/guide/half-time-lunch_ko?lang=ko
s00000026367001,https://okcaddie.net/guide/high-altitude-golf_en
s00000026367001,https://okcaddie.net/guide/high-altitude-golf_en?lang=ko
s00000026367001,https://okcaddie.net/guide/high-altitude-golf_ko
s00000026367001,https://okcaddie.net/guide/high-altitude-golf_ko?lang=ko
s00000026367001,https://okcaddie.net/guide/hokkaido-summer-golf_en
s00000026367001,https://okcaddie.net/guide/hokkaido-summer-golf_en?lang=ko
s00000026367001,https://okcaddie.net/guide/hokkaido-summer-golf_ko
s00000026367001,https://okcaddie.net/guide/hokkaido-summer-golf_ko?lang=ko
s00000026367001,https://okcaddie.net/guide/hyogo-the-golf-kingdom_en
s00000026367001,https://okcaddie.net/guide/hyogo-the-golf-kingdom_en?lang=ko
s00000026367001,https://okcaddie.net/guide/hyogo-the-golf-kingdom_ko
s00000026367001,https://okcaddie.net/guide/hyogo-the-golf-kingdom_ko?lang=ko
s00000026367001,https://okcaddie.net/guide/ibaraki-hidden-gems_en
s00000026367001,https://okcaddie.net/guide/ibaraki-hidden-gems_en?lang=ko
s00000026367001,https://okcaddie.net/guide/ibaraki-hidden-gems_ko
s00000026367001,https://okcaddie.net/guide/ibaraki-hidden-gems_ko?lang=ko
s00000026367001,https://okcaddie.net/guide/kansai-golf-weekend_en
s00000026367001,https://okcaddie.net/guide/kansai-golf-weekend_en?lang=ko
s00000026367001,https://okcaddie.net/guide/kansai-golf-weekend_ko
s00000026367001,https://okcaddie.net/guide/kansai-golf-weekend_ko?lang=ko
s00000026367001,https://okcaddie.net/guide/kobe-golf-history_en
s00000026367001,https://okcaddie.net/guide/kobe-golf-history_en?lang=ko
s00000026367001,https://okcaddie.net/guide/kobe-golf-history_ko
s00000026367001,https://okcaddie.net/guide/kobe-golf-history_ko?lang=ko
s00000026367001,https://okcaddie.net/guide/korean-friendly-courses_en
s00000026367001,https://okcaddie.net/guide/korean-friendly-courses_en?lang=ko
s00000026367001,https://okcaddie.net/guide/korean-friendly-courses_ko
s00000026367001,https://okcaddie.net/guide/korean-friendly-courses_ko?lang=ko
s00000026367001,https://okcaddie.net/guide/kyushu-golf-circuit_en
s00000026367001,https://okcaddie.net/guide/kyushu-golf-circuit_en?lang=ko
s00000026367001,https://okcaddie.net/guide/kyushu-golf-circuit_ko
s00000026367001,https://okcaddie.net/guide/kyushu-golf-circuit_ko?lang=ko
s00000026367001,https://okcaddie.net/guide/luggage-delivery-service_en
s00000026367001,https://okcaddie.net/guide/luggage-delivery-service_en?lang=ko
s00000026367001,https://okcaddie.net/guide/luggage-delivery-service_ko
s00000026367001,https://okcaddie.net/guide/luggage-delivery-service_ko?lang=ko
s00000026367001,https://okcaddie.net/guide/luxury-golf-experience_en
s00000026367001,https://okcaddie.net/guide/luxury-golf-experience_en?lang=ko
s00000026367001,https://okcaddie.net/guide/luxury-golf-experience_ko
s00000026367001,https://okcaddie.net/guide/luxury-golf-experience_ko?lang=ko
s00000026367001,https://okcaddie.net/guide/miyazaki-pro-tour-courses_en
s00000026367001,https://okcaddie.net/guide/miyazaki-pro-tour-courses_en?lang=ko
s00000026367001,https://okcaddie.net/guide/miyazaki-pro-tour-courses_ko
s00000026367001,https://okcaddie.net/guide/miyazaki-pro-tour-courses_ko?lang=ko
s00000026367001,https://okcaddie.net/guide/mt-fuji-view-golf_en
s00000026367001,https://okcaddie.net/guide/mt-fuji-view-golf_en?lang=ko
s00000026367001,https://okcaddie.net/guide/mt-fuji-view-golf_ko
s00000026367001,https://okcaddie.net/guide/mt-fuji-view-golf_ko?lang=ko
s00000026367001,https://okcaddie.net/guide/narita-airport-golf_en
s00000026367001,https://okcaddie.net/guide/narita-airport-golf_en?lang=ko
s00000026367001,https://okcaddie.net/guide/narita-airport-golf_ko
s00000026367001,https://okcaddie.net/guide/narita-airport-golf_ko?lang=ko
s00000026367001,https://okcaddie.net/guide/night-golf-japan_en
s00000026367001,https://okcaddie.net/guide/night-golf-japan_en?lang=ko
s00000026367001,https://okcaddie.net/guide/night-golf-japan_ko
s00000026367001,https://okcaddie.net/guide/night-golf-japan_ko?lang=ko
s00000026367001,https://okcaddie.net/guide/okinawa-ocean-golf_en
s00000026367001,https://okcaddie.net/guide/okinawa-ocean-golf_en?lang=ko
s00000026367001,https://okcaddie.net/guide/okinawa-ocean-golf_ko
s00000026367001,https://okcaddie.net/guide/okinawa-ocean-golf_ko?lang=ko
s00000026367001,https://okcaddie.net/guide/onsen-after-golf_en
s00000026367001,https://okcaddie.net/guide/onsen-after-golf_en?lang=ko
s00000026367001,https://okcaddie.net/guide/onsen-after-golf_ko
s00000026367001,https://okcaddie.net/guide/onsen-after-golf_ko?lang=ko
s00000026367001,https://okcaddie.net/guide/pga-tour-venues-japan_en
s00000026367001,https://okcaddie.net/guide/pga-tour-venues-japan_en?lang=ko
s00000026367001,https://okcaddie.net/guide/pga-tour-venues-japan_ko
s00000026367001,https://okcaddie.net/guide/pga-tour-venues-japan_ko?lang=ko
s00000026367001,https://okcaddie.net/guide/public-vs-private-access_en
s00000026367001,https://okcaddie.net/guide/public-vs-private-access_en?lang=ko
s00000026367001,https://okcaddie.net/guide/public-vs-private-access_ko
s00000026367001,https://okcaddie.net/guide/public-vs-private-access_ko?lang=ko
s00000026367001,https://okcaddie.net/guide/seasonal-weather-tips_en
s00000026367001,https://okcaddie.net/guide/seasonal-weather-tips_en?lang=ko
s00000026367001,https://okcaddie.net/guide/seasonal-weather-tips_ko
s00000026367001,https://okcaddie.net/guide/seasonal-weather-tips_ko?lang=ko
s00000026367001,https://okcaddie.net/guide/single-golfer-booking_en
s00000026367001,https://okcaddie.net/guide/single-golfer-booking_en?lang=ko
s00000026367001,https://okcaddie.net/guide/single-golfer-booking_ko
s00000026367001,https://okcaddie.net/guide/single-golfer-booking_ko?lang=ko
s00000026367001,https://okcaddie.net/guide/snow-country-golf-onsen_en
s00000026367001,https://okcaddie.net/guide/snow-country-golf-onsen_en?lang=ko
s00000026367001,https://okcaddie.net/guide/snow-country-golf-onsen_ko
s00000026367001,https://okcaddie.net/guide/snow-country-golf-onsen_ko?lang=ko
s00000026367001,https://okcaddie.net/guide/spring-sakura-golf_en
s00000026367001,https://okcaddie.net/guide/spring-sakura-golf_en?lang=ko
s00000026367001,https://okcaddie.net/guide/spring-sakura-golf_ko
s00000026367001,https://okcaddie.net/guide/spring-sakura-golf_ko?lang=ko
s00000026367001,https://okcaddie.net/guide/tokyo-near-golf_en
s00000026367001,https://okcaddie.net/guide/tokyo-near-golf_en?lang=ko
s00000026367001,https://okcaddie.net/guide/tokyo-near-golf_ko
s00000026367001,https://okcaddie.net/guide/tokyo-near-golf_ko?lang=ko
s00000026367001,https://okcaddie.net/guide/two-ball-play-tips_en
s00000026367001,https://okcaddie.net/guide/two-ball-play-tips_en?lang=ko
s00000026367001,https://okcaddie.net/guide/two-ball-play-tips_ko
s00000026367001,https://okcaddie.net/guide/two-ball-play-tips_ko?lang=ko
s00000026367001,https://okcaddie.net/guide/understanding-scorecards_en
s00000026367001,https://okcaddie.net/guide/understanding-scorecards_en?lang=ko
s00000026367001,https://okcaddie.net/guide/understanding-scorecards_ko
s00000026367001,https://okcaddie.net/guide/understanding-scorecards_ko?lang=ko
s00000026367001,https://okcaddie.net/guide/using-gps-navigation_en
s00000026367001,https://okcaddie.net/guide/using-gps-navigation_en?lang=ko
s00000026367001,https://okcaddie.net/guide/using-gps-navigation_ko
s00000026367001,https://okcaddie.net/guide/using-gps-navigation_ko?lang=ko
s00000026367001,https://okcaddie.net/guide/using-locker-rooms_en
s00000026367001,https://okcaddie.net/guide/using-locker-rooms_en?lang=ko
s00000026367001,https://okcaddie.net/guide/using-locker-rooms_ko
s00000026367001,https://okcaddie.net/guide/using-locker-rooms_ko?lang=ko
s00000026367001,https://okcaddie.net/guide/value-for-money-golf_en
s00000026367001,https://okcaddie.net/guide/value-for-money-golf_en?lang=ko
s00000026367001,https://okcaddie.net/guide/value-for-money-golf_ko
s00000026367001,https://okcaddie.net/guide/value-for-money-golf_ko?lang=ko
s00000026367001,https://okcaddie.net/guide/women-friendly-golf_en
s00000026367001,https://okcaddie.net/guide/women-friendly-golf_en?lang=ko
s00000026367001,https://okcaddie.net/guide/women-friendly-golf_ko
s00000026367001,https://okcaddie.net/guide/women-friendly-golf_ko?lang=ko
s00000026367001,https://okonsen.net/guide/beppu_kurokawa_onsen_course_en
s00000026367001,https://okonsen.net/guide/beppu_kurokawa_onsen_course_en?lang=ko
s00000026367001,https://okonsen.net/guide/beppu_kurokawa_onsen_course_ko
s00000026367001,https://okonsen.net/guide/beppu_kurokawa_onsen_course_ko?lang=ko
s00000026367001,https://okonsen.net/guide/budget_onsen_hacks_en
s00000026367001,https://okonsen.net/guide/budget_onsen_hacks_en?lang=ko
s00000026367001,https://okonsen.net/guide/budget_onsen_hacks_ko
s00000026367001,https://okonsen.net/guide/budget_onsen_hacks_ko?lang=ko
s00000026367001,https://okonsen.net/guide/couple_romantic_ryokan_en
s00000026367001,https://okonsen.net/guide/couple_romantic_ryokan_en?lang=ko
s00000026367001,https://okonsen.net/guide/family_friendly_onsens_en
s00000026367001,https://okonsen.net/guide/family_friendly_onsens_en?lang=ko
s00000026367001,https://okonsen.net/guide/family_friendly_onsens_ko
s00000026367001,https://okonsen.net/guide/family_friendly_onsens_ko?lang=ko
s00000026367001,https://okonsen.net/guide/guide_expand_007_en
s00000026367001,https://okonsen.net/guide/guide_expand_007_en?lang=ko
s00000026367001,https://okonsen.net/guide/guide_expand_007_ko
s00000026367001,https://okonsen.net/guide/guide_expand_007_ko?lang=ko
s00000026367001,https://okonsen.net/guide/guide_expand_008_en
s00000026367001,https://okonsen.net/guide/guide_expand_008_en?lang=ko
s00000026367001,https://okonsen.net/guide/guide_expand_008_ko
s00000026367001,https://okonsen.net/guide/guide_expand_008_ko?lang=ko
s00000026367001,https://okonsen.net/guide/guide_expand_009_en
s00000026367001,https://okonsen.net/guide/guide_expand_009_en?lang=ko
s00000026367001,https://okonsen.net/guide/guide_expand_009_ko
s00000026367001,https://okonsen.net/guide/guide_expand_009_ko?lang=ko
s00000026367001,https://okonsen.net/guide/hakone_area_deep_dive_en
s00000026367001,https://okonsen.net/guide/hakone_area_deep_dive_en?lang=ko
s00000026367001,https://okonsen.net/guide/hakone_area_deep_dive_ko
s00000026367001,https://okonsen.net/guide/hakone_area_deep_dive_ko?lang=ko
s00000026367001,https://okonsen.net/guide/hakone_day_trip_guide_en
s00000026367001,https://okonsen.net/guide/hakone_day_trip_guide_en?lang=ko
s00000026367001,https://okonsen.net/guide/hakone_day_trip_guide_ko
s00000026367001,https://okonsen.net/guide/hakone_day_trip_guide_ko?lang=ko
s00000026367001,https://okonsen.net/guide/hakone_onsen_weekend_course_en
s00000026367001,https://okonsen.net/guide/hakone_onsen_weekend_course_en?lang=ko
s00000026367001,https://okonsen.net/guide/hakone_onsen_weekend_course_ko
s00000026367001,https://okonsen.net/guide/hakone_onsen_weekend_course_ko?lang=ko
s00000026367001,https://okonsen.net/guide/history_of_onsen_culture_en
s00000026367001,https://okonsen.net/guide/history_of_onsen_culture_en?lang=ko
s00000026367001,https://okonsen.net/guide/history_of_onsen_culture_ko
s00000026367001,https://okonsen.net/guide/history_of_onsen_culture_ko?lang=ko
s00000026367001,https://okonsen.net/guide/jozankei_sapporo_access_en
s00000026367001,https://okonsen.net/guide/jozankei_sapporo_access_en?lang=ko
s00000026367001,https://okonsen.net/guide/jozankei_sapporo_access_ko
s00000026367001,https://okonsen.net/guide/jozankei_sapporo_access_ko?lang=ko
s00000026367001,https://okonsen.net/guide/kinosaki_kusatsu_onsen_course_en
s00000026367001,https://okonsen.net/guide/kinosaki_kusatsu_onsen_course_en?lang=ko
s00000026367001,https://okonsen.net/guide/kinosaki_kusatsu_onsen_course_ko
s00000026367001,https://okonsen.net/guide/kinosaki_kusatsu_onsen_course_ko?lang=ko
s00000026367001,https://okonsen.net/guide/kurokawa_hidden_gems_en
s00000026367001,https://okonsen.net/guide/kurokawa_hidden_gems_en?lang=ko
s00000026367001,https://okonsen.net/guide/luxury_ryokan_stay_tips_en
s00000026367001,https://okonsen.net/guide/luxury_ryokan_stay_tips_en?lang=ko
s00000026367001,https://okonsen.net/guide/mixed_gender_bathing_konjoku_en
s00000026367001,https://okonsen.net/guide/mixed_gender_bathing_konjoku_en?lang=ko
s00000026367001,https://okonsen.net/guide/mixed_gender_bathing_konjoku_ko
s00000026367001,https://okonsen.net/guide/mixed_gender_bathing_konjoku_ko?lang=ko
s00000026367001,https://okonsen.net/guide/onsen_etiquette_basics_en
s00000026367001,https://okonsen.net/guide/onsen_etiquette_basics_en?lang=ko
s00000026367001,https://okonsen.net/guide/onsen_etiquette_basics_ko
s00000026367001,https://okonsen.net/guide/onsen_etiquette_basics_ko?lang=ko
s00000026367001,https://okonsen.net/guide/onsen_etiquette_guide_en
s00000026367001,https://okonsen.net/guide/onsen_etiquette_guide_en?lang=ko
s00000026367001,https://okonsen.net/guide/onsen_etiquette_guide_ko
s00000026367001,https://okonsen.net/guide/onsen_etiquette_guide_ko?lang=ko
s00000026367001,https://okonsen.net/guide/onsen_medical_benefits_en
s00000026367001,https://okonsen.net/guide/onsen_medical_benefits_en?lang=ko
s00000026367001,https://okonsen.net/guide/onsen_water_types_en
s00000026367001,https://okonsen.net/guide/onsen_water_types_en?lang=ko
s00000026367001,https://okonsen.net/guide/onsen_water_types_ko
s00000026367001,https://okonsen.net/guide/onsen_water_types_ko?lang=ko
s00000026367001,https://okonsen.net/guide/pregnant_onsen_safety_en
s00000026367001,https://okonsen.net/guide/pregnant_onsen_safety_en?lang=ko
s00000026367001,https://okonsen.net/guide/pregnant_onsen_safety_ko
s00000026367001,https://okonsen.net/guide/pregnant_onsen_safety_ko?lang=ko
s00000026367001,https://okonsen.net/guide/private_bath_kashikiri_en
s00000026367001,https://okonsen.net/guide/private_bath_kashikiri_en?lang=ko
s00000026367001,https://okonsen.net/guide/ryokan_kaiseki_dining_en
s00000026367001,https://okonsen.net/guide/ryokan_kaiseki_dining_en?lang=ko
s00000026367001,https://okonsen.net/guide/ryokan_kaiseki_dining_ko
s00000026367001,https://okonsen.net/guide/ryokan_kaiseki_dining_ko?lang=ko
s00000026367001,https://okonsen.net/guide/ryokan_kaiseki_experience_en
s00000026367001,https://okonsen.net/guide/ryokan_kaiseki_experience_en?lang=ko
s00000026367001,https://okonsen.net/guide/ryokan_kaiseki_experience_ko
s00000026367001,https://okonsen.net/guide/ryokan_kaiseki_experience_ko?lang=ko
s00000026367001,https://okonsen.net/guide/solo_travel_onsen_en
s00000026367001,https://okonsen.net/guide/solo_travel_onsen_en?lang=ko
s00000026367001,https://okonsen.net/guide/solo_travel_onsen_ko
s00000026367001,https://okonsen.net/guide/solo_travel_onsen_ko?lang=ko
s00000026367001,https://okonsen.net/guide/tattoo_friendly_master_list_en
s00000026367001,https://okonsen.net/guide/tattoo_friendly_master_list_en?lang=ko
s00000026367001,https://okonsen.net/guide/tattoo_friendly_master_list_ko
s00000026367001,https://okonsen.net/guide/tattoo_friendly_master_list_ko?lang=ko
s00000026367001,https://okonsen.net/guide/tattoo_friendly_onsen_list_en
s00000026367001,https://okonsen.net/guide/tattoo_friendly_onsen_list_en?lang=ko
s00000026367001,https://okonsen.net/guide/tattoo_friendly_onsen_list_ko
s00000026367001,https://okonsen.net/guide/tattoo_friendly_onsen_list_ko?lang=ko
s00000026367001,https://okonsen.net/onsen/amane_resort_seikai_en
s00000026367001,https://okonsen.net/onsen/amane_resort_seikai_en?lang=ko
s00000026367001,https://okonsen.net/onsen/arima_onsen_arima_grand_hotel_en
s00000026367001,https://okonsen.net/onsen/arima_onsen_arima_grand_hotel_en?lang=ko
s00000026367001,https://okonsen.net/onsen/arima_onsen_arima_grand_hotel_ko
s00000026367001,https://okonsen.net/onsen/arima_onsen_arima_grand_hotel_ko?lang=ko
s00000026367001,https://okonsen.net/onsen/arima_onsen_tosen_goshobo_en
s00000026367001,https://okonsen.net/onsen/arima_onsen_tosen_goshobo_en?lang=ko
s00000026367001,https://okonsen.net/onsen/arima_onsen_tosen_goshobo_ko
s00000026367001,https://okonsen.net/onsen/arima_onsen_tosen_goshobo_ko?lang=ko
s00000026367001,https://okonsen.net/onsen/beppu_daiiti_hotel_en
s00000026367001,https://okonsen.net/onsen/beppu_daiiti_hotel_en?lang=ko
s00000026367001,https://okonsen.net/onsen/beppu_showaen_en
s00000026367001,https://okonsen.net/onsen/beppu_showaen_en?lang=ko
s00000026367001,https://okonsen.net/onsen/ginzan_onsen_fujiya_en
s00000026367001,https://okonsen.net/onsen/ginzan_onsen_fujiya_en?lang=ko
s00000026367001,https://okonsen.net/onsen/ginzan_onsen_fujiya_ko
s00000026367001,https://okonsen.net/onsen/ginzan_onsen_fujiya_ko?lang=ko
s00000026367001,https://okonsen.net/onsen/ginzan_onsen_ginzanso_en
s00000026367001,https://okonsen.net/onsen/ginzan_onsen_ginzanso_en?lang=ko
s00000026367001,https://okonsen.net/onsen/ginzan_onsen_ginzanso_ko
s00000026367001,https://okonsen.net/onsen/ginzan_onsen_ginzanso_ko?lang=ko
s00000026367001,https://okonsen.net/onsen/ginzan_onsen_izu_no_hana_en
s00000026367001,https://okonsen.net/onsen/ginzan_onsen_izu_no_hana_en?lang=ko
s00000026367001,https://okonsen.net/onsen/ginzan_onsen_izu_no_hana_ko
s00000026367001,https://okonsen.net/onsen/ginzan_onsen_izu_no_hana_ko?lang=ko
s00000026367001,https://okonsen.net/onsen/ginzan_onsen_kosekiya_bekkan_en
s00000026367001,https://okonsen.net/onsen/ginzan_onsen_kosekiya_bekkan_en?lang=ko
s00000026367001,https://okonsen.net/onsen/ginzan_onsen_kosekiya_bekkan_ko
s00000026367001,https://okonsen.net/onsen/ginzan_onsen_kosekiya_bekkan_ko?lang=ko
s00000026367001,https://okonsen.net/onsen/ginzan_onsen_kozankaku_en
s00000026367001,https://okonsen.net/onsen/ginzan_onsen_kozankaku_en?lang=ko
s00000026367001,https://okonsen.net/onsen/ginzan_onsen_kozankaku_ko
s00000026367001,https://okonsen.net/onsen/ginzan_onsen_kozankaku_ko?lang=ko
s00000026367001,https://okonsen.net/onsen/ginzan_onsen_notoya_ryokan_en
s00000026367001,https://okonsen.net/onsen/ginzan_onsen_notoya_ryokan_en?lang=ko
s00000026367001,https://okonsen.net/onsen/ginzan_onsen_notoya_ryokan_ko
s00000026367001,https://okonsen.net/onsen/ginzan_onsen_notoya_ryokan_ko?lang=ko
s00000026367001,https://okonsen.net/onsen/ginzan_onsen_senninkan_en
s00000026367001,https://okonsen.net/onsen/ginzan_onsen_senninkan_en?lang=ko
s00000026367001,https://okonsen.net/onsen/ginzan_onsen_showakan_en
s00000026367001,https://okonsen.net/onsen/ginzan_onsen_showakan_en?lang=ko
s00000026367001,https://okonsen.net/onsen/ginzan_onsen_takimikan_en
s00000026367001,https://okonsen.net/onsen/ginzan_onsen_takimikan_en?lang=ko
s00000026367001,https://okonsen.net/onsen/ginzan_onsen_takimikan_ko
s00000026367001,https://okonsen.net/onsen/ginzan_onsen_takimikan_ko?lang=ko
s00000026367001,https://okonsen.net/onsen/ginzan_onsen_yanadaya_en
s00000026367001,https://okonsen.net/onsen/ginzan_onsen_yanadaya_en?lang=ko
s00000026367001,https://okonsen.net/onsen/ginzan_onsen_yanadaya_ko
s00000026367001,https://okonsen.net/onsen/ginzan_onsen_yanadaya_ko?lang=ko
s00000026367001,https://okonsen.net/onsen/hakone_gora_kadan_en
s00000026367001,https://okonsen.net/onsen/hakone_gora_kadan_en?lang=ko
s00000026367001,https://okonsen.net/onsen/hakone_gora_kadan_ko
s00000026367001,https://okonsen.net/onsen/hakone_gora_kadan_ko?lang=ko
s00000026367001,https://okonsen.net/onsen/hakone_pax_yoshino_en
s00000026367001,https://okonsen.net/onsen/hakone_pax_yoshino_en?lang=ko
s00000026367001,https://okonsen.net/onsen/hakone_pax_yoshino_ko
s00000026367001,https://okonsen.net/onsen/hakone_pax_yoshino_ko?lang=ko
s00000026367001,https://okonsen.net/onsen/hakone_suimeisou_ko
s00000026367001,https://okonsen.net/onsen/hakone_suimeisou_ko?lang=ko
s00000026367001,https://okonsen.net/onsen/hotel_indigo_hakone_gora_en
s00000026367001,https://okonsen.net/onsen/hotel_indigo_hakone_gora_en?lang=ko
s00000026367001,https://okonsen.net/onsen/jozankei_onsen_chalet_ivy_jozankei_en
s00000026367001,https://okonsen.net/onsen/jozankei_onsen_chalet_ivy_jozankei_en?lang=ko
s00000026367001,https://okonsen.net/onsen/jozankei_onsen_hatago_sakura_en
s00000026367001,https://okonsen.net/onsen/jozankei_onsen_hatago_sakura_en?lang=ko
s00000026367001,https://okonsen.net/onsen/jozankei_onsen_kasho_gyoen_en
s00000026367001,https://okonsen.net/onsen/jozankei_onsen_kasho_gyoen_en?lang=ko
s00000026367001,https://okonsen.net/onsen/jozankei_onsen_koyotei_en
s00000026367001,https://okonsen.net/onsen/jozankei_onsen_koyotei_en?lang=ko
s00000026367001,https://okonsen.net/onsen/jozankei_onsen_mori_no_uta_en
s00000026367001,https://okonsen.net/onsen/jozankei_onsen_mori_no_uta_en?lang=ko
s00000026367001,https://okonsen.net/onsen/jozankei_onsen_mori_no_uta_ko
s00000026367001,https://okonsen.net/onsen/jozankei_onsen_mori_no_uta_ko?lang=ko
s00000026367001,https://okonsen.net/onsen/kinosaki_onsen_mikuniya_en
s00000026367001,https://okonsen.net/onsen/kinosaki_onsen_mikuniya_en?lang=ko
s00000026367001,https://okonsen.net/onsen/kinosaki_onsen_shinmatsuya_en
s00000026367001,https://okonsen.net/onsen/kinosaki_onsen_shinmatsuya_en?lang=ko
s00000026367001,https://okonsen.net/onsen/kinosaki_onsen_shinmatsuya_ko
s00000026367001,https://okonsen.net/onsen/kinosaki_onsen_shinmatsuya_ko?lang=ko
s00000026367001,https://okonsen.net/onsen/kinosaki_onsen_tajimaya_en
s00000026367001,https://okonsen.net/onsen/kinosaki_onsen_tajimaya_en?lang=ko
s00000026367001,https://okonsen.net/onsen/kinosaki_onsen_tokiwa_en
s00000026367001,https://okonsen.net/onsen/kinosaki_onsen_tokiwa_en?lang=ko
s00000026367001,https://okonsen.net/onsen/kinosaki_onsen_tokiwa_ko
s00000026367001,https://okonsen.net/onsen/kinosaki_onsen_tokiwa_ko?lang=ko
s00000026367001,https://okonsen.net/onsen/kinosaki_onsen_tsubakino_ryokan_en
s00000026367001,https://okonsen.net/onsen/kinosaki_onsen_tsubakino_ryokan_en?lang=ko
s00000026367001,https://okonsen.net/onsen/kurokawa_onsen_fujiya_en
s00000026367001,https://okonsen.net/onsen/kurokawa_onsen_fujiya_en?lang=ko
s00000026367001,https://okonsen.net/onsen/kurokawa_onsen_gosho_gekkoju_en
s00000026367001,https://okonsen.net/onsen/kurokawa_onsen_gosho_gekkoju_en?lang=ko
s00000026367001,https://okonsen.net/onsen/kurokawa_onsen_hozantei_en
s00000026367001,https://okonsen.net/onsen/kurokawa_onsen_hozantei_en?lang=ko
s00000026367001,https://okonsen.net/onsen/kurokawa_onsen_ikoi_ryokan_en
s00000026367001,https://okonsen.net/onsen/kurokawa_onsen_ikoi_ryokan_en?lang=ko
s00000026367001,https://okonsen.net/onsen/kurokawa_onsen_ikoi_ryokan_ko
s00000026367001,https://okonsen.net/onsen/kurokawa_onsen_ikoi_ryokan_ko?lang=ko
s00000026367001,https://okonsen.net/onsen/kurokawa_onsen_nanjoen_en
s00000026367001,https://okonsen.net/onsen/kurokawa_onsen_nanjoen_en?lang=ko
s00000026367001,https://okonsen.net/onsen/kurokawa_onsen_noshiyu_en
s00000026367001,https://okonsen.net/onsen/kurokawa_onsen_noshiyu_en?lang=ko
s00000026367001,https://okonsen.net/onsen/kurokawa_onsen_noshiyu_ko
s00000026367001,https://okonsen.net/onsen/kurokawa_onsen_noshiyu_ko?lang=ko
s00000026367001,https://okonsen.net/onsen/kurokawa_onsen_oku_no_yu_en
s00000026367001,https://okonsen.net/onsen/kurokawa_onsen_oku_no_yu_en?lang=ko
s00000026367001,https://okonsen.net/onsen/kurokawa_onsen_oku_no_yu_ko
s00000026367001,https://okonsen.net/onsen/kurokawa_onsen_oku_no_yu_ko?lang=ko
s00000026367001,https://okonsen.net/onsen/kurokawa_onsen_okyakuya_en
s00000026367001,https://okonsen.net/onsen/kurokawa_onsen_okyakuya_en?lang=ko
s00000026367001,https://okonsen.net/onsen/kurokawa_onsen_okyakuya_ko
s00000026367001,https://okonsen.net/onsen/kurokawa_onsen_okyakuya_ko?lang=ko
s00000026367001,https://okonsen.net/onsen/kurokawa_onsen_ryokan_sanga_en
s00000026367001,https://okonsen.net/onsen/kurokawa_onsen_ryokan_sanga_en?lang=ko
s00000026367001,https://okonsen.net/onsen/kurokawa_onsen_ryokan_sanga_ko
s00000026367001,https://okonsen.net/onsen/kurokawa_onsen_ryokan_sanga_ko?lang=ko
s00000026367001,https://okonsen.net/onsen/kurokawa_onsen_yamamizuki_en
s00000026367001,https://okonsen.net/onsen/kurokawa_onsen_yamamizuki_en?lang=ko
s00000026367001,https://okonsen.net/onsen/kurokawa_onsen_yamamizuki_ko
s00000026367001,https://okonsen.net/onsen/kurokawa_onsen_yamamizuki_ko?lang=ko
s00000026367001,https://okonsen.net/onsen/kurokawa_onsen_yumerindo_en
s00000026367001,https://okonsen.net/onsen/kurokawa_onsen_yumerindo_en?lang=ko
s00000026367001,https://okonsen.net/onsen/kurokawa_onsen_yumerindo_ko
s00000026367001,https://okonsen.net/onsen/kurokawa_onsen_yumerindo_ko?lang=ko
s00000026367001,https://okonsen.net/onsen/kusatsu_onsen_daitokan_ko
s00000026367001,https://okonsen.net/onsen/kusatsu_onsen_daitokan_ko?lang=ko
s00000026367001,https://okonsen.net/onsen/kusatsu_onsen_hotel_sakurai_ko
s00000026367001,https://okonsen.net/onsen/kusatsu_onsen_hotel_sakurai_ko?lang=ko
s00000026367001,https://okonsen.net/onsen/kusatsu_onsen_hotel_village_en
s00000026367001,https://okonsen.net/onsen/kusatsu_onsen_hotel_village_en?lang=ko
s00000026367001,https://okonsen.net/onsen/kusatsu_onsen_konoha_ko
s00000026367001,https://okonsen.net/onsen/kusatsu_onsen_konoha_ko?lang=ko
s00000026367001,https://okonsen.net/onsen/kusatsu_onsen_ryokan_yoshinoya_en
s00000026367001,https://okonsen.net/onsen/kusatsu_onsen_ryokan_yoshinoya_en?lang=ko
s00000026367001,https://okonsen.net/onsen/kusatsu_onsen_tokinoniwa_en
s00000026367001,https://okonsen.net/onsen/kusatsu_onsen_tokinoniwa_en?lang=ko
s00000026367001,https://okonsen.net/onsen/matsuzakaya_honten_en
s00000026367001,https://okonsen.net/onsen/matsuzakaya_honten_en?lang=ko
s00000026367001,https://okonsen.net/onsen/matsuzakaya_honten_ko
s00000026367001,https://okonsen.net/onsen/matsuzakaya_honten_ko?lang=ko
s00000026367001,https://okonsen.net/onsen/nyuto_onsen_ganiba_en
s00000026367001,https://okonsen.net/onsen/nyuto_onsen_ganiba_en?lang=ko
s00000026367001,https://okonsen.net/onsen/nyuto_onsen_kuroyu_en
s00000026367001,https://okonsen.net/onsen/nyuto_onsen_kuroyu_en?lang=ko
s00000026367001,https://okonsen.net/onsen/nyuto_onsen_magoroku_en
s00000026367001,https://okonsen.net/onsen/nyuto_onsen_magoroku_en?lang=ko
s00000026367001,https://okonsen.net/onsen/nyuto_onsen_tae-no-yu_en
s00000026367001,https://okonsen.net/onsen/nyuto_onsen_tae-no-yu_en?lang=ko
s00000026367001,https://okonsen.net/onsen/nyuto_onsen_tae-no-yu_ko
s00000026367001,https://okonsen.net/onsen/nyuto_onsen_tae-no-yu_ko?lang=ko
s00000026367001,https://okonsen.net/onsen/nyuto_onsen_tsurunoyu_en
s00000026367001,https://okonsen.net/onsen/nyuto_onsen_tsurunoyu_en?lang=ko
s00000026367001,https://okonsen.net/onsen/nyuto_onsen_tsurunoyu_ko
s00000026367001,https://okonsen.net/onsen/nyuto_onsen_tsurunoyu_ko?lang=ko
s00000026367001,https://okonsen.net/onsen/takaragawa_onsen_ousenkaku_en
s00000026367001,https://okonsen.net/onsen/takaragawa_onsen_ousenkaku_en?lang=ko
s00000026367001,https://okonsen.net/onsen/takaragawa_onsen_ousenkaku_ko
s00000026367001,https://okonsen.net/onsen/takaragawa_onsen_ousenkaku_ko?lang=ko
s00000026367001,https://okonsen.net/onsen/the_prince_hakone_lake_ashinoko_en
s00000026367001,https://okonsen.net/onsen/the_prince_hakone_lake_ashinoko_en?lang=ko
s00000026367001,https://okonsen.net/onsen/yubatake_souan_en
s00000026367001,https://okonsen.net/onsen/yubatake_souan_en?lang=ko
s00000026367001,https://okonsen.net/onsen/yufuin_baien_ko
s00000026367001,https://okonsen.net/onsen/yufuin_baien_ko?lang=ko
s00000026367001,https://okonsen.net/onsen/yufuin_bettei_itsuki_en
s00000026367001,https://okonsen.net/onsen/yufuin_bettei_itsuki_en?lang=ko
s00000026367001,https://okonsen.net/onsen/yufuin_bettei_itsuki_ko
s00000026367001,https://okonsen.net/onsen/yufuin_bettei_itsuki_ko?lang=ko
s00000026367001,https://okonsen.net/onsen/yufuin_hotel_shumeikan_en
s00000026367001,https://okonsen.net/onsen/yufuin_hotel_shumeikan_en?lang=ko
s00000026367001,https://okonsen.net/onsen/yufuin_onsen_yufuin-so_en
s00000026367001,https://okonsen.net/onsen/yufuin_onsen_yufuin-so_en?lang=ko
s00000026367001,https://okonsen.net/onsen/yufuin_onsen_yufuin-so_ko
s00000026367001,https://okonsen.net/onsen/yufuin_onsen_yufuin-so_ko?lang=ko
s00000026367001,https://okonsen.net/onsen/yufuin_ryokan_seikoen_en
s00000026367001,https://okonsen.net/onsen/yufuin_ryokan_seikoen_en?lang=ko
s00000026367001,https://okonsen.net/onsen/yufuin_ryokan_seikoen_ko
s00000026367001,https://okonsen.net/onsen/yufuin_ryokan_seikoen_ko?lang=ko
s00000026367001,https://okonsen.net/onsen/yufuin_sansou_waremokou_ko
s00000026367001,https://okonsen.net/onsen/yufuin_sansou_waremokou_ko?lang=ko
s00000026367001,https://okramen.net/guide/Michelin_ramen_tokyo_en
s00000026367001,https://okramen.net/guide/Michelin_ramen_tokyo_en?lang=ko
s00000026367001,https://okramen.net/guide/Michelin_ramen_tokyo_ko
s00000026367001,https://okramen.net/guide/Michelin_ramen_tokyo_ko?lang=ko
s00000026367001,https://okramen.net/guide/abura_soba_guide_en
s00000026367001,https://okramen.net/guide/abura_soba_guide_en?lang=ko
s00000026367001,https://okramen.net/guide/abura_soba_guide_ko
s00000026367001,https://okramen.net/guide/abura_soba_guide_ko?lang=ko
s00000026367001,https://okramen.net/guide/asahikawa_oily_layer_en
s00000026367001,https://okramen.net/guide/asahikawa_oily_layer_en?lang=ko
s00000026367001,https://okramen.net/guide/asahikawa_oily_layer_ko
s00000026367001,https://okramen.net/guide/asahikawa_oily_layer_ko?lang=ko
s00000026367001,https://okramen.net/guide/best-instant-ramen-japan_en
s00000026367001,https://okramen.net/guide/best-instant-ramen-japan_en?lang=ko
s00000026367001,https://okramen.net/guide/best-instant-ramen-japan_ko
s00000026367001,https://okramen.net/guide/best-instant-ramen-japan_ko?lang=ko
s00000026367001,https://okramen.net/guide/chashu_styles_en
s00000026367001,https://okramen.net/guide/chashu_styles_en?lang=ko
s00000026367001,https://okramen.net/guide/chashu_styles_ko
s00000026367001,https://okramen.net/guide/chashu_styles_ko?lang=ko
s00000026367001,https://okramen.net/guide/cold_ramen_summer_en
s00000026367001,https://okramen.net/guide/cold_ramen_summer_en?lang=ko
s00000026367001,https://okramen.net/guide/cold_ramen_summer_ko
s00000026367001,https://okramen.net/guide/cold_ramen_summer_ko?lang=ko
s00000026367001,https://okramen.net/guide/essential_toppings_en
s00000026367001,https://okramen.net/guide/essential_toppings_en?lang=ko
s00000026367001,https://okramen.net/guide/essential_toppings_ko
s00000026367001,https://okramen.net/guide/essential_toppings_ko?lang=ko
s00000026367001,https://okramen.net/guide/guide_expand_001_en
s00000026367001,https://okramen.net/guide/guide_expand_001_en?lang=ko
s00000026367001,https://okramen.net/guide/guide_expand_001_ko
s00000026367001,https://okramen.net/guide/guide_expand_001_ko?lang=ko
s00000026367001,https://okramen.net/guide/guide_expand_003_en
s00000026367001,https://okramen.net/guide/guide_expand_003_en?lang=ko
s00000026367001,https://okramen.net/guide/guide_expand_003_ko
s00000026367001,https://okramen.net/guide/guide_expand_003_ko?lang=ko
s00000026367001,https://okramen.net/guide/guide_expand_004_en
s00000026367001,https://okramen.net/guide/guide_expand_004_en?lang=ko
s00000026367001,https://okramen.net/guide/guide_expand_004_ko
s00000026367001,https://okramen.net/guide/guide_expand_004_ko?lang=ko
s00000026367001,https://okramen.net/guide/guide_expand_005_en
s00000026367001,https://okramen.net/guide/guide_expand_005_en?lang=ko
s00000026367001,https://okramen.net/guide/guide_expand_005_ko
s00000026367001,https://okramen.net/guide/guide_expand_005_ko?lang=ko
s00000026367001,https://okramen.net/guide/guide_expand_006_en
s00000026367001,https://okramen.net/guide/guide_expand_006_en?lang=ko
s00000026367001,https://okramen.net/guide/guide_expand_006_ko
s00000026367001,https://okramen.net/guide/guide_expand_006_ko?lang=ko
s00000026367001,https://okramen.net/guide/guide_expand_007_en
s00000026367001,https://okramen.net/guide/guide_expand_007_en?lang=ko
s00000026367001,https://okramen.net/guide/guide_expand_007_ko
s00000026367001,https://okramen.net/guide/guide_expand_007_ko?lang=ko
s00000026367001,https://okramen.net/guide/guide_expand_008_en
s00000026367001,https://okramen.net/guide/guide_expand_008_en?lang=ko
s00000026367001,https://okramen.net/guide/guide_expand_008_ko
s00000026367001,https://okramen.net/guide/guide_expand_008_ko?lang=ko
s00000026367001,https://okramen.net/guide/guide_expand_009_en
s00000026367001,https://okramen.net/guide/guide_expand_009_en?lang=ko
s00000026367001,https://okramen.net/guide/guide_expand_009_ko
s00000026367001,https://okramen.net/guide/guide_expand_009_ko?lang=ko
s00000026367001,https://okramen.net/guide/guide_seed_001_en
s00000026367001,https://okramen.net/guide/guide_seed_001_en?lang=ko
s00000026367001,https://okramen.net/guide/guide_seed_001_ko
s00000026367001,https://okramen.net/guide/guide_seed_001_ko?lang=ko
s00000026367001,https://okramen.net/guide/guide_seed_003_en
s00000026367001,https://okramen.net/guide/guide_seed_003_en?lang=ko
s00000026367001,https://okramen.net/guide/guide_seed_003_ko
s00000026367001,https://okramen.net/guide/guide_seed_003_ko?lang=ko
s00000026367001,https://okramen.net/guide/hakata_thin_noodles_en
s00000026367001,https://okramen.net/guide/hakata_thin_noodles_en?lang=ko
s00000026367001,https://okramen.net/guide/hakata_thin_noodles_ko
s00000026367001,https://okramen.net/guide/hakata_thin_noodles_ko?lang=ko
s00000026367001,https://okramen.net/guide/hakodate_clear_shio_en
s00000026367001,https://okramen.net/guide/hakodate_clear_shio_en?lang=ko
s00000026367001,https://okramen.net/guide/hakodate_clear_shio_ko
s00000026367001,https://okramen.net/guide/hakodate_clear_shio_ko?lang=ko
s00000026367001,https://okramen.net/guide/halal-gluten-free-ramen_en
s00000026367001,https://okramen.net/guide/halal-gluten-free-ramen_en?lang=ko
s00000026367001,https://okramen.net/guide/halal-gluten-free-ramen_ko
s00000026367001,https://okramen.net/guide/halal-gluten-free-ramen_ko?lang=ko
s00000026367001,https://okramen.net/guide/healthy_ramen_tips_en
s00000026367001,https://okramen.net/guide/healthy_ramen_tips_en?lang=ko
s00000026367001,https://okramen.net/guide/healthy_ramen_tips_ko
s00000026367001,https://okramen.net/guide/healthy_ramen_tips_ko?lang=ko
s00000026367001,https://okramen.net/guide/history_of_ramen_en
s00000026367001,https://okramen.net/guide/history_of_ramen_en?lang=ko
s00000026367001,https://okramen.net/guide/history_of_ramen_ko
s00000026367001,https://okramen.net/guide/history_of_ramen_ko?lang=ko
s00000026367001,https://okramen.net/guide/hokkaido_miso_ramen_course_en
s00000026367001,https://okramen.net/guide/hokkaido_miso_ramen_course_en?lang=ko
s00000026367001,https://okramen.net/guide/hokkaido_miso_ramen_course_ko
s00000026367001,https://okramen.net/guide/hokkaido_miso_ramen_course_ko?lang=ko
s00000026367001,https://okramen.net/guide/how_to_order_en
s00000026367001,https://okramen.net/guide/how_to_order_en?lang=ko
s00000026367001,https://okramen.net/guide/how_to_order_ko
s00000026367001,https://okramen.net/guide/how_to_order_ko?lang=ko
s00000026367001,https://okramen.net/guide/instant_vs_shop_en
s00000026367001,https://okramen.net/guide/instant_vs_shop_en?lang=ko
s00000026367001,https://okramen.net/guide/instant_vs_shop_ko
s00000026367001,https://okramen.net/guide/instant_vs_shop_ko?lang=ko
s00000026367001,https://okramen.net/guide/jiro-style-customization-guide_en
s00000026367001,https://okramen.net/guide/jiro-style-customization-guide_en?lang=ko
s00000026367001,https://okramen.net/guide/jiro-style-customization-guide_ko
s00000026367001,https://okramen.net/guide/jiro-style-customization-guide_ko?lang=ko
s00000026367001,https://okramen.net/guide/kyoto_ramen_culture_en
s00000026367001,https://okramen.net/guide/kyoto_ramen_culture_en?lang=ko
s00000026367001,https://okramen.net/guide/kyoto_ramen_culture_ko
s00000026367001,https://okramen.net/guide/kyoto_ramen_culture_ko?lang=ko
s00000026367001,https://okramen.net/guide/late_night_culture_en
s00000026367001,https://okramen.net/guide/late_night_culture_en?lang=ko
s00000026367001,https://okramen.net/guide/late_night_culture_ko
s00000026367001,https://okramen.net/guide/late_night_culture_ko?lang=ko
s00000026367001,https://okramen.net/guide/mazesoba_trend_en
s00000026367001,https://okramen.net/guide/mazesoba_trend_en?lang=ko
s00000026367001,https://okramen.net/guide/mazesoba_trend_ko
s00000026367001,https://okramen.net/guide/mazesoba_trend_ko?lang=ko
s00000026367001,https://okramen.net/guide/miso_deep_dive_en
s00000026367001,https://okramen.net/guide/miso_deep_dive_en?lang=ko
s00000026367001,https://okramen.net/guide/miso_deep_dive_ko
s00000026367001,https://okramen.net/guide/miso_deep_dive_ko?lang=ko
s00000026367001,https://okramen.net/guide/nagasaki_champon_vs_ramen_en
s00000026367001,https://okramen.net/guide/nagasaki_champon_vs_ramen_en?lang=ko
s00000026367001,https://okramen.net/guide/nagasaki_champon_vs_ramen_ko
s00000026367001,https://okramen.net/guide/nagasaki_champon_vs_ramen_ko?lang=ko
s00000026367001,https://okramen.net/guide/osaka_kyoto_ramen_weekend_en
s00000026367001,https://okramen.net/guide/osaka_kyoto_ramen_weekend_en?lang=ko
s00000026367001,https://okramen.net/guide/osaka_kyoto_ramen_weekend_ko
s00000026367001,https://okramen.net/guide/osaka_kyoto_ramen_weekend_ko?lang=ko
s00000026367001,https://okramen.net/guide/ramen-queue-waiting-systems_en
s00000026367001,https://okramen.net/guide/ramen-queue-waiting-systems_en?lang=ko
s00000026367001,https://okramen.net/guide/ramen-queue-waiting-systems_ko
s00000026367001,https://okramen.net/guide/ramen-queue-waiting-systems_ko?lang=ko
s00000026367001,https://okramen.net/guide/ramen_after_drinking_en
s00000026367001,https://okramen.net/guide/ramen_after_drinking_en?lang=ko
s00000026367001,https://okramen.net/guide/ramen_after_drinking_ko
s00000026367001,https://okramen.net/guide/ramen_after_drinking_ko?lang=ko
s00000026367001,https://okramen.net/guide/ramen_and_drink_en
s00000026367001,https://okramen.net/guide/ramen_and_drink_en?lang=ko
s00000026367001,https://okramen.net/guide/ramen_and_drink_ko
s00000026367001,https://okramen.net/guide/ramen_and_drink_ko?lang=ko
s00000026367001,https://okramen.net/guide/ramen_and_green_tea_en
s00000026367001,https://okramen.net/guide/ramen_and_green_tea_en?lang=ko
s00000026367001,https://okramen.net/guide/ramen_and_green_tea_ko
s00000026367001,https://okramen.net/guide/ramen_and_green_tea_ko?lang=ko
s00000026367001,https://okramen.net/guide/ramen_and_ramyeon_difference_en
s00000026367001,https://okramen.net/guide/ramen_and_ramyeon_difference_en?lang=ko
s00000026367001,https://okramen.net/guide/ramen_and_ramyeon_difference_ko
s00000026367001,https://okramen.net/guide/ramen_and_ramyeon_difference_ko?lang=ko
s00000026367001,https://okramen.net/guide/ramen_and_rice_sets_en
s00000026367001,https://okramen.net/guide/ramen_and_rice_sets_en?lang=ko
s00000026367001,https://okramen.net/guide/ramen_and_rice_sets_ko
s00000026367001,https://okramen.net/guide/ramen_and_rice_sets_ko?lang=ko
s00000026367001,https://okramen.net/guide/ramen_and_sake_tasting_en
s00000026367001,https://okramen.net/guide/ramen_and_sake_tasting_en?lang=ko
s00000026367001,https://okramen.net/guide/ramen_and_sake_tasting_ko
s00000026367001,https://okramen.net/guide/ramen_and_sake_tasting_ko?lang=ko
s00000026367001,https://okramen.net/guide/ramen_and_umami_science_en
s00000026367001,https://okramen.net/guide/ramen_and_umami_science_en?lang=ko
s00000026367001,https://okramen.net/guide/ramen_and_umami_science_ko
s00000026367001,https://okramen.net/guide/ramen_and_umami_science_ko?lang=ko
s00000026367001,https://okramen.net/guide/ramen_art_photography_en
s00000026367001,https://okramen.net/guide/ramen_art_photography_en?lang=ko
s00000026367001,https://okramen.net/guide/ramen_art_photography_ko
s00000026367001,https://okramen.net/guide/ramen_art_photography_ko?lang=ko
s00000026367001,https://okramen.net/guide/ramen_broth_concentration_en
s00000026367001,https://okramen.net/guide/ramen_broth_concentration_en?lang=ko
s00000026367001,https://okramen.net/guide/ramen_broth_concentration_ko
s00000026367001,https://okramen.net/guide/ramen_broth_concentration_ko?lang=ko
s00000026367001,https://okramen.net/guide/ramen_chain_vs_independent_en
s00000026367001,https://okramen.net/guide/ramen_chain_vs_independent_en?lang=ko
s00000026367001,https://okramen.net/guide/ramen_chain_vs_independent_ko
s00000026367001,https://okramen.net/guide/ramen_chain_vs_independent_ko?lang=ko
s00000026367001,https://okramen.net/guide/ramen_chef_training_en
s00000026367001,https://okramen.net/guide/ramen_chef_training_en?lang=ko
s00000026367001,https://okramen.net/guide/ramen_chef_training_ko
s00000026367001,https://okramen.net/guide/ramen_chef_training_ko?lang=ko
s00000026367001,https://okramen.net/guide/ramen_etiquette_en
s00000026367001,https://okramen.net/guide/ramen_etiquette_en?lang=ko
s00000026367001,https://okramen.net/guide/ramen_etiquette_ko
s00000026367001,https://okramen.net/guide/ramen_etiquette_ko?lang=ko
s00000026367001,https://okramen.net/guide/ramen_for_athletes_en
s00000026367001,https://okramen.net/guide/ramen_for_athletes_en?lang=ko
s00000026367001,https://okramen.net/guide/ramen_for_athletes_ko
s00000026367001,https://okramen.net/guide/ramen_for_athletes_ko?lang=ko
s00000026367001,https://okramen.net/guide/ramen_for_breakfast_en
s00000026367001,https://okramen.net/guide/ramen_for_breakfast_en?lang=ko
s00000026367001,https://okramen.net/guide/ramen_for_breakfast_ko
s00000026367001,https://okramen.net/guide/ramen_for_breakfast_ko?lang=ko
s00000026367001,https://okramen.net/guide/ramen_jargon_en
s00000026367001,https://okramen.net/guide/ramen_jargon_en?lang=ko
s00000026367001,https://okramen.net/guide/ramen_jargon_ko
s00000026367001,https://okramen.net/guide/ramen_jargon_ko?lang=ko
s00000026367001,https://okramen.net/guide/ramen_noodle_disposal_manners_en
s00000026367001,https://okramen.net/guide/ramen_noodle_disposal_manners_en?lang=ko
s00000026367001,https://okramen.net/guide/ramen_noodle_disposal_manners_ko
s00000026367001,https://okramen.net/guide/ramen_noodle_disposal_manners_ko?lang=ko
s00000026367001,https://okramen.net/guide/ramen_noodle_firmness_en
s00000026367001,https://okramen.net/guide/ramen_noodle_firmness_en?lang=ko
s00000026367001,https://okramen.net/guide/ramen_noodle_firmness_ko
s00000026367001,https://okramen.net/guide/ramen_noodle_firmness_ko?lang=ko
s00000026367001,https://okramen.net/guide/ramen_noodle_length_en
s00000026367001,https://okramen.net/guide/ramen_noodle_length_en?lang=ko
s00000026367001,https://okramen.net/guide/ramen_noodle_length_ko
s00000026367001,https://okramen.net/guide/ramen_noodle_length_ko?lang=ko
s00000026367001,https://okramen.net/guide/ramen_noodle_science_en
s00000026367001,https://okramen.net/guide/ramen_noodle_science_en?lang=ko
s00000026367001,https://okramen.net/guide/ramen_noodle_science_ko
s00000026367001,https://okramen.net/guide/ramen_noodle_science_ko?lang=ko
s00000026367001,https://okramen.net/guide/ramen_noodle_yellow_color_en
s00000026367001,https://okramen.net/guide/ramen_noodle_yellow_color_en?lang=ko
s00000026367001,https://okramen.net/guide/ramen_noodle_yellow_color_ko
s00000026367001,https://okramen.net/guide/ramen_noodle_yellow_color_ko?lang=ko
s00000026367001,https://okramen.net/guide/ramen_prices_en
s00000026367001,https://okramen.net/guide/ramen_prices_en?lang=ko
s00000026367001,https://okramen.net/guide/ramen_prices_ko
s00000026367001,https://okramen.net/guide/ramen_prices_ko?lang=ko
s00000026367001,https://okramen.net/guide/ramen_ranking_sites_en
s00000026367001,https://okramen.net/guide/ramen_ranking_sites_en?lang=ko
s00000026367001,https://okramen.net/guide/ramen_ranking_sites_ko
s00000026367001,https://okramen.net/guide/ramen_ranking_sites_ko?lang=ko
s00000026367001,https://okramen.net/guide/ramen_shop_interior_styles_en
s00000026367001,https://okramen.net/guide/ramen_shop_interior_styles_en?lang=ko
s00000026367001,https://okramen.net/guide/ramen_shop_interior_styles_ko
s00000026367001,https://okramen.net/guide/ramen_shop_interior_styles_ko?lang=ko
s00000026367001,https://okramen.net/guide/ramen_shop_opening_hours_en
s00000026367001,https://okramen.net/guide/ramen_shop_opening_hours_en?lang=ko
s00000026367001,https://okramen.net/guide/ramen_shop_opening_hours_ko
s00000026367001,https://okramen.net/guide/ramen_shop_opening_hours_ko?lang=ko
s00000026367001,https://okramen.net/guide/ramen_soup_drinking_debate_en
s00000026367001,https://okramen.net/guide/ramen_soup_drinking_debate_en?lang=ko
s00000026367001,https://okramen.net/guide/ramen_soup_drinking_debate_ko
s00000026367001,https://okramen.net/guide/ramen_soup_drinking_debate_ko?lang=ko
s00000026367001,https://okramen.net/guide/ramen_souvenir_en
s00000026367001,https://okramen.net/guide/ramen_souvenir_en?lang=ko
s00000026367001,https://okramen.net/guide/ramen_souvenir_ko
s00000026367001,https://okramen.net/guide/ramen_souvenir_ko?lang=ko
s00000026367001,https://okramen.net/guide/ramen_spoons_and_utensils_en
s00000026367001,https://okramen.net/guide/ramen_spoons_and_utensils_en?lang=ko
s00000026367001,https://okramen.net/guide/ramen_spoons_and_utensils_ko
s00000026367001,https://okramen.net/guide/ramen_spoons_and_utensils_ko?lang=ko
s00000026367001,https://okramen.net/guide/ramen_toppings_en
s00000026367001,https://okramen.net/guide/ramen_toppings_en?lang=ko
s00000026367001,https://okramen.net/guide/ramen_toppings_ko
s00000026367001,https://okramen.net/guide/ramen_toppings_ko?lang=ko
s00000026367001,https://okramen.net/guide/ramen_vending_machine_culture_en
s00000026367001,https://okramen.net/guide/ramen_vending_machine_culture_en?lang=ko
s00000026367001,https://okramen.net/guide/ramen_vending_machine_culture_ko
s00000026367001,https://okramen.net/guide/ramen_vending_machine_culture_ko?lang=ko
s00000026367001,https://okramen.net/guide/ramen_vending_machine_restaurants_en
s00000026367001,https://okramen.net/guide/ramen_vending_machine_restaurants_en?lang=ko
s00000026367001,https://okramen.net/guide/ramen_vending_machine_restaurants_ko
s00000026367001,https://okramen.net/guide/ramen_vending_machine_restaurants_ko?lang=ko
s00000026367001,https://okramen.net/guide/ramen_water_quality_en
s00000026367001,https://okramen.net/guide/ramen_water_quality_en?lang=ko
s00000026367001,https://okramen.net/guide/ramen_water_quality_ko
s00000026367001,https://okramen.net/guide/ramen_water_quality_ko?lang=ko
s00000026367001,https://okramen.net/guide/regional_best_5_en
s00000026367001,https://okramen.net/guide/regional_best_5_en?lang=ko
s00000026367001,https://okramen.net/guide/regional_best_5_ko
s00000026367001,https://okramen.net/guide/regional_best_5_ko?lang=ko
s00000026367001,https://okramen.net/guide/regional_ramen_en
s00000026367001,https://okramen.net/guide/regional_ramen_en?lang=ko
s00000026367001,https://okramen.net/guide/regional_ramen_ko
s00000026367001,https://okramen.net/guide/regional_ramen_ko?lang=ko
s00000026367001,https://okramen.net/guide/sapporo_miso_legend_en
s00000026367001,https://okramen.net/guide/sapporo_miso_legend_en?lang=ko
s00000026367001,https://okramen.net/guide/sapporo_miso_legend_ko
s00000026367001,https://okramen.net/guide/sapporo_miso_legend_ko?lang=ko
s00000026367001,https://okramen.net/guide/seasonal_ramen_en
s00000026367001,https://okramen.net/guide/seasonal_ramen_en?lang=ko
s00000026367001,https://okramen.net/guide/seasonal_ramen_ko
s00000026367001,https://okramen.net/guide/seasonal_ramen_ko?lang=ko
s00000026367001,https://okramen.net/guide/shio_refinement_en
s00000026367001,https://okramen.net/guide/shio_refinement_en?lang=ko
s00000026367001,https://okramen.net/guide/shio_refinement_ko
s00000026367001,https://okramen.net/guide/shio_refinement_ko?lang=ko
s00000026367001,https://okramen.net/guide/shoyu_origins_en
s00000026367001,https://okramen.net/guide/shoyu_origins_en?lang=ko
s00000026367001,https://okramen.net/guide/shoyu_origins_ko
s00000026367001,https://okramen.net/guide/shoyu_origins_ko?lang=ko
s00000026367001,https://okramen.net/guide/solo_traveler_ramen_en
s00000026367001,https://okramen.net/guide/solo_traveler_ramen_en?lang=ko
s00000026367001,https://okramen.net/guide/solo_traveler_ramen_ko
s00000026367001,https://okramen.net/guide/solo_traveler_ramen_ko?lang=ko
s00000026367001,https://okramen.net/guide/tokushima_raw_egg_en
s00000026367001,https://okramen.net/guide/tokushima_raw_egg_en?lang=ko
s00000026367001,https://okramen.net/guide/tokushima_raw_egg_ko
s00000026367001,https://okramen.net/guide/tokushima_raw_egg_ko?lang=ko
s00000026367001,https://okramen.net/guide/tokyo_ramen_day_course_en
s00000026367001,https://okramen.net/guide/tokyo_ramen_day_course_en?lang=ko
s00000026367001,https://okramen.net/guide/tokyo_ramen_day_course_ko
s00000026367001,https://okramen.net/guide/tokyo_ramen_day_course_ko?lang=ko
s00000026367001,https://okramen.net/guide/tokyo_ramen_street_en
s00000026367001,https://okramen.net/guide/tokyo_ramen_street_en?lang=ko
s00000026367001,https://okramen.net/guide/tokyo_ramen_street_ko
s00000026367001,https://okramen.net/guide/tokyo_ramen_street_ko?lang=ko
s00000026367001,https://okramen.net/guide/tonkotsu_intensity_en
s00000026367001,https://okramen.net/guide/tonkotsu_intensity_en?lang=ko
s00000026367001,https://okramen.net/guide/tonkotsu_intensity_ko
s00000026367001,https://okramen.net/guide/tonkotsu_intensity_ko?lang=ko
s00000026367001,https://okramen.net/guide/top_5_convenience_store_ramen_en
s00000026367001,https://okramen.net/guide/top_5_convenience_store_ramen_en?lang=ko
s00000026367001,https://okramen.net/guide/top_5_convenience_store_ramen_ko
s00000026367001,https://okramen.net/guide/top_5_convenience_store_ramen_ko?lang=ko
s00000026367001,https://okramen.net/guide/tori_paitan_craze_en
s00000026367001,https://okramen.net/guide/tori_paitan_craze_en?lang=ko
s00000026367001,https://okramen.net/guide/tori_paitan_craze_ko
s00000026367001,https://okramen.net/guide/tori_paitan_craze_ko?lang=ko
s00000026367001,https://okramen.net/guide/tsukemen_art_en
s00000026367001,https://okramen.net/guide/tsukemen_art_en?lang=ko
s00000026367001,https://okramen.net/guide/tsukemen_art_ko
s00000026367001,https://okramen.net/guide/tsukemen_art_ko?lang=ko
s00000026367001,https://okramen.net/guide/types_of_ramen_en
s00000026367001,https://okramen.net/guide/types_of_ramen_en?lang=ko
s00000026367001,https://okramen.net/guide/types_of_ramen_ko
s00000026367001,https://okramen.net/guide/types_of_ramen_ko?lang=ko
s00000026367001,https://okramen.net/guide/vegan_ramen_japan_en
s00000026367001,https://okramen.net/guide/vegan_ramen_japan_en?lang=ko
s00000026367001,https://okramen.net/guide/vegan_ramen_japan_ko
s00000026367001,https://okramen.net/guide/vegan_ramen_japan_ko?lang=ko
s00000026367001,https://okramen.net/guide/yokohama_iekei_en
s00000026367001,https://okramen.net/guide/yokohama_iekei_en?lang=ko
s00000026367001,https://okramen.net/guide/yokohama_iekei_ko
s00000026367001,https://okramen.net/guide/yokohama_iekei_ko?lang=ko
s00000026367001,https://okramen.net/guide/yokohama_sanmamen_en
s00000026367001,https://okramen.net/guide/yokohama_sanmamen_en?lang=ko
s00000026367001,https://okramen.net/guide/yokohama_sanmamen_ko
s00000026367001,https://okramen.net/guide/yokohama_sanmamen_ko?lang=ko
s00000026367001,https://okramen.net/ramen/afuri_harajuku_en
s00000026367001,https://okramen.net/ramen/afuri_harajuku_en?lang=ko
s00000026367001,https://okramen.net/ramen/afuri_harajuku_ko
s00000026367001,https://okramen.net/ramen/afuri_harajuku_ko?lang=ko
s00000026367001,https://okramen.net/ramen/afuri_roppongi_en
s00000026367001,https://okramen.net/ramen/afuri_roppongi_en?lang=ko
s00000026367001,https://okramen.net/ramen/afuri_roppongi_ko
s00000026367001,https://okramen.net/ramen/afuri_roppongi_ko?lang=ko
s00000026367001,https://okramen.net/ramen/ago-dashi_shoyu_ramen_takahashi_shinjuku_en
s00000026367001,https://okramen.net/ramen/ago-dashi_shoyu_ramen_takahashi_shinjuku_en?lang=ko
s00000026367001,https://okramen.net/ramen/ago-dashi_shoyu_ramen_takahashi_shinjuku_ko
s00000026367001,https://okramen.net/ramen/ago-dashi_shoyu_ramen_takahashi_shinjuku_ko?lang=ko
s00000026367001,https://okramen.net/ramen/aji_no_sanpei_en
s00000026367001,https://okramen.net/ramen/aji_no_sanpei_en?lang=ko
s00000026367001,https://okramen.net/ramen/aji_no_sanpei_ko
s00000026367001,https://okramen.net/ramen/aji_no_sanpei_ko?lang=ko
s00000026367001,https://okramen.net/ramen/asahikawa_ramen_aoba_en
s00000026367001,https://okramen.net/ramen/asahikawa_ramen_aoba_en?lang=ko
s00000026367001,https://okramen.net/ramen/asahikawa_ramen_aoba_ko
s00000026367001,https://okramen.net/ramen/asahikawa_ramen_aoba_ko?lang=ko
s00000026367001,https://okramen.net/ramen/bankara_ramen_en
s00000026367001,https://okramen.net/ramen/bankara_ramen_en?lang=ko
s00000026367001,https://okramen.net/ramen/bankara_ramen_ko
s00000026367001,https://okramen.net/ramen/bankara_ramen_ko?lang=ko
s00000026367001,https://okramen.net/ramen/butayama_en
s00000026367001,https://okramen.net/ramen/butayama_en?lang=ko
s00000026367001,https://okramen.net/ramen/butayama_ko
s00000026367001,https://okramen.net/ramen/butayama_ko?lang=ko
s00000026367001,https://okramen.net/ramen/chuka_soba_ginza_hachigou_en
s00000026367001,https://okramen.net/ramen/chuka_soba_ginza_hachigou_en?lang=ko
s00000026367001,https://okramen.net/ramen/chuka_soba_ginza_hachigou_ko
s00000026367001,https://okramen.net/ramen/chuka_soba_ginza_hachigou_ko?lang=ko
s00000026367001,https://okramen.net/ramen/chuka_soba_tomita_en
s00000026367001,https://okramen.net/ramen/chuka_soba_tomita_en?lang=ko
s00000026367001,https://okramen.net/ramen/chuka_soba_tomita_ko
s00000026367001,https://okramen.net/ramen/chuka_soba_tomita_ko?lang=ko
s00000026367001,https://okramen.net/ramen/ebisoba_ichigen_en
s00000026367001,https://okramen.net/ramen/ebisoba_ichigen_en?lang=ko
s00000026367001,https://okramen.net/ramen/ebisoba_ichigen_ko
s00000026367001,https://okramen.net/ramen/ebisoba_ichigen_ko?lang=ko
s00000026367001,https://okramen.net/ramen/ebisoba_ichigen_shinjuku_en
s00000026367001,https://okramen.net/ramen/ebisoba_ichigen_shinjuku_en?lang=ko
s00000026367001,https://okramen.net/ramen/ebisoba_ichigen_shinjuku_ko
s00000026367001,https://okramen.net/ramen/ebisoba_ichigen_shinjuku_ko?lang=ko
s00000026367001,https://okramen.net/ramen/enishi_kyoto_en
s00000026367001,https://okramen.net/ramen/enishi_kyoto_en?lang=ko
s00000026367001,https://okramen.net/ramen/enishi_kyoto_ko
s00000026367001,https://okramen.net/ramen/enishi_kyoto_ko?lang=ko
s00000026367001,https://okramen.net/ramen/fuunji_shinjuku_en
s00000026367001,https://okramen.net/ramen/fuunji_shinjuku_en?lang=ko
s00000026367001,https://okramen.net/ramen/fuunji_shinjuku_ko
s00000026367001,https://okramen.net/ramen/fuunji_shinjuku_ko?lang=ko
s00000026367001,https://okramen.net/ramen/ganso_nagahamaya_en
s00000026367001,https://okramen.net/ramen/ganso_nagahamaya_en?lang=ko
s00000026367001,https://okramen.net/ramen/ganso_nagahamaya_ko
s00000026367001,https://okramen.net/ramen/ganso_nagahamaya_ko?lang=ko
s00000026367001,https://okramen.net/ramen/ganso_ramen_nagahama-ya_en
s00000026367001,https://okramen.net/ramen/ganso_ramen_nagahama-ya_en?lang=ko
s00000026367001,https://okramen.net/ramen/ganso_ramen_nagahama-ya_ko
s00000026367001,https://okramen.net/ramen/ganso_ramen_nagahama-ya_ko?lang=ko
s00000026367001,https://okramen.net/ramen/ganso_sapporo_ramen_yokocho_en
s00000026367001,https://okramen.net/ramen/ganso_sapporo_ramen_yokocho_en?lang=ko
s00000026367001,https://okramen.net/ramen/ganso_sapporo_ramen_yokocho_ko
s00000026367001,https://okramen.net/ramen/ganso_sapporo_ramen_yokocho_ko?lang=ko
s00000026367001,https://okramen.net/ramen/ginza_kagari_en
s00000026367001,https://okramen.net/ramen/ginza_kagari_en?lang=ko
s00000026367001,https://okramen.net/ramen/ginza_kagari_ko
s00000026367001,https://okramen.net/ramen/ginza_kagari_ko?lang=ko
s00000026367001,https://okramen.net/ramen/goryo_ramen_en
s00000026367001,https://okramen.net/ramen/goryo_ramen_en?lang=ko
s00000026367001,https://okramen.net/ramen/goryo_ramen_ko
s00000026367001,https://okramen.net/ramen/goryo_ramen_ko?lang=ko
s00000026367001,https://okramen.net/ramen/hakata_daruma_en
s00000026367001,https://okramen.net/ramen/hakata_daruma_en?lang=ko
s00000026367001,https://okramen.net/ramen/hakata_daruma_ko
s00000026367001,https://okramen.net/ramen/hakata_daruma_ko?lang=ko
s00000026367001,https://okramen.net/ramen/hakata_ikkousha_en
s00000026367001,https://okramen.net/ramen/hakata_ikkousha_en?lang=ko
s00000026367001,https://okramen.net/ramen/hakata_ikkousha_ko
s00000026367001,https://okramen.net/ramen/hakata_ikkousha_ko?lang=ko
s00000026367001,https://okramen.net/ramen/hakata_isshou_en
s00000026367001,https://okramen.net/ramen/hakata_isshou_en?lang=ko
s00000026367001,https://okramen.net/ramen/hakata_isshou_ko
s00000026367001,https://okramen.net/ramen/hakata_isshou_ko?lang=ko
s00000026367001,https://okramen.net/ramen/hakata_shinshin_tenjin_en
s00000026367001,https://okramen.net/ramen/hakata_shinshin_tenjin_en?lang=ko
s00000026367001,https://okramen.net/ramen/hakata_shinshin_tenjin_ko
s00000026367001,https://okramen.net/ramen/hakata_shinshin_tenjin_ko?lang=ko
s00000026367001,https://okramen.net/ramen/hakodate_ramen_ajisai_en
s00000026367001,https://okramen.net/ramen/hakodate_ramen_ajisai_en?lang=ko
s00000026367001,https://okramen.net/ramen/hakodate_ramen_ajisai_ko
s00000026367001,https://okramen.net/ramen/hakodate_ramen_ajisai_ko?lang=ko
s00000026367001,https://okramen.net/ramen/halal_ramen_honolu_ebisu_en
s00000026367001,https://okramen.net/ramen/halal_ramen_honolu_ebisu_en?lang=ko
s00000026367001,https://okramen.net/ramen/halal_ramen_honolu_ebisu_ko
s00000026367001,https://okramen.net/ramen/halal_ramen_honolu_ebisu_ko?lang=ko
s00000026367001,https://okramen.net/ramen/hanamaruken_en
s00000026367001,https://okramen.net/ramen/hanamaruken_en?lang=ko
s00000026367001,https://okramen.net/ramen/hanamaruken_ko
s00000026367001,https://okramen.net/ramen/hanamaruken_ko?lang=ko
s00000026367001,https://okramen.net/ramen/hirugao_tokyo_en
s00000026367001,https://okramen.net/ramen/hirugao_tokyo_en?lang=ko
s00000026367001,https://okramen.net/ramen/hirugao_tokyo_ko
s00000026367001,https://okramen.net/ramen/hirugao_tokyo_ko?lang=ko
s00000026367001,https://okramen.net/ramen/hokkai_ramen_en
s00000026367001,https://okramen.net/ramen/hokkai_ramen_en?lang=ko
s00000026367001,https://okramen.net/ramen/hokkai_ramen_ko
s00000026367001,https://okramen.net/ramen/hokkai_ramen_ko?lang=ko
s00000026367001,https://okramen.net/ramen/hokkaido_ramen_santouka_en
s00000026367001,https://okramen.net/ramen/hokkaido_ramen_santouka_en?lang=ko
s00000026367001,https://okramen.net/ramen/hokkaido_ramen_santouka_ko
s00000026367001,https://okramen.net/ramen/hokkaido_ramen_santouka_ko?lang=ko
s00000026367001,https://okramen.net/ramen/ichiraku_ramen_en
s00000026367001,https://okramen.net/ramen/ichiraku_ramen_en?lang=ko
s00000026367001,https://okramen.net/ramen/ichiraku_ramen_ko
s00000026367001,https://okramen.net/ramen/ichiraku_ramen_ko?lang=ko
s00000026367001,https://okramen.net/ramen/ichiran_shinjuku_en
s00000026367001,https://okramen.net/ramen/ichiran_shinjuku_en?lang=ko
s00000026367001,https://okramen.net/ramen/ichiran_shinjuku_ko
s00000026367001,https://okramen.net/ramen/ichiran_shinjuku_ko?lang=ko
s00000026367001,https://okramen.net/ramen/ide_shoten_en
s00000026367001,https://okramen.net/ramen/ide_shoten_en?lang=ko
s00000026367001,https://okramen.net/ramen/ide_shoten_ko
s00000026367001,https://okramen.net/ramen/ide_shoten_ko?lang=ko
s00000026367001,https://okramen.net/ramen/ikaruga_tokyo_en
s00000026367001,https://okramen.net/ramen/ikaruga_tokyo_en?lang=ko
s00000026367001,https://okramen.net/ramen/ikaruga_tokyo_ko
s00000026367001,https://okramen.net/ramen/ikaruga_tokyo_ko?lang=ko
s00000026367001,https://okramen.net/ramen/inoichi_hanare_en
s00000026367001,https://okramen.net/ramen/inoichi_hanare_en?lang=ko
s00000026367001,https://okramen.net/ramen/inoichi_hanare_ko
s00000026367001,https://okramen.net/ramen/inoichi_hanare_ko?lang=ko
s00000026367001,https://okramen.net/ramen/ippudo_daimyo_en
s00000026367001,https://okramen.net/ramen/ippudo_daimyo_en?lang=ko
s00000026367001,https://okramen.net/ramen/ippudo_daimyo_ko
s00000026367001,https://okramen.net/ramen/ippudo_daimyo_ko?lang=ko
s00000026367001,https://okramen.net/ramen/ippudo_ginza_en
s00000026367001,https://okramen.net/ramen/ippudo_ginza_en?lang=ko
s00000026367001,https://okramen.net/ramen/ippudo_ginza_ko
s00000026367001,https://okramen.net/ramen/ippudo_ginza_ko?lang=ko
s00000026367001,https://okramen.net/ramen/jinrui_mina_menrui_en
s00000026367001,https://okramen.net/ramen/jinrui_mina_menrui_en?lang=ko
s00000026367001,https://okramen.net/ramen/jinrui_mina_menrui_ko
s00000026367001,https://okramen.net/ramen/jinrui_mina_menrui_ko?lang=ko
s00000026367001,https://okramen.net/ramen/kadoya_shokudo_en
s00000026367001,https://okramen.net/ramen/kadoya_shokudo_en?lang=ko
s00000026367001,https://okramen.net/ramen/kadoya_shokudo_ko
s00000026367001,https://okramen.net/ramen/kadoya_shokudo_ko?lang=ko
s00000026367001,https://okramen.net/ramen/kikanbo_shinjuku_en
s00000026367001,https://okramen.net/ramen/kikanbo_shinjuku_en?lang=ko
s00000026367001,https://okramen.net/ramen/kikanbo_shinjuku_ko
s00000026367001,https://okramen.net/ramen/kikanbo_shinjuku_ko?lang=ko
s00000026367001,https://okramen.net/ramen/kitakata_ramen_bannai_en
s00000026367001,https://okramen.net/ramen/kitakata_ramen_bannai_en?lang=ko
s00000026367001,https://okramen.net/ramen/kitakata_ramen_bannai_ko
s00000026367001,https://okramen.net/ramen/kitakata_ramen_bannai_ko?lang=ko
s00000026367001,https://okramen.net/ramen/konjiki_hototogisu_en
s00000026367001,https://okramen.net/ramen/konjiki_hototogisu_en?lang=ko
s00000026367001,https://okramen.net/ramen/konjiki_hototogisu_ko
s00000026367001,https://okramen.net/ramen/konjiki_hototogisu_ko?lang=ko
s00000026367001,https://okramen.net/ramen/kumamoto_ramen_keika_en
s00000026367001,https://okramen.net/ramen/kumamoto_ramen_keika_en?lang=ko
s00000026367001,https://okramen.net/ramen/kumamoto_ramen_keika_ko
s00000026367001,https://okramen.net/ramen/kumamoto_ramen_keika_ko?lang=ko
s00000026367001,https://okramen.net/ramen/kurume_ramen_honda-shoten_en
s00000026367001,https://okramen.net/ramen/kurume_ramen_honda-shoten_en?lang=ko
s00000026367001,https://okramen.net/ramen/kurume_taiho_ramen_en
s00000026367001,https://okramen.net/ramen/kurume_taiho_ramen_en?lang=ko
s00000026367001,https://okramen.net/ramen/kurume_taiho_ramen_ko
s00000026367001,https://okramen.net/ramen/kurume_taiho_ramen_ko?lang=ko
s00000026367001,https://okramen.net/ramen/kyoto_gogyo_en
s00000026367001,https://okramen.net/ramen/kyoto_gogyo_en?lang=ko
s00000026367001,https://okramen.net/ramen/kyoto_gogyo_ko
s00000026367001,https://okramen.net/ramen/kyoto_gogyo_ko?lang=ko
s00000026367001,https://okramen.net/ramen/kyushu_jangara_akihabara_en
s00000026367001,https://okramen.net/ramen/kyushu_jangara_akihabara_en?lang=ko
s00000026367001,https://okramen.net/ramen/kyushu_jangara_akihabara_ko
s00000026367001,https://okramen.net/ramen/kyushu_jangara_akihabara_ko?lang=ko
s00000026367001,https://okramen.net/ramen/mennoya_en
s00000026367001,https://okramen.net/ramen/mennoya_en?lang=ko
s00000026367001,https://okramen.net/ramen/mennoya_ko
s00000026367001,https://okramen.net/ramen/mennoya_ko?lang=ko
s00000026367001,https://okramen.net/ramen/menya_7.5hz_umeda_en
s00000026367001,https://okramen.net/ramen/menya_7.5hz_umeda_en?lang=ko
s00000026367001,https://okramen.net/ramen/menya_7.5hz_umeda_ko
s00000026367001,https://okramen.net/ramen/menya_7.5hz_umeda_ko?lang=ko
s00000026367001,https://okramen.net/ramen/menya_inoichi_en
s00000026367001,https://okramen.net/ramen/menya_inoichi_en?lang=ko
s00000026367001,https://okramen.net/ramen/menya_inoichi_ko
s00000026367001,https://okramen.net/ramen/menya_inoichi_ko?lang=ko
s00000026367001,https://okramen.net/ramen/menya_itto_en
s00000026367001,https://okramen.net/ramen/menya_itto_en?lang=ko
s00000026367001,https://okramen.net/ramen/menya_itto_ko
s00000026367001,https://okramen.net/ramen/menya_itto_ko?lang=ko
s00000026367001,https://okramen.net/ramen/menya_musashi_bukotsu_en
s00000026367001,https://okramen.net/ramen/menya_musashi_bukotsu_en?lang=ko
s00000026367001,https://okramen.net/ramen/menya_musashi_bukotsu_ko
s00000026367001,https://okramen.net/ramen/menya_musashi_bukotsu_ko?lang=ko
s00000026367001,https://okramen.net/ramen/menya_musashi_shinjuku_en
s00000026367001,https://okramen.net/ramen/menya_musashi_shinjuku_en?lang=ko
s00000026367001,https://okramen.net/ramen/menya_musashi_shinjuku_ko
s00000026367001,https://okramen.net/ramen/menya_musashi_shinjuku_ko?lang=ko
s00000026367001,https://okramen.net/ramen/menya_saimi_en
s00000026367001,https://okramen.net/ramen/menya_saimi_en?lang=ko
s00000026367001,https://okramen.net/ramen/menya_saimi_ko
s00000026367001,https://okramen.net/ramen/menya_saimi_ko?lang=ko
s00000026367001,https://okramen.net/ramen/menya_shono_ichigaya_en
s00000026367001,https://okramen.net/ramen/menya_shono_ichigaya_en?lang=ko
s00000026367001,https://okramen.net/ramen/menya_shono_ichigaya_ko
s00000026367001,https://okramen.net/ramen/menya_shono_ichigaya_ko?lang=ko
s00000026367001,https://okramen.net/ramen/menya_takeichi_shinbashi_en
s00000026367001,https://okramen.net/ramen/menya_takeichi_shinbashi_en?lang=ko
s00000026367001,https://okramen.net/ramen/menya_takeichi_shinbashi_ko
s00000026367001,https://okramen.net/ramen/menya_takeichi_shinbashi_ko?lang=ko
s00000026367001,https://okramen.net/ramen/mouko_tanmen_nakamoto_en
s00000026367001,https://okramen.net/ramen/mouko_tanmen_nakamoto_en?lang=ko
s00000026367001,https://okramen.net/ramen/mouko_tanmen_nakamoto_ko
s00000026367001,https://okramen.net/ramen/mouko_tanmen_nakamoto_ko?lang=ko
s00000026367001,https://okramen.net/ramen/mutekiya_ikebukuro_en
s00000026367001,https://okramen.net/ramen/mutekiya_ikebukuro_en?lang=ko
s00000026367001,https://okramen.net/ramen/mutekiya_ikebukuro_ko
s00000026367001,https://okramen.net/ramen/mutekiya_ikebukuro_ko?lang=ko
s00000026367001,https://okramen.net/ramen/muteppou_kyoto_en
s00000026367001,https://okramen.net/ramen/muteppou_kyoto_en?lang=ko
s00000026367001,https://okramen.net/ramen/muteppou_kyoto_ko
s00000026367001,https://okramen.net/ramen/muteppou_kyoto_ko?lang=ko
s00000026367001,https://okramen.net/ramen/nagahama_no.1_en
s00000026367001,https://okramen.net/ramen/nagahama_no.1_en?lang=ko
s00000026367001,https://okramen.net/ramen/nagahama_no.1_ko
s00000026367001,https://okramen.net/ramen/nagahama_no.1_ko?lang=ko
s00000026367001,https://okramen.net/ramen/nakiryu_en
s00000026367001,https://okramen.net/ramen/nakiryu_en?lang=ko
s00000026367001,https://okramen.net/ramen/nakiryu_ko
s00000026367001,https://okramen.net/ramen/nakiryu_ko?lang=ko
s00000026367001,https://okramen.net/ramen/onomichi_ramen_shuyu_en
s00000026367001,https://okramen.net/ramen/onomichi_ramen_shuyu_en?lang=ko
s00000026367001,https://okramen.net/ramen/onomichi_ramen_shuyu_ko
s00000026367001,https://okramen.net/ramen/onomichi_ramen_shuyu_ko?lang=ko
s00000026367001,https://okramen.net/ramen/oreshiki_jun_en
s00000026367001,https://okramen.net/ramen/oreshiki_jun_en?lang=ko
s00000026367001,https://okramen.net/ramen/oreshiki_jun_ko
s00000026367001,https://okramen.net/ramen/oreshiki_jun_ko?lang=ko
s00000026367001,https://okramen.net/ramen/ramen_danbo_fukuoka_en
s00000026367001,https://okramen.net/ramen/ramen_danbo_fukuoka_en?lang=ko
s00000026367001,https://okramen.net/ramen/ramen_danbo_fukuoka_ko
s00000026367001,https://okramen.net/ramen/ramen_danbo_fukuoka_ko?lang=ko
s00000026367001,https://okramen.net/ramen/ramen_gantetsu_en
s00000026367001,https://okramen.net/ramen/ramen_gantetsu_en?lang=ko
s00000026367001,https://okramen.net/ramen/ramen_gantetsu_ko
s00000026367001,https://okramen.net/ramen/ramen_gantetsu_ko?lang=ko
s00000026367001,https://okramen.net/ramen/ramen_hayashida_shinjuku_en
s00000026367001,https://okramen.net/ramen/ramen_hayashida_shinjuku_en?lang=ko
s00000026367001,https://okramen.net/ramen/ramen_hayashida_shinjuku_ko
s00000026367001,https://okramen.net/ramen/ramen_hayashida_shinjuku_ko?lang=ko
s00000026367001,https://okramen.net/ramen/ramen_higuma_en
s00000026367001,https://okramen.net/ramen/ramen_higuma_en?lang=ko
s00000026367001,https://okramen.net/ramen/ramen_higuma_ko
s00000026367001,https://okramen.net/ramen/ramen_higuma_ko?lang=ko
s00000026367001,https://okramen.net/ramen/ramen_jiro_mita_en
s00000026367001,https://okramen.net/ramen/ramen_jiro_mita_en?lang=ko
s00000026367001,https://okramen.net/ramen/ramen_jiro_mita_ko
s00000026367001,https://okramen.net/ramen/ramen_jiro_mita_ko?lang=ko
s00000026367001,https://okramen.net/ramen/ramen_junk_story_tanimachi_en
s00000026367001,https://okramen.net/ramen/ramen_junk_story_tanimachi_en?lang=ko
s00000026367001,https://okramen.net/ramen/ramen_junk_story_tanimachi_ko
s00000026367001,https://okramen.net/ramen/ramen_junk_story_tanimachi_ko?lang=ko
s00000026367001,https://okramen.net/ramen/ramen_kairikiya_en
s00000026367001,https://okramen.net/ramen/ramen_kairikiya_en?lang=ko
s00000026367001,https://okramen.net/ramen/ramen_kairikiya_ko
s00000026367001,https://okramen.net/ramen/ramen_kairikiya_ko?lang=ko
s00000026367001,https://okramen.net/ramen/ramen_kuryu_en
s00000026367001,https://okramen.net/ramen/ramen_kuryu_en?lang=ko
s00000026367001,https://okramen.net/ramen/ramen_kuryu_ko
s00000026367001,https://okramen.net/ramen/ramen_kuryu_ko?lang=ko
s00000026367001,https://okramen.net/ramen/ramen_miyako_en
s00000026367001,https://okramen.net/ramen/ramen_miyako_en?lang=ko
s00000026367001,https://okramen.net/ramen/ramen_miyako_ko
s00000026367001,https://okramen.net/ramen/ramen_miyako_ko?lang=ko
s00000026367001,https://okramen.net/ramen/ramen_mugyu_karasuma_en
s00000026367001,https://okramen.net/ramen/ramen_mugyu_karasuma_en?lang=ko
s00000026367001,https://okramen.net/ramen/ramen_mugyu_karasuma_ko
s00000026367001,https://okramen.net/ramen/ramen_mugyu_karasuma_ko?lang=ko
s00000026367001,https://okramen.net/ramen/ramen_mutsumiya_en
s00000026367001,https://okramen.net/ramen/ramen_mutsumiya_en?lang=ko
s00000026367001,https://okramen.net/ramen/ramen_mutsumiya_ko
s00000026367001,https://okramen.net/ramen/ramen_mutsumiya_ko?lang=ko
s00000026367001,https://okramen.net/ramen/ramen_santouka_harajuku_en
s00000026367001,https://okramen.net/ramen/ramen_santouka_harajuku_en?lang=ko
s00000026367001,https://okramen.net/ramen/ramen_santouka_harajuku_ko
s00000026367001,https://okramen.net/ramen/ramen_santouka_harajuku_ko?lang=ko
s00000026367001,https://okramen.net/ramen/ramen_sapporo_akaboshi_en
s00000026367001,https://okramen.net/ramen/ramen_sapporo_akaboshi_en?lang=ko
s00000026367001,https://okramen.net/ramen/ramen_sapporo_akaboshi_ko
s00000026367001,https://okramen.net/ramen/ramen_sapporo_akaboshi_ko?lang=ko
s00000026367001,https://okramen.net/ramen/ramen_sapporo_ichiryu_en
s00000026367001,https://okramen.net/ramen/ramen_sapporo_ichiryu_en?lang=ko
s00000026367001,https://okramen.net/ramen/ramen_sapporo_ichiryu_ko
s00000026367001,https://okramen.net/ramen/ramen_sapporo_ichiryu_ko?lang=ko
s00000026367001,https://okramen.net/ramen/ramen_setagaya_en
s00000026367001,https://okramen.net/ramen/ramen_setagaya_en?lang=ko
s00000026367001,https://okramen.net/ramen/ramen_setagaya_ko
s00000026367001,https://okramen.net/ramen/ramen_setagaya_ko?lang=ko
s00000026367001,https://okramen.net/ramen/ramen_sharin_en
s00000026367001,https://okramen.net/ramen/ramen_sharin_en?lang=ko
s00000026367001,https://okramen.net/ramen/ramen_sharin_ko
s00000026367001,https://okramen.net/ramen/ramen_sharin_ko?lang=ko
s00000026367001,https://okramen.net/ramen/ramen_shingen_minami_6-jo_en
s00000026367001,https://okramen.net/ramen/ramen_shingen_minami_6-jo_en?lang=ko
s00000026367001,https://okramen.net/ramen/ramen_shingen_minami_6-jo_ko
s00000026367001,https://okramen.net/ramen/ramen_shingen_minami_6-jo_ko?lang=ko
s00000026367001,https://okramen.net/ramen/ramen_sora_en
s00000026367001,https://okramen.net/ramen/ramen_sora_en?lang=ko
s00000026367001,https://okramen.net/ramen/ramen_sora_ko
s00000026367001,https://okramen.net/ramen/ramen_sora_ko?lang=ko
s00000026367001,https://okramen.net/ramen/ramen_sora_sapporo_en
s00000026367001,https://okramen.net/ramen/ramen_sora_sapporo_en?lang=ko
s00000026367001,https://okramen.net/ramen/ramen_sora_sapporo_ko
s00000026367001,https://okramen.net/ramen/ramen_sora_sapporo_ko?lang=ko
s00000026367001,https://okramen.net/ramen/ramen_sugimoto_en
s00000026367001,https://okramen.net/ramen/ramen_sugimoto_en?lang=ko
s00000026367001,https://okramen.net/ramen/ramen_sugimoto_ko
s00000026367001,https://okramen.net/ramen/ramen_sugimoto_ko?lang=ko
s00000026367001,https://okramen.net/ramen/ramen_takahashi_ginza_en
s00000026367001,https://okramen.net/ramen/ramen_takahashi_ginza_en?lang=ko
s00000026367001,https://okramen.net/ramen/ramen_takahashi_ginza_ko
s00000026367001,https://okramen.net/ramen/ramen_takahashi_ginza_ko?lang=ko
s00000026367001,https://okramen.net/ramen/ramen_takahashi_shinjuku_en
s00000026367001,https://okramen.net/ramen/ramen_takahashi_shinjuku_en?lang=ko
s00000026367001,https://okramen.net/ramen/ramen_tatsunoya_en
s00000026367001,https://okramen.net/ramen/ramen_tatsunoya_en?lang=ko
s00000026367001,https://okramen.net/ramen/ramen_tatsunoya_ko
s00000026367001,https://okramen.net/ramen/ramen_tatsunoya_ko?lang=ko
s00000026367001,https://okramen.net/ramen/ramen_touhichi_en
s00000026367001,https://okramen.net/ramen/ramen_touhichi_en?lang=ko
s00000026367001,https://okramen.net/ramen/ramen_touhichi_ko
s00000026367001,https://okramen.net/ramen/ramen_touhichi_ko?lang=ko
s00000026367001,https://okramen.net/ramen/ramen_yashichi_en
s00000026367001,https://okramen.net/ramen/ramen_yashichi_en?lang=ko
s00000026367001,https://okramen.net/ramen/ramen_yashichi_ko
s00000026367001,https://okramen.net/ramen/ramen_yashichi_ko?lang=ko
s00000026367001,https://okramen.net/ramen/ramen_yoshiyama_shoten_en
s00000026367001,https://okramen.net/ramen/ramen_yoshiyama_shoten_en?lang=ko
s00000026367001,https://okramen.net/ramen/ramen_yoshiyama_shoten_ko
s00000026367001,https://okramen.net/ramen/ramen_yoshiyama_shoten_ko?lang=ko
s00000026367001,https://okramen.net/ramen/ramen_zen_fukuoka_en
s00000026367001,https://okramen.net/ramen/ramen_zen_fukuoka_en?lang=ko
s00000026367001,https://okramen.net/ramen/ramen_zen_fukuoka_ko
s00000026367001,https://okramen.net/ramen/ramen_zen_fukuoka_ko?lang=ko
s00000026367001,https://okramen.net/ramen/rokurinsha_haneda_en
s00000026367001,https://okramen.net/ramen/rokurinsha_haneda_en?lang=ko
s00000026367001,https://okramen.net/ramen/rokurinsha_haneda_ko
s00000026367001,https://okramen.net/ramen/rokurinsha_haneda_ko?lang=ko
s00000026367001,https://okramen.net/ramen/rokurinsha_tokyo_station_en
s00000026367001,https://okramen.net/ramen/rokurinsha_tokyo_station_en?lang=ko
s00000026367001,https://okramen.net/ramen/rokurinsha_tokyo_station_ko
s00000026367001,https://okramen.net/ramen/rokurinsha_tokyo_station_ko?lang=ko
s00000026367001,https://okramen.net/ramen/ryukishin_rize_en
s00000026367001,https://okramen.net/ramen/ryukishin_rize_en?lang=ko
s00000026367001,https://okramen.net/ramen/ryukishin_rize_ko
s00000026367001,https://okramen.net/ramen/ryukishin_rize_ko?lang=ko
s00000026367001,https://okramen.net/ramen/soranoiro_tokyo_en
s00000026367001,https://okramen.net/ramen/soranoiro_tokyo_en?lang=ko
s00000026367001,https://okramen.net/ramen/soranoiro_tokyo_ko
s00000026367001,https://okramen.net/ramen/soranoiro_tokyo_ko?lang=ko
s00000026367001,https://okramen.net/ramen/sumire_sapporo_en
s00000026367001,https://okramen.net/ramen/sumire_sapporo_en?lang=ko
s00000026367001,https://okramen.net/ramen/sumire_sapporo_ko
s00000026367001,https://okramen.net/ramen/sumire_sapporo_ko?lang=ko
s00000026367001,https://okramen.net/ramen/taiyou_no_tomatomen_en
s00000026367001,https://okramen.net/ramen/taiyou_no_tomatomen_en?lang=ko
s00000026367001,https://okramen.net/ramen/taiyou_no_tomatomen_ko
s00000026367001,https://okramen.net/ramen/taiyou_no_tomatomen_ko?lang=ko
s00000026367001,https://okramen.net/ramen/tenkaippin_main_shop_en
s00000026367001,https://okramen.net/ramen/tenkaippin_main_shop_en?lang=ko
s00000026367001,https://okramen.net/ramen/tenkaippin_main_shop_ko
s00000026367001,https://okramen.net/ramen/tenkaippin_main_shop_ko?lang=ko
s00000026367001,https://okramen.net/ramen/teshikaga_ramen_en
s00000026367001,https://okramen.net/ramen/teshikaga_ramen_en?lang=ko
s00000026367001,https://okramen.net/ramen/teshikaga_ramen_ko
s00000026367001,https://okramen.net/ramen/teshikaga_ramen_ko?lang=ko
s00000026367001,https://okramen.net/ramen/tsujita_tokyo_en
s00000026367001,https://okramen.net/ramen/tsujita_tokyo_en?lang=ko
s00000026367001,https://okramen.net/ramen/tsujita_tokyo_ko
s00000026367001,https://okramen.net/ramen/tsujita_tokyo_ko?lang=ko
s00000026367001,https://okramen.net/ramen/tsuta_en
s00000026367001,https://okramen.net/ramen/tsuta_en?lang=ko
s00000026367001,https://okramen.net/ramen/tsuta_ko
s00000026367001,https://okramen.net/ramen/tsuta_ko?lang=ko
s00000026367001,https://okramen.net/ramen/yoshimuraya_en
s00000026367001,https://okramen.net/ramen/yoshimuraya_en?lang=ko
s00000026367001,https://okramen.net/ramen/yoshimuraya_ko
s00000026367001,https://okramen.net/ramen/yoshimuraya_ko?lang=ko
s00000026367001,https://okramen.net/ramen/zundoya_osaka_en
s00000026367001,https://okramen.net/ramen/zundoya_osaka_en?lang=ko
s00000026367001,https://okramen.net/ramen/zundoya_osaka_ko
s00000026367001,https://okramen.net/ramen/zundoya_osaka_ko?lang=ko
